-- DB update 2020_07_22_02 -> 2020_07_22_03
DROP PROCEDURE IF EXISTS `updateDb`;
DELIMITER //
CREATE PROCEDURE updateDb ()
proc:BEGIN DECLARE OK VARCHAR(100) DEFAULT 'FALSE';
SELECT COUNT(*) INTO @COLEXISTS
FROM information_schema.COLUMNS
WHERE TABLE_SCHEMA = DATABASE() AND TABLE_NAME = 'version_db_sol_world' AND COLUMN_NAME = '2020_07_22_02';
IF @COLEXISTS = 0 THEN LEAVE proc; END IF;
START TRANSACTION;
ALTER TABLE version_db_sol_world CHANGE COLUMN 2020_07_22_02 2020_07_22_03 bit;
SELECT sql_rev INTO OK FROM version_db_sol_world WHERE sql_rev = '1595419121992310380'; IF OK <> 'FALSE' THEN LEAVE proc; END IF;
--
-- START UPDATING QUERIES
--

INSERT INTO `version_db_sol_world` (`sql_rev`) VALUES ('1595419121992310380');

-- Ancient Orc Ancestor, Darkened Spirit SAI
DELETE FROM `smart_scripts` WHERE `entryorguid` IN (18688,19480) AND `source_type` = 0;
DELETE FROM `smart_scripts` WHERE `entryorguid` = 1868800 AND `source_type` = 9;
INSERT INTO `smart_scripts` (`entryorguid`, `source_type`, `id`, `link`, `event_type`, `event_phase_mask`, `event_chance`, `event_flags`, `event_param1`, `event_param2`, `event_param3`, `event_param4`, `event_param5`, `action_type`, `action_param1`, `action_param2`, `action_param3`, `action_param4`, `action_param5`, `action_param6`, `target_type`, `target_param1`, `target_param2`, `target_param3`, `target_param4`, `target_x`, `target_y`, `target_z`, `target_o`, `comment`)
VALUES
(18688,0,0,0,11,0,100,0,0,0,0,0,0,48,1,0,0,0,0,0,1,0,0,0,0,0,0,0,0,'Ancient Orc Ancestor - On Respawn - Set Active On'),
(18688,0,1,0,8,0,100,1,34063,0,0,0,0,80,1868800,0,0,0,0,0,1,0,0,0,0,0,0,0,0,'Ancient Orc Ancestor - On Spellhit ''Soul Mirror'' - Call Timed Action List'),
(18688,0,2,0,6,0,100,0,0,0,0,0,0,41,1000,0,0,0,0,0,1,0,0,0,0,0,0,0,0,'Ancient Orc Ancestor - On Death - Despawn'),

(1868800,9,0,0,0,0,100,0,0,0,0,0,0,212,1,0,0,0,0,0,1,0,0,0,0,0,0,0,0,'Ancient Orc Ancestor - On Script - Stop Moving'),
(1868800,9,1,0,0,0,100,0,0,0,0,0,0,1,0,0,1,0,0,0,7,0,0,0,0,0,0,0,0,'Ancient Orc Ancestor - On Script - Say Line 0'),
(1868800,9,2,0,0,0,100,0,3000,3000,0,0,0,12,19480,3,120000,2,0,0,1,0,0,0,0,0,0,0,0,'Ancient Orc Ancestor - On Script - Summon ''Darkened Spirit'''),
(1868800,9,3,0,0,0,100,0,0,0,0,0,0,51,0,0,0,0,0,0,1,0,0,0,0,0,0,0,0,'Ancient Orc Ancestor - On Script - Kill Self'),

(19480,0,0,0,0,0,100,0,5000,7000,11000,15000,0,11,31293,0,0,0,0,0,2,0,0,0,0,0,0,0,0,'Darkened Spirit - In Combat - Cast ''Consuming Shadows'''),
(19480,0,1,2,54,0,100,0,0,0,0,0,0,1,0,0,0,0,0,0,1,0,0,0,0,0,0,0,0,'Darkened Spirit - On Just Summoned - Say Line 0'),
(19480,0,2,0,61,0,100,0,0,0,0,0,0,11,17321,0,0,0,0,0,1,0,0,0,0,0,0,0,0,'Darkened Spirit - Linked - Cast ''Spirit Spawn''');

-- Adjust creature texts for Ancient Orc Ancestor
DELETE FROM `creature_text` WHERE `CreatureID` = 18688;
INSERT INTO `creature_text` (`CreatureID`, `GroupID`, `ID`, `Text`, `Type`, `Language`, `Probability`, `Emote`, `Duration`, `Sound`, `BroadcastTextId`, `TextRange`, `comment`)
VALUES
(18688,0,0,'I remember everything...',12,0,100,0,0,0,15701,0,'Ancient Orc Ancestor'),
(18688,0,1,'It cannot be...',12,0,100,0,0,0,16839,0,'Ancient Orc Ancestor'),
(18688,0,2,'It comes for you...',12,0,100,0,0,0,16838,0,'Ancient Orc Ancestor'),
(18688,0,3,'The spirits call... I am consumed.',12,0,100,0,0,0,15704,0,'Ancient Orc Ancestor'),
(18688,0,4,'Cannot control... It draws me in... The void grows...',12,0,100,0,0,0,15710,0,'Ancient Orc Ancestor'),
(18688,0,5,'It is dying. It is dying. It is dying.',12,0,100,0,0,0,15707,0,'Ancient Orc Ancestor'),
(18688,0,6,'The cold embrace awaits...',12,0,100,0,0,0,16837,0,'Ancient Orc Ancestor'),
(18688,0,7,'The pain is unbearable.',12,0,100,0,0,0,15705,0,'Ancient Orc Ancestor'),
(18688,0,8,'What is happening to me?',12,0,100,0,0,0,29739,0,'Ancient Orc Ancestor'),
(18688,0,9,'What is this trickery? I... ARGH...',12,0,100,0,0,0,16840,0,'Ancient Orc Ancestor'),
(18688,0,10,'What will become of us when it falls?',12,0,100,0,0,0,15709,0,'Ancient Orc Ancestor');

-- Ancient Orc Ancestors are only visible if the quests "Material Components" or "Vision of the Dead" are completed
DELETE FROM `spell_area` WHERE `spell` = 32649;
INSERT INTO `spell_area` (`spell`, `area`, `quest_start`, `quest_end`, `aura_spell`, `racemask`, `gender`, `autocast`, `quest_start_status`, `quest_end_status`)
VALUES
(32649,3518,10045,0,0,0,2,1,64,11),
(32649,3518,10252,0,0,0,2,1,64,11),
(32649,3688,10045,0,0,0,2,1,64,11),
(32649,3688,10252,0,0,0,2,1,64,11);

-- Relocate Ancient Orc Ancestors and enable waypoint movement
DELETE FROM `creature` WHERE `guid` IN (
40703, 40476, 40475, 32072, 31833, 31807, 26564, 26559, 25100, 24794, 24761, 24670, 23111, 21776, 20556, 14985,
14984, 14983, 14982, 14981, 14980, 14979, 14978, 14977, 14343, 14342, 14341, 14340, 14339, 14338, 14337, 40716,
40725, 40727, 42893, 45204, 46570, 46819, 66946, 66947);
INSERT INTO `creature` (`guid`, `id`, `map`, `zoneId`, `areaId`, `spawnMask`, `phaseMask`, `modelid`, `equipment_id`, `position_x`, `position_y`, `position_z`, `orientation`, `spawntimesecs`, `wander_distance`, `currentwaypoint`, `curhealth`, `curmana`, `MovementType`, `npcflag`, `unit_flags`, `dynamicflags`, `VerifiedBuild`)
VALUES
(40703,18688,530,0,0,1,1,0,0,-2053.26,8155.3,-5.69245,3.01005,60,0,0,6326,0,2,0,0,0,0),
(40476,18688,530,0,0,1,1,0,0,-2297.12,7848.94,-30.4255,1.92025,60,0,0,6326,0,2,0,0,0,0),
(40475,18688,530,0,0,1,1,0,0,-2184.8,8029.08,-17.6373,2.41427,60,0,0,6542,0,2,0,0,0,0),
(32072,18688,530,0,0,1,1,0,0,-2203.79,8149.55,-25.1002,2.51794,60,0,0,6326,0,2,0,0,0,0),
(31833,18688,530,0,0,1,1,0,0,-2258.45,8221.08,-31.2193,2.9185,60,0,0,6326,0,2,0,0,0,0),
(31807,18688,530,0,0,1,1,0,0,-2336.11,8225.27,-35.7699,2.54936,60,0,0,6326,0,2,0,0,0,0),
(26564,18688,530,0,0,1,1,0,0,-2336.04,8288.74,-36.3567,2.91457,60,0,0,6326,0,2,0,0,0,0),
(26559,18688,530,0,0,1,1,0,0,-2350.53,8641.59,-15.5674,4.33614,60,0,0,6326,0,2,0,0,0,0),
(25100,18688,530,0,0,1,1,0,0,-2336.12,8477.34,-30.3842,4.01413,60,0,0,6326,0,2,0,0,0,0),
(24794,18688,530,0,0,1,1,0,0,-2256,8478.68,-24.6155,3.72008,60,0,0,6542,0,2,0,0,0,0),
(24761,18688,530,0,0,1,1,0,0,-2206.14,8306.9,-26.191,3.28627,60,0,0,6542,0,2,0,0,0,0),
(24670,18688,530,0,0,1,1,0,0,-2084.75,8286.22,-11.4935,3.19831,60,0,0,6542,0,2,0,0,0,0),
(23111,18688,530,0,0,1,1,0,0,-2106.82,8191.13,-15.5604,3.02552,60,0,0,6542,0,2,0,0,0,0),
(21776,18688,530,0,0,1,1,0,0,-1866.27,8098.74,-20.3459,6.13478,60,0,0,6542,0,2,0,0,0,0),
(20556,18688,530,0,0,1,1,0,0,-878.863,7881.25,38.6467,6.13478,60,0,0,6326,0,2,0,0,0,0),
(14985,18688,530,0,0,1,1,0,0,-886.413,7824.75,40.0754,6.13478,60,0,0,6542,0,2,0,0,0,0),
(14984,18688,530,0,0,1,1,0,0,-625.605,7785.77,80.742,1.5277,60,0,0,6326,0,2,0,0,0,0),
(14983,18688,530,0,0,1,1,0,0,-1059.54,7750.35,25.8758,6.13478,60,0,0,6326,0,2,0,0,0,0),
(14982,18688,530,0,0,1,1,0,0,-1040.87,7895.8,22.8202,6.13478,60,0,0,6326,0,2,0,0,0,0),
(14981,18688,530,0,0,1,1,0,0,-1579.32,8426.67,-9.33804,6.13478,60,0,0,6326,0,2,0,0,0,0),
(14980,18688,530,0,0,1,1,0,0,-1653.31,8494.49,-12.8156,6.13478,60,0,0,6542,0,2,0,0,0,0),
(14979,18688,530,0,0,1,1,0,0,-1541.97,8697.41,26.0591,3.2847,60,0,0,6326,0,2,0,0,0,0),
(14978,18688,530,0,0,1,1,0,0,-2218.21,8513.48,-17.1368,3.84753,60,0,0,6542,0,2,0,0,0,0),
(14977,18688,530,0,0,1,1,0,0,-2225.73,8586.74,-10.361,0.261799,60,0,0,6542,0,2,0,0,0,0),
(14343,18688,530,0,0,1,1,0,0,-1452.95,8533.52,12.8692,3.33358,60,0,0,6542,0,2,0,0,0,0),
(14342,18688,530,0,0,1,1,0,0,-2530.94,8629.31,-25.5884,4.80198,60,0,0,6326,0,2,0,0,0,0),
(14341,18688,530,0,0,1,1,0,0,-1637.01,8569.54,-12.3352,5.65003,60,0,0,6326,0,2,0,0,0,0),
(14340,18688,530,0,0,1,1,0,0,-2300.29,8571.08,-22.0957,3.86735,60,0,0,6326,0,2,0,0,0,0),
(14339,18688,530,0,0,1,1,0,0,-2407.95,8655.04,-19.7505,4.45405,60,0,0,6542,0,2,0,0,0,0),
(14338,18688,530,0,0,1,1,0,0,-1452.95,8533.52,12.8692,3.33358,60,0,0,6326,0,2,0,0,0,0),
(14337,18688,530,0,0,1,1,0,0,-2222.83,8588,-10.0882,0.261799,60,0,0,6326,0,2,0,0,0,0),
(40716,18688,530,0,0,1,1,0,0,-2061.52,8151.76,-7.43799,3.01005,60,0,0,6326,0,2,0,0,0,0),
(40725,18688,530,0,0,1,1,0,0,-2068.18,8148.96,-8.29655,3.01005,60,0,0,6326,0,2,0,0,0,0),
(40727,18688,530,0,0,1,1,0,0,-2072.97,8147.13,-8.763,3.01005,60,0,0,6326,0,2,0,0,0,0),
(42893,18688,530,0,0,1,1,0,0,-2077.16,8145.7,-9.10946,3.01005,60,0,0,6326,0,2,0,0,0,0),
(45204,18688,530,0,0,1,1,0,0,-2082.36,8144.42,-9.39566,3.01005,60,0,0,6326,0,2,0,0,0,0),
(46570,18688,530,0,0,1,1,0,0,-2622.32,7987.03,-48.9066,3.93488,60,0,0,6542,0,2,0,0,0,0),
(46819,18688,530,0,0,1,1,0,0,-2625.58,7982.9,-48.7626,3.93488,60,0,0,6326,0,2,0,0,0,0),
(66946,18688,530,0,0,1,1,0,0,-2220.07,8588.96,-9.77091,0.261799,60,0,0,6542,0,2,0,0,0,0),
(66947,18688,530,0,0,1,1,0,0,-2628.52,7978.82,-48.5205,0.261799,60,0,0,6542,0,2,0,0,0,0);

DELETE FROM `creature_template_addon` WHERE `entry` = 18688;
INSERT INTO `creature_template_addon` (`entry`, `path_id`, `mount`, `bytes1`, `bytes2`, `emote`, `isLarge`, `auras`)
VALUES
(18688,0,0,0,1,0,0,'32648');

DELETE FROM `creature_addon` WHERE `guid` IN (
14337, 14338, 14339, 14340, 14341, 14342, 14343, 14977, 14978, 14979, 14980, 14981, 14982, 14983, 14984, 14985,
20556, 21776, 23111, 24670, 24761, 24794, 25100, 26559, 26564, 31807, 31833, 32072, 40475, 40476, 40703, 40716,
40725, 40727, 42893, 45204, 46570, 46819, 66946, 66947);
INSERT INTO `creature_addon` (`guid`, `path_id`, `mount`, `bytes1`, `bytes2`, `emote`, `isLarge`, `auras`)
VALUES
(40703,452040,0,0,1,0,0,'32648'),
(40476,404760,0,0,1,0,0,'32648'),
(40475,404750,0,0,1,0,0,'32648'),
(32072,320720,0,0,1,0,0,'32648'),
(31833,318330,0,0,1,0,0,'32648'),
(31807,318070,0,0,1,0,0,'32648'),
(26564,265640,0,0,1,0,0,'32648'),
(26559,265590,0,0,1,0,0,'32648'),
(25100,251000,0,0,1,0,0,'32648'),
(24794,247940,0,0,1,0,0,'32648'),
(24761,247610,0,0,1,0,0,'32648'),
(24670,246700,0,0,1,0,0,'32648'),
(23111,231110,0,0,1,0,0,'32648'),
(14978,149780,0,0,1,0,0,'32648'),
(14977,149770,0,0,1,0,0,'32648'),
(14342,143420,0,0,1,0,0,'32648'),
(14340,143400,0,0,1,0,0,'32648'),
(14339,143390,0,0,1,0,0,'32648'),
(40716,452040,0,0,1,0,0,'32648'),
(40725,452040,0,0,1,0,0,'32648'),
(40727,452040,0,0,1,0,0,'32648'),
(42893,452040,0,0,1,0,0,'32648'),
(45204,452040,0,0,1,0,0,'32648'),
(14338,143380,0,0,1,0,0,'32648'),
(14343,143430,0,0,1,0,0,'32648'),
(14341,143410,0,0,1,0,0,'32648'),
(14979,149790,0,0,1,0,0,'32648'),
(14980,149800,0,0,1,0,0,'32648'),
(14981,149810,0,0,1,0,0,'32648'),
(14982,149820,0,0,1,0,0,'32648'),
(14983,149830,0,0,1,0,0,'32648'),
(14984,149840,0,0,1,0,0,'32648'),
(14985,149850,0,0,1,0,0,'32648'),
(20556,205560,0,0,1,0,0,'32648'),
(21776,217760,0,0,1,0,0,'32648'),
(14337,149770,0,0,1,0,0,'32648'),
(66946,149770,0,0,1,0,0,'32648'),
(46570,465700,0,0,1,0,0,'32648'),
(46819,465700,0,0,1,0,0,'32648'),
(66947,465700,0,0,1,0,0,'32648');

DELETE FROM `waypoint_data` WHERE `id` IN (
452040, 404760, 404750, 320720, 318330, 318070, 265640, 265590, 251000, 247940, 247610, 246700, 231110, 149780, 149770, 143420,
143400, 143390, 143380, 143430, 143410, 149790, 149800, 149810, 149820, 149830, 149840, 149850, 205560, 217760, 465700);
INSERT INTO `waypoint_data` (`id`, `point`, `position_x`, `position_y`, `position_z`, `orientation`, `delay`, `move_type`, `action`, `action_chance`, `wpguid`)
VALUES
(143390,1,-2407.95,8655.04,-19.7505,4.45405,0,0,0,100,0),
(143390,2,-2413.04,8633.92,-25.1324,4.45405,0,0,0,100,0),
(143390,3,-2421.09,8603.46,-26.7298,4.45405,0,0,0,100,0),
(143390,4,-2430.6,8575.63,-29.4027,4.381,0,0,0,100,0),
(143390,5,-2437.78,8552.97,-31.1736,4.45405,0,0,0,100,0),
(143390,6,-2444.38,8533.11,-30.9924,4.33231,0,0,0,100,0),
(143390,7,-2448.27,8523.36,-33.7466,4.33231,0,0,0,100,0),
(143390,8,-2453.47,8510.36,-34.1572,4.33231,0,0,0,100,0),
(143390,9,-2458.66,8497.35,-34.0185,4.33231,0,0,0,100,0),
(143390,10,-2462.55,8487.6,-36.7164,4.33231,0,0,0,100,0),
(143390,11,-2469.78,8465.87,-35.8689,4.45404,0,0,0,100,0),
(143390,12,-2474.9,8449.76,-36.479,4.32446,3000,0,1188,100,0),

(143400,1,-2300.29,8571.08,-22.0957,3.86735,0,0,0,100,0),
(143400,2,-2307.18,8565.63,-23.3747,3.86735,0,0,0,100,0),
(143400,3,-2323.42,8554.27,-25.1835,3.69849,0,0,0,100,0),
(143400,4,-2341.53,8541.17,-29.3958,3.83201,0,0,0,100,0),
(143400,5,-2358.69,8529.71,-29.4675,3.83201,0,0,0,100,0),
(143400,6,-2365.34,8522.38,-31.3395,4.06762,0,0,0,100,0),
(143400,7,-2375.63,8506.19,-30.7447,4.15009,0,0,0,100,0),
(143400,8,-2381.94,8488.06,-31.5676,4.37,0,0,0,100,0),
(143400,9,-2388.99,8470.31,-33.0737,4.30324,0,0,0,100,0),
(143400,10,-2401.01,8449.19,-35.7696,4.14224,0,0,0,100,0),
(143400,11,-2410.79,8433.93,-39.0449,4.14224,0,0,0,100,0),
(143400,12,-2423.53,8416.24,-37.8244,4.02443,0,0,0,100,0),
(143400,13,-2438.91,8397.78,-39.061,4.01265,3000,0,1188,100,0),

(143420,1,-2530.94,8629.31,-25.5884,4.80198,0,0,0,100,0),
(143420,2,-2530.28,8621.36,-26.2077,4.80198,0,0,0,100,0),
(143420,3,-2529.15,8604.47,-28.1857,4.77841,0,0,0,100,0),
(143420,4,-2528.22,8590.5,-29.769,4.77841,0,0,0,100,0),
(143420,5,-2527.07,8573.04,-29.9964,4.77841,0,0,0,100,0),
(143420,6,-2525.38,8555.63,-31.5614,4.83732,0,0,0,100,0),
(143420,7,-2523.27,8540.79,-32.4796,4.87266,0,0,0,100,0),
(143420,8,-2521.41,8529.25,-33.6232,4.87266,0,0,0,100,0),
(143420,9,-2518.41,8514.83,-36.519,4.94334,0,0,0,100,0),
(143420,10,-2514.23,8497.08,-37.413,4.94334,0,0,0,100,0),
(143420,11,-2511.41,8485.07,-35.6668,4.94334,0,0,0,100,0),
(143420,12,-2507.94,8465.34,-37.5257,4.82946,3000,0,1188,100,0),

(149770,1,-2225.73,8586.74,-10.361,0.261799,0,0,0,100,0),
(149770,2,-2230.86,8579.38,-11.4502,4.03619,0,0,0,100,0),
(149770,3,-2239.71,8567.45,-13.0879,4.07153,0,0,0,100,0),
(149770,4,-2248.5,8553.74,-15.3954,4.07939,0,0,0,100,0),
(149770,5,-2261.12,8533.93,-21.6073,4.05582,0,0,0,100,0),
(149770,6,-2270.2,8517.26,-24.1489,4.10059,0,0,0,100,0),
(149770,7,-2279.27,8499.49,-27.908,4.03069,0,0,0,100,0),
(149770,8,-2293,8485.29,-27.7969,3.90896,0,0,0,100,0),
(149770,9,-2313.97,8468.41,-30.5916,3.81471,0,0,0,100,0),
(149770,10,-2327.14,8456.77,-32.0345,3.88539,0,0,0,100,0),
(149770,11,-2342.04,8442.35,-34.5414,3.9443,0,0,0,100,0),
(149770,12,-2353.98,8430.83,-35.9558,3.86183,0,0,0,100,0),
(149770,13,-2365.67,8421.51,-36.6551,3.83042,0,0,0,100,0),
(149770,14,-2376.82,8411.01,-37.0926,3.86183,0,0,0,100,0),
(149770,15,-2387.63,8399.56,-39.9234,3.91681,0,0,0,100,0),
(149770,16,-2400.03,8389.21,-39.5322,3.82649,0,0,0,100,0),
(149770,17,-2410.54,8381.85,-39.0444,3.62621,0,0,0,100,0),
(149770,18,-2427.22,8372.09,-38.2585,3.67726,3000,0,1188,100,0),

(149780,1,-2218.21,8513.48,-17.1368,3.84753,0,0,0,100,0),
(149780,2,-2225.9,8506.7,-18.3157,3.84753,0,0,0,100,0),
(149780,3,-2241.69,8495.19,-21.2608,3.74543,0,0,0,100,0),
(149780,4,-2254.02,8485.29,-23.6365,3.85146,0,0,0,100,0),
(149780,5,-2266.7,8474.26,-26.624,3.90251,0,0,0,100,0),
(149780,6,-2282.53,8460.96,-29.9073,3.83575,0,0,0,100,0),
(149780,7,-2293.64,8450.78,-32.2739,3.89858,0,0,0,100,0),
(149780,8,-2312.77,8434.41,-34.4343,3.80041,0,0,0,100,0),
(149780,9,-2329,8420.96,-34.6316,3.83968,0,0,0,100,0),
(149780,10,-2342.3,8410.75,-36.3513,3.78863,0,0,0,100,0),
(149780,11,-2352.85,8402.78,-35.9703,3.78863,0,0,0,100,0),
(149780,12,-2368.62,8390.19,-37.4839,3.93471,0,0,0,100,0),
(149780,13,-2377.66,8381.81,-39.9896,3.86402,0,0,0,100,0),
(149780,14,-2388.56,8372.21,-40.392,3.86402,0,0,0,100,0),
(149780,15,-2398.68,8364.43,-39.9869,3.76978,0,0,0,100,0),
(149780,16,-2413.6,8353.59,-39.7226,3.76978,0,0,0,100,0),
(149780,17,-2422.74,8346.85,-40.09,3.78156,3000,0,1188,100,0),

(231110,1,-2106.82,8191.13,-15.5604,3.02552,0,0,0,100,0),
(231110,2,-2112.65,8192.04,-16.7948,3.02552,0,0,0,100,0),
(231110,3,-2121.32,8193.06,-18.1025,3.02552,0,0,0,100,0),
(231110,4,-2138.71,8195.08,-20.6668,3.02552,0,0,0,100,0),
(231110,5,-2152.45,8196.68,-23.1558,3.02552,0,0,0,100,0),
(231110,6,-2169.23,8199.54,-25.8568,2.91949,0,0,0,100,0),
(231110,7,-2186.44,8204.07,-28.6804,2.8763,0,0,0,100,0),
(231110,8,-2198.97,8208.21,-29.0413,2.78598,0,0,0,100,0),
(231110,9,-2210.4,8212.23,-28.0244,2.81346,0,0,0,100,0),
(231110,10,-2226.21,8218.56,-26.739,2.75063,0,0,0,100,0),
(231110,11,-2238.35,8223.76,-27.498,2.731,0,0,0,100,0),
(231110,12,-2251.97,8229.42,-29.0346,2.75849,0,0,0,100,0),
(231110,13,-2265.74,8235.78,-30.4832,2.6878,0,0,0,100,0),
(231110,14,-2282.11,8243.3,-30.8119,2.71529,0,0,0,100,0),
(231110,15,-2299.43,8248.93,-33.1635,2.85666,0,0,0,100,0),
(231110,16,-2314.23,8251.73,-36.0716,2.97447,0,0,0,100,0),
(231110,17,-2328.3,8254.83,-35.9723,2.91949,0,0,0,100,0),
(231110,18,-2347.02,8257.81,-38.1012,3.05694,0,0,0,100,0),
(231110,19,-2365.63,8259.31,-40.5246,3.06479,0,0,0,100,0),
(231110,20,-2384.29,8263.58,-39.357,2.77812,0,0,0,100,0),
(231110,21,-2405.55,8270.21,-37.7358,2.84881,3000,0,1188,100,0),

(246700,1,-2084.75,8286.22,-11.4935,3.19831,0,0,0,100,0),
(246700,2,-2091.1,8286.06,-12.3958,3.19831,0,0,0,100,0),
(246700,3,-2106.99,8288.47,-15.4028,2.90378,0,0,0,100,0),
(246700,4,-2119.97,8292.25,-18.4454,2.84881,0,0,0,100,0),
(246700,5,-2136.66,8296.48,-19.3693,2.8763,0,0,0,100,0),
(246700,6,-2154.37,8301.18,-20.9227,3.01767,0,0,0,100,0),
(246700,7,-2170.51,8301.82,-22.6604,3.1237,0,0,0,100,0),
(246700,8,-2189.94,8301.98,-24.2471,3.15511,0,0,0,100,0),
(246700,9,-2206.32,8302.08,-25.8035,3.12762,0,0,0,100,0),
(246700,10,-2221.69,8303.03,-26.126,3.09228,0,0,0,100,0),
(246700,11,-2234.13,8303.57,-28.4319,3.10799,0,0,0,100,0),
(246700,12,-2248.53,8303.48,-29.4753,3.1826,0,0,0,100,0),
(246700,13,-2262.85,8305.04,-29.8504,3.08914,0,0,0,100,0),
(246700,14,-2276.84,8305.46,-30.8176,3.14804,0,0,0,100,0),
(246700,15,-2290.82,8304.94,-32.4245,3.19909,0,0,0,100,0),
(246700,16,-2304.81,8304.44,-33.9312,3.14412,0,0,0,100,0),
(246700,17,-2322.31,8304.53,-36.2386,3.13234,0,0,0,100,0),
(246700,18,-2336.31,8304.66,-37.9441,3.13234,0,0,0,100,0),
(246700,19,-2352.01,8304.31,-37.699,3.18731,0,0,0,100,0),
(246700,20,-2365.59,8305.15,-40.1673,3.04594,0,0,0,100,0),
(246700,21,-2383.63,8306.82,-38.712,3.03023,0,0,0,100,0),
(246700,22,-2401.23,8308.73,-38.554,3.03416,0,0,0,100,0),
(246700,23,-2423.32,8310.51,-38.1534,3.08128,3000,0,1188,100,0),

(247610,1,-2206.14,8306.9,-26.191,3.28627,0,0,0,100,0),
(247610,2,-2212.08,8306.59,-26.1231,3.28627,0,0,0,100,0),
(247610,3,-2223.2,8304.77,-26.3483,3.31561,0,0,0,100,0),
(247610,4,-2236.38,8301.02,-28.5661,3.32346,0,0,0,100,0),
(247610,5,-2248.5,8299.47,-28.7971,3.27241,0,0,0,100,0),
(247610,6,-2266.04,8297.18,-29.6781,3.27634,0,0,0,100,0),
(247610,7,-2282.35,8295.87,-31.8415,3.18602,0,0,0,100,0),
(247610,8,-2297.05,8294.86,-33.8225,3.23707,0,0,0,100,0),
(247610,9,-2314.94,8295.12,-35.8822,3.0957,0,0,0,100,0),
(247610,10,-2326.35,8296.19,-37.6473,3.0525,0,0,0,100,0),
(247610,11,-2340.74,8297.08,-36.9042,3.09177,0,0,0,100,0),
(247610,12,-2359.08,8297.76,-39.7544,3.10748,0,0,0,100,0),
(247610,13,-2377.33,8298.04,-39.5022,3.10748,0,0,0,100,0),
(247610,14,-2394.15,8298.36,-39.518,3.12712,0,0,0,100,0),
(247610,15,-2425.05,8298.74,-39.8907,3.17817,3000,0,1188,100,0),

(247940,1,-2256,8478.68,-24.6155,3.72008,0,0,0,100,0),
(247940,2,-2261.14,8475.37,-25.8232,3.72008,0,0,0,100,0),
(247940,3,-2272.51,8467.21,-28.3968,3.80648,0,0,0,100,0),
(247940,4,-2285.8,8455.84,-30.6126,3.88109,0,0,0,100,0),
(247940,5,-2300.34,8442.98,-33.4702,3.91879,0,0,0,100,0),
(247940,6,-2312.62,8430.52,-35.257,3.95413,0,0,0,100,0),
(247940,7,-2324.73,8415.52,-35.6384,4.08765,0,0,0,100,0),
(247940,8,-2334.41,8400.94,-36.4277,4.15048,0,0,0,100,0),
(247940,9,-2343.83,8385.63,-38.5498,4.21331,0,0,0,100,0),
(247940,10,-2365.02,8369.27,-39.7285,3.66353,0,0,0,100,0),
(247940,11,-2378.88,8360.32,-40.392,3.69495,0,0,0,100,0),
(247940,12,-2391.93,8351.75,-38.8548,3.73029,0,0,0,100,0),
(247940,13,-2406.44,8339.74,-38.2314,3.84417,0,0,0,100,0),
(247940,14,-2422.92,8329.23,-37.6123,3.68317,3000,0,1188,100,0),

(251000,1,-2336.12,8477.34,-30.3842,4.01413,0,0,0,100,0),
(251000,2,-2349.93,8462.18,-33.0847,4.01413,0,0,0,100,0),
(251000,3,-2366.12,8445.55,-34.8728,3.94344,0,0,0,100,0),
(251000,4,-2373.97,8435.66,-37.0363,4.01648,0,0,0,100,0),
(251000,5,-2380.55,8426.95,-36.2271,4.08952,0,0,0,100,0),
(251000,6,-2390.7,8414.94,-39.51,3.8327,0,0,0,100,0),
(251000,7,-2401.49,8406.01,-40.1447,3.8327,0,0,0,100,0),
(251000,8,-2410.17,8396.76,-38.5437,4.05183,0,0,0,100,0),
(251000,9,-2425.49,8379.5,-38.4966,3.94344,3000,0,1188,100,0),

(265590,1,-2350.53,8641.59,-15.5674,4.33614,0,0,0,100,0),
(265590,2,-2352.89,8636.14,-16.3244,4.33614,0,0,0,100,0),
(265590,3,-2357.5,8623.99,-18.0005,4.36363,0,0,0,100,0),
(265590,4,-2362.76,8609.52,-19.8936,4.36363,0,0,0,100,0),
(265590,5,-2366.35,8599.65,-21.8037,4.36363,0,0,0,100,0),
(265590,6,-2369.94,8589.79,-23.7659,4.36363,0,0,0,100,0),
(265590,7,-2375.45,8576.94,-26.2606,4.24189,0,0,0,100,0),
(265590,8,-2381.59,8564.36,-28.3376,4.26938,0,0,0,100,0),
(265590,9,-2387.13,8551.14,-28.6318,4.33614,0,0,0,100,0),
(265590,10,-2392.13,8540.34,-28.5545,4.26546,0,0,0,100,0),
(265590,11,-2398.71,8527.99,-28.765,4.20262,0,0,0,100,0),
(265590,12,-2406.03,8511.94,-30.638,4.3165,0,0,0,100,0),
(265590,13,-2411.22,8498.94,-32.6872,4.33614,0,0,0,100,0),
(265590,14,-2417.87,8484,-34.7147,4.27724,0,0,0,100,0),
(265590,15,-2425.59,8468.94,-36.5487,4.23404,0,0,0,100,0),
(265590,16,-2433.41,8452.95,-38.3402,4.26153,0,0,0,100,0),
(265590,17,-2439.51,8440.35,-36.7726,4.26153,0,0,0,100,0),
(265590,18,-2451.02,8423.42,-37.3139,4.08482,3000,0,1188,100,0),

(265640,1,-2336.04,8288.74,-36.3567,2.91457,0,0,0,100,0),
(265640,2,-2342.21,8290.03,-36.0686,2.91457,0,0,0,100,0),
(265640,3,-2354.03,8291.55,-38.2599,3.02452,0,0,0,100,0),
(265640,4,-2375.94,8295.73,-39.9772,3.00096,0,0,0,100,0),
(265640,5,-2396.58,8299.53,-39.806,2.94598,0,0,0,100,0),
(265640,6,-2419.92,8304.59,-38.8306,2.92635,3000,0,1188,100,0),

(318070,1,-2336.11,8225.27,-35.7699,2.54936,0,0,0,100,0),
(318070,2,-2340.34,8228.06,-35.889,2.54936,0,0,0,100,0),
(318070,3,-2358.71,8238.23,-38.7513,2.72214,0,0,0,100,0),
(318070,4,-2369.57,8242.53,-40.8813,2.77712,0,0,0,100,0),
(318070,5,-2382.45,8246.73,-39.914,2.83995,0,0,0,100,0),
(318070,6,-2394.95,8250.99,-39.4445,2.84781,0,0,0,100,0),
(318070,7,-2419.48,8255.91,-38.5315,3.04416,3000,0,1188,100,0),

(318330,1,-2258.45,8221.08,-31.2193,2.9185,0,0,0,100,0),
(318330,2,-2264.59,8222.61,-30.8688,2.9185,0,0,0,100,0),
(318330,3,-2279.19,8226.34,-30.9118,2.88315,0,0,0,100,0),
(318330,4,-2294.29,8229.86,-32.502,2.93421,0,0,0,100,0),
(318330,5,-2302.79,8232.62,-33.6875,2.75749,0,0,0,100,0),
(318330,6,-2311.76,8236.52,-36.218,2.73393,0,0,0,100,0),
(318330,7,-2328.46,8243.79,-37.3536,2.76534,0,0,0,100,0),
(318330,8,-2346.61,8249.73,-38.4788,2.83996,0,0,0,100,0),
(318330,9,-2358.44,8255.57,-39.1873,2.65146,0,0,0,100,0),
(318330,10,-2372.51,8261.68,-40.7349,2.84388,0,0,0,100,0),
(318330,11,-2389.28,8266.69,-38.6213,2.85567,0,0,0,100,0),
(318330,12,-2405.67,8270.19,-37.7384,2.9774,3000,0,1188,100,0),

(320720,1,-2203.79,8149.55,-25.1002,2.51794,0,0,0,100,0),
(320720,2,-2210.85,8154.53,-26.8673,2.51794,0,0,0,100,0),
(320720,3,-2223.12,8161.02,-30.405,2.56507,0,0,0,100,0),
(320720,4,-2233,8167.85,-31.2388,2.52972,0,0,0,100,0),
(320720,5,-2243.01,8174.87,-33.5484,2.52972,0,0,0,100,0),
(320720,6,-2257.05,8184.72,-34.9053,2.52972,0,0,0,100,0),
(320720,7,-2270.59,8191.99,-36.1858,2.71037,0,0,0,100,0),
(320720,8,-2283.26,8197.29,-36.6298,2.7732,0,0,0,100,0),
(320720,9,-2296.8,8202.52,-36.0711,2.7732,0,0,0,100,0),
(320720,10,-2309.64,8207.47,-36.8004,2.7732,0,0,0,100,0),
(320720,11,-2320.94,8211.83,-36.1317,2.7732,0,0,0,100,0),
(320720,12,-2333.98,8216.87,-35.3284,2.7732,0,0,0,100,0),
(320720,13,-2348.95,8223.85,-35.9928,2.55172,0,0,0,100,0),
(320720,14,-2367.19,8235.63,-40.6976,2.54779,0,0,0,100,0),
(320720,15,-2381.4,8243.44,-40.6753,2.79912,0,0,0,100,0),
(320720,16,-2394.08,8247.13,-38.7973,2.88551,0,0,0,100,0),
(320720,17,-2415.85,8252.83,-38.9504,2.88551,3000,0,1188,100,0),

(404750,1,-2184.8,8029.08,-17.6373,2.41427,0,0,0,100,0),
(404750,2,-2189.89,8033.31,-18.7028,2.41427,0,0,0,100,0),
(404750,3,-2201.12,8043.03,-21.2763,2.44961,0,0,0,100,0),
(404750,4,-2210.96,8051.17,-23.9013,2.45354,0,0,0,100,0),
(404750,5,-2220.19,8059.87,-28.1386,2.44569,0,0,0,100,0),
(404750,6,-2228.35,8066.62,-31.2971,2.45354,0,0,0,100,0),
(404750,7,-2243.75,8073.69,-33.0466,2.51716,0,0,0,100,0),
(404750,8,-2256.64,8084.78,-34.8378,2.37579,0,0,0,100,0),
(404750,9,-2269.54,8096.88,-35.8722,2.40327,0,0,0,100,0),
(404750,10,-2274.08,8100.97,-34.4774,2.43076,0,0,0,100,0),
(404750,11,-2285.13,8110.73,-35.2784,2.4072,0,0,0,100,0),
(404750,12,-2293.23,8118.05,-36.6003,2.4072,0,0,0,100,0),
(404750,13,-2303.37,8127.19,-37.9431,2.4072,0,0,0,100,0),
(404750,14,-2313.27,8135.21,-37.7228,2.59099,0,0,0,100,0),
(404750,15,-2326.01,8147.27,-38.0687,2.33966,0,0,0,100,0),
(404750,16,-2337.12,8156.41,-38.4812,2.48888,0,0,0,100,0),
(404750,17,-2347.76,8168.32,-39.0334,2.2729,0,0,0,100,0),
(404750,18,-2358.32,8180.11,-38.6665,2.31217,0,0,0,100,0),
(404750,19,-2368.77,8189.27,-37.5052,2.45825,0,0,0,100,0),
(404750,20,-2384.14,8199.83,-40.8323,2.57999,0,0,0,100,0),
(404750,21,-2395.97,8207.08,-41.4856,2.5957,0,0,0,100,0),
(404750,22,-2404.42,8212.29,-39.4423,2.58784,0,0,0,100,0),
(404750,23,-2415.06,8217.57,-38.0044,2.65853,3000,0,1188,100,0),

(404760,1,-2297.12,7848.94,-30.4255,1.92025,0,0,0,100,0),
(404760,2,-2299.1,7855.22,-31.5119,1.92025,0,0,0,100,0),
(404760,3,-2304.97,7869.3,-33.6264,2.10404,0,0,0,100,0),
(404760,4,-2310.6,7885.7,-36.7148,1.89591,0,0,0,100,0),
(404760,5,-2315.58,7897.69,-36.2731,1.9823,0,0,0,100,0),
(404760,6,-2322.29,7913.85,-35.4619,1.97445,0,0,0,100,0),
(404760,7,-2324.87,7930.59,-36.2939,1.75846,0,0,0,100,0),
(404760,8,-2326.62,7941.83,-37.0868,1.9391,0,0,0,100,0),
(404760,9,-2332.33,7954.6,-38.5053,2.03335,0,0,0,100,0),
(404760,10,-2337.86,7965.23,-40.3403,2.06084,0,0,0,100,0),
(404760,11,-2342.11,7973.1,-41.8945,2.06869,0,0,0,100,0),
(404760,12,-2350.94,7987.8,-43.8866,2.11975,0,0,0,100,0),
(404760,13,-2360.01,8000.48,-44.3554,2.15509,0,0,0,100,0),
(404760,14,-2364.95,8009.58,-42.1108,2.02157,0,0,0,100,0),
(404760,15,-2371.6,8018.86,-42.377,2.26112,0,0,0,100,0),
(404760,16,-2377.15,8026.67,-43.9684,2.09618,0,0,0,100,0),
(404760,17,-2383.49,8038.39,-43.2112,2.05299,0,0,0,100,0),
(404760,18,-2389.7,8051.49,-44.9951,2.05691,0,0,0,100,0),
(404760,19,-2397.24,8065.66,-45.2933,2.06084,0,0,0,100,0),
(404760,20,-2400.62,8071.78,-43.7882,2.06477,0,0,0,100,0),
(404760,21,-2405.28,8080.43,-44.8051,2.06477,0,0,0,100,0),
(404760,22,-2414.09,8096.78,-42.7268,2.06477,0,0,0,100,0),
(404760,23,-2414.19,8107.76,-43.7943,1.56211,0,0,0,100,0),
(404760,24,-2416.34,8128.6,-41.3327,1.75846,0,0,0,100,0),
(404760,25,-2421.42,8140.34,-40.3193,1.97838,0,0,0,100,0),
(404760,26,-2426.74,8151.71,-40.4096,2.0255,0,0,0,100,0),
(404760,27,-2440.01,8173.9,-38.1841,2.08833,3000,0,1188,100,0),

(452040,1,-2082.11,8144.33,-9.38167,3.01005,0,0,0,100,0),
(452040,2,-2090.07,8144.3,-9.68601,3.01005,0,0,0,100,0),
(452040,3,-2104.75,8146.88,-11.5349,2.82469,0,0,0,100,0),
(452040,4,-2117.46,8150.49,-13.9854,2.82469,0,0,0,100,0),
(452040,5,-2132.37,8154.47,-16.5653,2.86396,0,0,0,100,0),
(452040,6,-2162.07,8159.93,-22.7686,2.8993,0,0,0,100,0),
(452040,7,-2181.45,8166.97,-24.183,2.86003,0,0,0,100,0),
(452040,8,-2198.64,8173.96,-25.4028,2.75008,0,0,0,100,0),
(452040,9,-2217.2,8192.97,-27.2827,2.62834,0,0,0,100,0),
(452040,10,-2228.8,8200.04,-28.4579,2.76422,0,0,0,100,0),
(452040,11,-2246.08,8207.95,-30.9994,2.73673,0,0,0,100,0),
(452040,12,-2258.95,8213.47,-31.4389,2.73673,0,0,0,100,0),
(452040,13,-2271.81,8218.98,-30.8967,2.73673,0,0,0,100,0),
(452040,14,-2287.73,8223.45,-32.2008,2.82705,0,0,0,100,0),
(452040,15,-2300.97,8228.01,-33.8134,2.80349,0,0,0,100,0),
(452040,16,-2312.92,8233.68,-36.2357,2.64641,0,0,0,100,0),
(452040,17,-2326.3,8240.15,-37.6111,2.70924,0,0,0,100,0),
(452040,18,-2342.98,8249.96,-38.1975,2.74458,0,0,0,100,0),
(452040,19,-2355.6,8256.92,-38.9036,2.61892,0,0,0,100,0),
(452040,20,-2366.56,8262.79,-40.5378,2.68175,0,0,0,100,0),
(452040,21,-2377.26,8267.13,-40.3544,2.80349,0,0,0,100,0),
(452040,22,-2390.06,8270.31,-38.3435,2.99591,0,0,0,100,0),
(452040,23,-2407.86,8275.86,-37.7765,2.8781,3000,0,1188,100,0),

(143380,1,-1452.95,8533.52,12.7858,0,0,0,0,100,0),
(143380,2,-1458.11,8529.51,12.1072,0,0,0,0,100,0),
(143380,3,-1463.48,8528,11.424,0,0,0,0,100,0),
(143380,4,-1468.31,8530.57,10.4794,0,0,0,0,100,0),
(143380,5,-1471.51,8535.16,8.87964,0,0,0,0,100,0),
(143380,6,-1474.75,8537.83,7.66044,0,0,0,0,100,0),
(143380,7,-1478.16,8539.01,8.37846,0,0,0,0,100,0),
(143380,8,-1484.57,8538.99,7.43664,0,0,0,0,100,0),
(143380,9,-1491.33,8539.03,7.26029,0,0,0,0,100,0),
(143380,10,-1500.39,8542.82,7.1846,0,0,0,0,100,0),
(143380,11,-1506.08,8545.79,7.1959,0,0,0,0,100,0),
(143380,12,-1510.97,8546.76,7.19384,0,0,0,0,100,0),
(143380,13,-1515.95,8544.1,6.77748,0,0,0,0,100,0),
(143380,14,-1517.57,8538.06,5.50656,0,0,0,0,100,0),
(143380,15,-1518.08,8529.91,3.51894,0,0,0,0,100,0),
(143380,16,-1519.66,8524.82,2.22356,0,0,0,0,100,0),
(143380,17,-1523.43,8520.85,1.29562,0,0,0,0,100,0),
(143380,18,-1530.13,8518.14,0.711018,0,0,0,0,100,0),
(143380,19,-1537.73,8515.17,0.286447,0,0,0,0,100,0),
(143380,20,-1544.89,8512.35,0.235523,0,0,0,0,100,0),
(143380,21,-1551.86,8508.11,-0.363781,0,0,0,0,100,0),
(143380,22,-1558.03,8503.5,-1.59194,0,0,0,0,100,0),
(143380,23,-1563.78,8499.12,-3.49108,0,0,0,0,100,0),
(143380,24,-1569.92,8494.66,-5.80309,0,0,0,0,100,0),
(143380,25,-1576.68,8489.87,-8.13243,0,0,0,0,100,0),
(143380,26,-1582.64,8485.99,-10.0124,0,0,0,0,100,0),
(143380,27,-1589.36,8482.24,-11.2597,0,0,0,0,100,0),
(143380,28,-1597.68,8478.01,-11.8501,0,0,0,0,100,0),
(143380,29,-1606.29,8473.59,-12.5576,0,0,0,0,100,0),
(143380,30,-1614.18,8469.29,-13.8786,0,0,0,0,100,0),
(143380,31,-1622.37,8464.79,-14.9519,0,0,0,0,100,0),
(143380,32,-1630,8460.76,-16.1296,0,0,0,0,100,0),
(143380,33,-1638.91,8456.4,-17.4579,0,0,0,0,100,0),
(143380,34,-1647.2,8452.35,-18.5282,0,0,0,0,100,0),
(143380,35,-1655.58,8448.24,-19.9708,0,0,0,0,100,0),
(143380,36,-1662.29,8444.96,-21.2508,0,0,0,0,100,0),
(143380,37,-1668.46,8441.64,-21.73,0,0,0,0,100,0),
(143380,38,-1674.47,8438.29,-21.4037,0,0,0,0,100,0),
(143380,39,-1681.48,8434.33,-21.4233,0,0,0,0,100,0),
(143380,40,-1688.8,8430.2,-21.422,0,0,0,0,100,0),
(143380,41,-1695.71,8426.3,-21.438,0,0,0,0,100,0),
(143380,42,-1701.1,8423.25,-21.8509,0,0,0,0,100,0),
(143380,43,-1708.81,8418.9,-21.4068,0,3000,0,1188,100,0),

(143430,1,-1452.95,8533.52,12.7858,0,0,0,0,100,0),
(143430,2,-1455.02,8528.56,12.3174,0,0,0,0,100,0),
(143430,3,-1455.46,8522.78,11.6966,0,0,0,0,100,0),
(143430,4,-1451.86,8519.41,10.995,0,0,0,0,100,0),
(143430,5,-1445.73,8517.2,9.64486,0,0,0,0,100,0),
(143430,6,-1439.11,8515.29,8.56389,0,0,0,0,100,0),
(143430,7,-1435.54,8511.9,7.76981,0,0,0,0,100,0),
(143430,8,-1436.39,8507.14,7.13265,0,0,0,0,100,0),
(143430,9,-1440.17,8502.31,6.65933,0,0,0,0,100,0),
(143430,10,-1446.7,8498.32,5.94355,0,0,0,0,100,0),
(143430,11,-1453.58,8495.86,4.99447,0,0,0,0,100,0),
(143430,12,-1462.89,8495.51,3.77249,0,0,0,0,100,0),
(143430,13,-1473.13,8497,2.43527,0,0,0,0,100,0),
(143430,14,-1483.99,8501.56,1.58522,0,0,0,0,100,0),
(143430,15,-1494.49,8506.09,1.07108,0,0,0,0,100,0),
(143430,16,-1504.39,8510.2,0.541666,0,0,0,0,100,0),
(143430,17,-1516.02,8513.65,0.240245,0,0,0,0,100,0),
(143430,18,-1527.93,8515.01,0.540794,0,0,0,0,100,0),
(143430,19,-1540.33,8514.2,0.228966,0,0,0,0,100,0),
(143430,20,-1548.91,8510.13,0.0283205,0,0,0,0,100,0),
(143430,21,-1557.78,8503.12,-1.59748,0,0,0,0,100,0),
(143430,22,-1566.4,8495.96,-4.75771,0,0,0,0,100,0),
(143430,23,-1574.32,8488.9,-7.94194,0,0,0,0,100,0),
(143430,24,-1582.99,8481.45,-10.7931,0,0,0,0,100,0),
(143430,25,-1591.24,8475.96,-11.4284,0,0,0,0,100,0),
(143430,26,-1602.19,8470.23,-12.1536,0,0,0,0,100,0),
(143430,27,-1613.21,8465.43,-14.0181,0,0,0,0,100,0),
(143430,28,-1624,8460.71,-15.6014,0,0,0,0,100,0),
(143430,29,-1635.44,8455.71,-17.1805,0,0,0,0,100,0),
(143430,30,-1647.09,8450.63,-18.468,0,0,0,0,100,0),
(143430,31,-1657.21,8446.11,-20.2674,0,0,0,0,100,0),
(143430,32,-1664.14,8442.24,-21.4214,0,0,0,0,100,0),
(143430,33,-1671.79,8437.53,-21.4162,0,0,0,0,100,0),
(143430,34,-1678.97,8433.17,-21.4251,0,0,0,0,100,0),
(143430,35,-1686.66,8428.51,-21.4257,0,0,0,0,100,0),
(143430,36,-1695.13,8423.37,-21.4306,0,0,0,0,100,0),
(143430,37,-1706.9,8416.23,-21.4032,0,3000,0,1188,100,0),

(143410,1,-1637.01,8569.54,-12.3347,0,0,0,0,100,0),
(143410,2,-1631.24,8558.44,-12.206,0,0,0,0,100,0),
(143410,3,-1626.73,8548.95,-13.0609,0,0,0,0,100,0),
(143410,4,-1620.16,8534.64,-13.3887,0,0,0,0,100,0),
(143410,5,-1612.77,8518.39,-13.394,0,0,0,0,100,0),
(143410,6,-1605.9,8503.31,-13.3636,0,0,0,0,100,0),
(143410,7,-1601.71,8491.74,-12.953,0,0,0,0,100,0),
(143410,8,-1600.83,8481.79,-12.2912,0,0,0,0,100,0),
(143410,9,-1604.72,8475.12,-12.2984,0,0,0,0,100,0),
(143410,10,-1612.72,8469.75,-13.6854,0,0,0,0,100,0),
(143410,11,-1625.56,8464.79,-15.1712,0,0,0,0,100,0),
(143410,12,-1636.73,8460.68,-16.7634,0,0,0,0,100,0),
(143410,13,-1649.87,8456.18,-18.9439,0,0,0,0,100,0),
(143410,14,-1659.86,8451.97,-20.5111,0,0,0,0,100,0),
(143410,15,-1669.28,8446.83,-21.4158,0,0,0,0,100,0),
(143410,16,-1676.6,8442.26,-21.4057,0,0,0,0,100,0),
(143410,17,-1684.07,8437.93,-21.422,0,0,0,0,100,0),
(143410,18,-1691.58,8433.22,-21.4201,0,0,0,0,100,0),
(143410,19,-1699,8428.36,-21.4275,0,0,0,0,100,0),
(143410,20,-1710.03,8421.15,-21.4041,0,3000,0,1188,100,0),

(149790,1,-1541.97,8697.41,26.0591,0,0,0,0,100,0),
(149790,2,-1546.74,8691.98,26.0911,0,0,0,0,100,0),
(149790,3,-1550.93,8686.67,25.0563,0,0,0,0,100,0),
(149790,4,-1555.26,8681.47,23.0315,0,0,0,0,100,0),
(149790,5,-1558.63,8676.58,20.5559,0,0,0,0,100,0),
(149790,6,-1561.86,8671.45,18.4903,0,0,0,0,100,0),
(149790,7,-1565.29,8666.16,16.7075,0,0,0,0,100,0),
(149790,8,-1569.2,8660.5,14.7055,0,0,0,0,100,0),
(149790,9,-1572.64,8655.09,12.9426,0,0,0,0,100,0),
(149790,10,-1575.08,8649.28,11.1791,0,0,0,0,100,0),
(149790,11,-1577.26,8643.36,9.24353,0,0,0,0,100,0),
(149790,12,-1579.16,8638.34,6.86868,0,0,0,0,100,0),
(149790,13,-1580.94,8633.79,4.32249,0,0,0,0,100,0),
(149790,14,-1582.93,8629.56,1.74102,0,0,0,0,100,0),
(149790,15,-1585.42,8625.62,-0.212002,0,0,0,0,100,0),
(149790,16,-1588.78,8621.43,-2.29007,0,0,0,0,100,0),
(149790,17,-1592.92,8616.83,-3.65623,0,0,0,0,100,0),
(149790,18,-1597.23,8612.25,-4.86992,0,0,0,0,100,0),
(149790,19,-1601.82,8607.43,-6.14299,0,0,0,0,100,0),
(149790,20,-1606.13,8602.83,-7.0002,0,0,0,0,100,0),
(149790,21,-1610.87,8597.69,-7.79568,0,0,0,0,100,0),
(149790,22,-1615.77,8592.85,-8.50302,0,0,0,0,100,0),
(149790,23,-1620.68,8588.03,-8.89755,0,0,0,0,100,0),
(149790,24,-1625.91,8583.2,-9.78466,0,0,0,0,100,0),
(149790,25,-1631.65,8578.63,-11.4226,0,0,0,0,100,0),
(149790,26,-1637.24,8574.61,-12.444,0,0,0,0,100,0),
(149790,27,-1643.34,8570.72,-12.9621,0,0,0,0,100,0),
(149790,28,-1649.57,8566.82,-13.9614,0,0,0,0,100,0),
(149790,29,-1655.85,8563.47,-15.8921,0,0,0,0,100,0),
(149790,30,-1663.15,8560.38,-16.967,0,0,0,0,100,0),
(149790,31,-1670.32,8557.59,-17.8781,0,0,0,0,100,0),
(149790,32,-1677.2,8555,-19.694,0,0,0,0,100,0),
(149790,33,-1688.7,8551.12,-22.3132,0,3000,0,1188,100,0),

(149800,1,-1653.31,8494.49,-12.8136,0,0,0,0,100,0),
(149800,2,-1643.3,8490.3,-13.1502,0,0,0,0,100,0),
(149800,3,-1634.93,8486.78,-13.4255,0,0,0,0,100,0),
(149800,4,-1626.46,8481.62,-13.4302,0,0,0,0,100,0),
(149800,5,-1620.29,8477.42,-13.2129,0,0,0,0,100,0),
(149800,6,-1618.52,8474.12,-13.3831,0,0,0,0,100,0),
(149800,7,-1620.06,8470.23,-14.0443,0,0,0,0,100,0),
(149800,8,-1623.23,8467.32,-14.6301,0,0,0,0,100,0),
(149800,9,-1628.04,8464.7,-15.3526,0,0,0,0,100,0),
(149800,10,-1637.39,8460.19,-16.8851,0,0,0,0,100,0),
(149800,11,-1649.42,8454.27,-18.9056,0,0,0,0,100,0),
(149800,12,-1658.41,8449.33,-20.4068,0,0,0,0,100,0),
(149800,13,-1666.41,8444.74,-21.4249,0,0,0,0,100,0),
(149800,14,-1675.85,8439.4,-21.3992,0,0,0,0,100,0),
(149800,15,-1684.6,8434.25,-21.5212,0,0,0,0,100,0),
(149800,16,-1691.33,8430.26,-21.4138,0,0,0,0,100,0),
(149800,17,-1699.46,8425.45,-21.4468,0,0,0,0,100,0),
(149800,18,-1708.93,8419.92,-21.3994,0,3000,0,1188,100,0),

(149810,1,-1579.32,8426.67,-9.33686,0,0,0,0,100,0),
(149810,2,-1582.97,8434.63,-10.0899,0,0,0,0,100,0),
(149810,3,-1587.53,8442.9,-10.2857,0,0,0,0,100,0),
(149810,4,-1593.08,8451.4,-9.95787,0,0,0,0,100,0),
(149810,5,-1599.18,8456.36,-11.2836,0,0,0,0,100,0),
(149810,6,-1607.45,8456.87,-13.3315,0,0,0,0,100,0),
(149810,7,-1618.48,8455.87,-15.345,0,0,0,0,100,0),
(149810,8,-1629.21,8454.21,-16.7372,0,0,0,0,100,0),
(149810,9,-1639.88,8451.77,-17.5676,0,0,0,0,100,0),
(149810,10,-1650.61,8448.18,-18.9499,0,0,0,0,100,0),
(149810,11,-1660.94,8443.3,-21.008,0,0,0,0,100,0),
(149810,12,-1669.49,8438.06,-21.5903,0,0,0,0,100,0),
(149810,13,-1679.03,8431.98,-21.406,0,0,0,0,100,0),
(149810,14,-1686.66,8427.25,-21.406,0,0,0,0,100,0),
(149810,15,-1695.36,8422.03,-21.41,0,0,0,0,100,0),
(149810,16,-1706.59,8415.37,-21.398,0,3000,0,1188,100,0),

(149820,1,-1040.87,7895.8,22.8203,0,0,0,0,100,0),
(149820,2,-1053.49,7899.19,21.138,0,0,0,0,100,0),
(149820,3,-1067.8,7903.03,19.1379,0,0,0,0,100,0),
(149820,4,-1081.2,7906.63,18.064,0,0,0,0,100,0),
(149820,5,-1089.32,7908.81,18.0449,0,0,0,0,100,0),
(149820,6,-1098.67,7911.32,16.7773,0,0,0,0,100,0),
(149820,7,-1108.37,7913.92,16.012,0,0,0,0,100,0),
(149820,8,-1117.72,7916.43,14.8149,0,0,0,0,100,0),
(149820,9,-1128.31,7919.28,14.9813,0,0,0,0,100,0),
(149820,10,-1136.65,7921.51,14.8084,0,0,0,0,100,0),
(149820,11,-1148.26,7924.63,12.4826,0,0,0,0,100,0),
(149820,12,-1159.3,7927.59,11.1323,0,0,0,0,100,0),
(149820,13,-1169.96,7930.6,10.4136,0,0,0,0,100,0),
(149820,14,-1178.61,7934.67,9.36606,0,3000,0,1188,100,0),

(149830,1,-1059.54,7750.35,25.8758,0,0,0,0,100,0),
(149830,2,-1070.7,7754.47,24.2535,0,0,0,0,100,0),
(149830,3,-1085.86,7759.53,21.6446,0,0,0,0,100,0),
(149830,4,-1098.45,7763.44,20.106,0,0,0,0,100,0),
(149830,5,-1110.04,7767.05,18.1646,0,0,0,0,100,0),
(149830,6,-1119.84,7770.1,16.2989,0,0,0,0,100,0),
(149830,7,-1130.27,7772.04,13.8006,0,0,0,0,100,0),
(149830,8,-1137.38,7772.25,13.0119,0,0,0,0,100,0),
(149830,9,-1147.32,7774.19,13.3731,0,0,0,0,100,0),
(149830,10,-1155.74,7776.57,13.3133,0,0,0,0,100,0),
(149830,11,-1166.14,7779.64,13.4692,0,0,0,0,100,0),
(149830,12,-1176.32,7783.38,12.4353,0,0,0,0,100,0),
(149830,13,-1184.53,7786.4,12.1283,0,0,0,0,100,0),
(149830,14,-1195.36,7790.44,8.24217,0,0,0,0,100,0),
(149830,15,-1205.89,7794.26,5.32567,0,0,0,0,100,0),
(149830,16,-1216.63,7798.17,5.02376,0,0,0,0,100,0),
(149830,17,-1225.22,7801.49,4.58151,0,0,0,0,100,0),
(149830,18,-1235.38,7806.19,2.43398,0,0,0,0,100,0),
(149830,19,-1244.82,7811.55,1.01184,0,0,0,0,100,0),
(149830,20,-1250.59,7814.86,1.68721,0,3000,0,1188,100,0),

(149840,1,-625.605,7785.77,80.7446,0,0,0,0,100,0),
(149840,2,-624.069,7792.48,77.1512,0,0,0,0,100,0),
(149840,3,-623.362,7799.07,74.3414,0,0,0,0,100,0),
(149840,4,-623.93,7804.41,72.486,0,0,0,0,100,0),
(149840,5,-625.142,7809.27,70.4295,0,0,0,0,100,0),
(149840,6,-628.031,7813.17,69.4352,0,0,0,0,100,0),
(149840,7,-632.155,7817.3,68.2711,0,0,0,0,100,0),
(149840,8,-637.376,7820.77,66.8918,0,0,0,0,100,0),
(149840,9,-643.86,7822.59,65.7304,0,0,0,0,100,0),
(149840,10,-650.963,7822.89,64.3899,0,0,0,0,100,0),
(149840,11,-659.469,7823.34,61.5385,0,0,0,0,100,0),
(149840,12,-668.428,7823.97,59.8428,0,0,0,0,100,0),
(149840,13,-678.72,7825.28,58.7548,0,0,0,0,100,0),
(149840,14,-684.897,7828.83,57.0059,0,0,0,0,100,0),
(149840,15,-692.27,7832.59,56.407,0,0,0,0,100,0),
(149840,16,-700.15,7835.83,55.8969,0,0,0,0,100,0),
(149840,17,-708.25,7836.55,55.1461,0,0,0,0,100,0),
(149840,18,-716.65,7836.55,54.0565,0,0,0,0,100,0),
(149840,19,-725.082,7835.41,53.3961,0,0,0,0,100,0),
(149840,20,-733.282,7833.6,51.425,0,0,0,0,100,0),
(149840,21,-741.109,7831.72,49.4289,0,0,0,0,100,0),
(149840,22,-749.689,7829.48,46.28,0,0,0,0,100,0),
(149840,23,-756.223,7827.33,44.3899,0,0,0,0,100,0),
(149840,24,-762.804,7823.16,42.8601,0,0,0,0,100,0),
(149840,25,-770.357,7816.93,41.0478,0,0,0,0,100,0),
(149840,26,-777.494,7810.73,39.5825,0,0,0,0,100,0),
(149840,27,-784.319,7804.88,37.9492,0,0,0,0,100,0),
(149840,28,-792.472,7799.27,36.7129,0,0,0,0,100,0),
(149840,29,-801.246,7794.17,35.5226,0,0,0,0,100,0),
(149840,30,-809.011,7789.88,35.3888,0,0,0,0,100,0),
(149840,31,-816.222,7786.62,35.1224,0,0,0,0,100,0),
(149840,32,-820.798,7788.33,35.8939,0,0,0,0,100,0),
(149840,33,-826.82,7792.94,37.5547,0,0,0,0,100,0),
(149840,34,-835.078,7798.62,38.9213,0,0,0,0,100,0),
(149840,35,-845.146,7803.52,39.9118,0,0,0,0,100,0),
(149840,36,-854.663,7807.96,39.7087,0,0,0,0,100,0),
(149840,37,-865.273,7812.81,39.6376,0,0,0,0,100,0),
(149840,38,-876.543,7817.9,39.685,0,0,0,0,100,0),
(149840,39,-886.858,7822.56,40.079,0,0,0,0,100,0),
(149840,40,-896.849,7827.07,40.2636,0,0,0,0,100,0),
(149840,41,-907.854,7831.88,39.6236,0,0,0,0,100,0),
(149840,42,-919.115,7836.7,38.6239,0,0,0,0,100,0),
(149840,43,-930.487,7841.57,39.2635,0,0,0,0,100,0),
(149840,44,-940.996,7846.07,38.9701,0,0,0,0,100,0),
(149840,45,-951.721,7850.66,39.16,0,0,0,0,100,0),
(149840,46,-960.949,7854.6,41.126,0,0,0,0,100,0),
(149840,47,-970.28,7858.6,43.56,0,0,0,0,100,0),
(149840,48,-979.181,7862.41,45.125,0,0,0,0,100,0),
(149840,49,-988.19,7866.26,46.0712,0,0,0,0,100,0),
(149840,50,-996.556,7869.84,47.5949,0,0,0,0,100,0),
(149840,51,-1005.56,7873.7,51.2872,0,3000,0,1188,100,0),

(149850,1,-886.413,7824.75,40.0754,0,0,0,0,100,0),
(149850,2,-894.093,7828.7,40.2174,0,0,0,0,100,0),
(149850,3,-906.191,7834.75,39.7784,0,0,0,0,100,0),
(149850,4,-917.272,7840.5,38.8667,0,0,0,0,100,0),
(149850,5,-929.185,7846.67,39.2738,0,0,0,0,100,0),
(149850,6,-939.333,7851.93,38.5847,0,0,0,0,100,0),
(149850,7,-947.512,7856.17,38.2383,0,0,0,0,100,0),
(149850,8,-956.728,7860.95,39.6385,0,0,0,0,100,0),
(149850,9,-966.665,7866.1,42.0074,0,0,0,0,100,0),
(149850,10,-975.465,7870.67,43.7929,0,0,0,0,100,0),
(149850,11,-986.029,7876.14,45.8797,0,0,0,0,100,0),
(149850,12,-996.594,7881.62,49.6037,0,3000,0,1188,100,0),

(205560,1,-878.863,7881.25,38.6467,0,0,0,0,100,0),
(205560,2,-888.913,7884.29,38.1078,0,0,0,0,100,0),
(205560,3,-899.185,7887.4,37.4391,0,0,0,0,100,0),
(205560,4,-909.57,7890.54,35.7855,0,0,0,0,100,0),
(205560,5,-918.843,7893.34,34.7869,0,0,0,0,100,0),
(205560,6,-929.229,7896.48,33.8898,0,0,0,0,100,0),
(205560,7,-939.189,7899.79,33.6167,0,0,0,0,100,0),
(205560,8,-948.715,7903.3,32.3552,0,0,0,0,100,0),
(205560,9,-956.053,7906,31.7174,0,0,0,0,100,0),
(205560,10,-964.488,7909.1,30.4758,0,0,0,0,100,0),
(205560,11,-972.594,7912.09,30.0454,0,0,0,0,100,0),
(205560,12,-981.792,7915.47,28.5451,0,0,0,0,100,0),
(205560,13,-990.242,7917.71,26.9729,0,0,0,0,100,0),
(205560,14,-1000.91,7920.26,25.0357,0,0,0,0,100,0),
(205560,15,-1010.33,7922.51,23.4992,0,0,0,0,100,0),
(205560,16,-1020.42,7924.93,22.1803,0,0,0,0,100,0),
(205560,17,-1030.52,7927.34,21.467,0,0,0,0,100,0),
(205560,18,-1040.5,7929.73,21.106,0,0,0,0,100,0),
(205560,19,-1049.25,7931.82,21.1226,0,0,0,0,100,0),
(205560,20,-1056.05,7933.45,20.1787,0,0,0,0,100,0),
(205560,21,-1065.92,7935.81,20.154,0,0,0,0,100,0),
(205560,22,-1076.36,7938.31,19.8241,0,0,0,0,100,0),
(205560,23,-1083.85,7940.1,17.6027,0,0,0,0,100,0),
(205560,24,-1090.77,7941.75,16.4163,0,0,0,0,100,0),
(205560,25,-1100.61,7944.22,15.9882,0,0,0,0,100,0),
(205560,26,-1110.08,7946.77,16.1257,0,0,0,0,100,0),
(205560,27,-1120.22,7949.49,15.9342,0,0,0,0,100,0),
(205560,28,-1128.78,7951.79,14.1264,0,0,0,0,100,0),
(205560,29,-1136.81,7953.84,12.5606,0,0,0,0,100,0),
(205560,30,-1145.29,7955.97,12.532,0,0,0,0,100,0),
(205560,31,-1152.08,7957.68,12.5392,0,0,0,0,100,0),
(205560,32,-1163.28,7960.5,12.7439,0,3000,0,1188,100,0),

(217760,1,-1866.27,8098.74,-20.3459,0,0,0,0,100,0),
(217760,2,-1876.52,8103.51,-19.7575,0,0,0,0,100,0),
(217760,3,-1884.88,8107.91,-19.7173,0,0,0,0,100,0),
(217760,4,-1894,8114.6,-19.0881,0,0,0,0,100,0),
(217760,5,-1903.89,8122.94,-17.9636,0,0,0,0,100,0),
(217760,6,-1913.09,8130.67,-16.6721,0,0,0,0,100,0),
(217760,7,-1922.02,8138.16,-14.974,0,0,0,0,100,0),
(217760,8,-1930.6,8145.36,-13.7605,0,0,0,0,100,0),
(217760,9,-1940.43,8153.61,-12.0574,0,0,0,0,100,0),
(217760,10,-1950.44,8162,-9.8122,0,0,0,0,100,0),
(217760,11,-1959.65,8169.73,-6.82819,0,0,0,0,100,0),
(217760,12,-1969.16,8177.82,-3.98117,0,0,0,0,100,0),
(217760,13,-1977.76,8186.69,-1.25889,0,0,0,0,100,0),
(217760,14,-1985.74,8194.87,0.541871,0,0,0,0,100,0),
(217760,15,-1993.91,8200.48,0.395584,0,0,0,0,100,0),
(217760,16,-2004.56,8205.79,-1.34209,0,0,0,0,100,0),
(217760,17,-2015.54,8211.22,-2.50392,0,0,0,0,100,0),
(217760,18,-2027.68,8217.21,-4.23866,0,0,0,0,100,0),
(217760,19,-2039.5,8223.05,-5.34402,0,0,0,0,100,0),
(217760,20,-2050.9,8228.68,-6.76693,0,0,0,0,100,0),
(217760,21,-2063.56,8234.93,-8.74185,0,0,0,0,100,0),
(217760,22,-2074.75,8240.46,-10.0712,0,0,0,0,100,0),
(217760,23,-2083.44,8244.74,-10.7181,0,0,0,0,100,0),
(217760,24,-2093.17,8249.55,-13.5043,0,0,0,0,100,0),
(217760,25,-2101.54,8253.68,-16.1185,0,0,0,0,100,0),
(217760,26,-2111.37,8258.54,-18.1131,0,0,0,0,100,0),
(217760,27,-2120.89,8263.23,-19.0121,0,0,0,0,100,0),
(217760,28,-2130.51,8267.98,-19.3032,0,0,0,0,100,0),
(217760,29,-2141.18,8273.25,-19.3752,0,0,0,0,100,0),
(217760,30,-2151.54,8278.37,-19.6551,0,0,0,0,100,0),
(217760,31,-2161.68,8283.37,-20.4913,0,0,0,0,100,0),
(217760,32,-2173.08,8289,-21.6677,0,0,0,0,100,0),
(217760,33,-2182.65,8293.6,-22.7035,0,0,0,0,100,0),
(217760,34,-2193.5,8297.54,-23.9711,0,0,0,0,100,0),
(217760,35,-2203.34,8299.98,-25.2953,0,0,0,0,100,0),
(217760,36,-2213.04,8301.35,-25.9358,0,0,0,0,100,0),
(217760,37,-2223.5,8302.27,-26.3091,0,0,0,0,100,0),
(217760,38,-2234.09,8302.93,-28.3564,0,0,0,0,100,0),
(217760,39,-2244.11,8303.55,-29.6053,0,0,0,0,100,0),
(217760,40,-2255.41,8304.25,-29.4952,0,0,0,0,100,0),
(217760,41,-2267.05,8304.97,-30.0127,0,0,0,0,100,0),
(217760,42,-2277.07,8305.59,-30.8421,0,0,0,0,100,0),
(217760,43,-2288.26,8306.29,-32.099,0,0,0,0,100,0),
(217760,44,-2299.66,8307,-33.2183,0,0,0,0,100,0),
(217760,45,-2312.59,8307.8,-34.681,0,0,0,0,100,0),
(217760,46,-2323.77,8308.49,-36.1406,0,0,0,0,100,0),
(217760,47,-2335.07,8309.2,-38.0135,0,0,0,0,100,0),
(217760,48,-2347.29,8309.95,-38.2305,0,0,0,0,100,0),
(217760,49,-2356.61,8310.53,-39.0311,0,0,0,0,100,0),
(217760,50,-2364.99,8311.05,-40.1393,0,0,0,0,100,0),
(217760,51,-2373.72,8311.59,-40.4457,0,0,0,0,100,0),
(217760,52,-2380.47,8312.01,-38.7655,0,0,0,0,100,0),
(217760,53,-2389.9,8312.6,-38.4599,0,0,0,0,100,0),
(217760,54,-2399.45,8313.19,-38.1152,0,0,0,0,100,0),
(217760,55,-2409.58,8313.82,-37.6864,0,0,0,0,100,0),
(217760,56,-2419.6,8314.44,-37.6396,0,0,0,0,100,0),
(217760,57,-2430.32,8315.11,-38.3792,0,3000,0,1188,100,0),

(465700,1,-2622.32,7987.03,-48.9066,0,0,0,0,100,0),
(465700,2,-2615.66,7997.73,-49.4111,0,0,0,0,100,0),
(465700,3,-2609.32,8008.75,-49.5144,0,0,0,0,100,0),
(465700,4,-2603.03,8019.79,-48.3374,0,0,0,0,100,0),
(465700,5,-2597.3,8029.83,-48.1794,0,0,0,0,100,0),
(465700,6,-2591.35,8040.27,-49.1597,0,0,0,0,100,0),
(465700,7,-2587.36,8047.26,-48.924,0,0,0,0,100,0),
(465700,8,-2582.04,8056.58,-47.3129,0,0,0,0,100,0),
(465700,9,-2577.76,8064.09,-46.7464,0,0,0,0,100,0),
(465700,10,-2573.08,8072.3,-46.9238,0,0,0,0,100,0),
(465700,11,-2567.94,8081.31,-47.8271,0,0,0,0,100,0),
(465700,12,-2563.54,8089.02,-47.4496,0,0,0,0,100,0),
(465700,13,-2558.34,8098.14,-46.0657,0,0,0,0,100,0),
(465700,14,-2553.31,8106.95,-43.9445,0,0,0,0,100,0),
(465700,15,-2548.34,8115.67,-41.9854,0,0,0,0,100,0),
(465700,16,-2543.49,8124.18,-41.4242,0,0,0,0,100,0),
(465700,17,-2538.4,8133.1,-40.707,0,0,0,0,100,0),
(465700,18,-2532.97,8142.63,-40.0451,0,0,0,0,100,0),
(465700,19,-2527.99,8151.35,-39.4144,0,0,0,0,100,0),
(465700,20,-2520.54,8164.42,-38.9333,0,3000,0,1188,100,0);

--
-- END UPDATING QUERIES
--
COMMIT;
END //
DELIMITER ;
CALL updateDb();
DROP PROCEDURE IF EXISTS `updateDb`;
