-- DB update 2021_08_27_01 -> 2021_08_28_00
DROP PROCEDURE IF EXISTS `updateDb`;
DELIMITER //
CREATE PROCEDURE updateDb ()
proc:BEGIN DECLARE OK VARCHAR(100) DEFAULT 'FALSE';
SELECT COUNT(*) INTO @COLEXISTS
FROM information_schema.COLUMNS
WHERE TABLE_SCHEMA = DATABASE() AND TABLE_NAME = 'version_db_sol_world' AND COLUMN_NAME = '2021_08_27_01';
IF @COLEXISTS = 0 THEN LEAVE proc; END IF;
START TRANSACTION;
ALTER TABLE version_db_sol_world CHANGE COLUMN 2021_08_27_01 2021_08_28_00 bit;
SELECT sql_rev INTO OK FROM version_db_sol_world WHERE sql_rev = '1630186795377166877'; IF OK <> 'FALSE' THEN LEAVE proc; END IF;
--
-- START UPDATING QUERIES
--

INSERT INTO `version_db_sol_world` (`sql_rev`) VALUES ('1630186795377166877');

-- Decrease walk speed for a few of the rare mobs
UPDATE `creature_template` SET `speed_walk` = 1 WHERE `entry` IN (2604,2605,2606,14233,14429,2013,2014);

-- Increase respawn time for a few rare mobs which had a respawn time < 3600s
UPDATE `creature` SET `spawntimesecs` = 9900 WHERE `id` IN (6118,1137,8304,18681,1119,14232);
UPDATE `creature` SET `spawntimesecs` = 86400 WHERE `id` = 6490;

DELETE FROM `creature` WHERE `guid` IN (300753,300754,300757,301300,301301,301302,300755,301290,301291,301292,300769,300770,300775,300776,300773,300771,300772,300777,3008881,3008882,3008883,3008884,3008885,3008886,3008887,3008888);
INSERT INTO `creature` (`guid`, `id`, `map`, `zoneId`, `areaId`, `spawnMask`, `phaseMask`, `modelid`, `equipment_id`, `position_x`, `position_y`, `position_z`, `orientation`, `spawntimesecs`, `wander_distance`, `curhealth`, `curmana`, `MovementType`, `npcflag`, `unit_flags`, `dynamicflags`, `VerifiedBuild`)
VALUES
-- Kovork
(300753,2603,0,0,0,1,1,0,0,-1191.48,-2054.33,42.6868,3.3713,27000,0,1,0,0,0,0,0,0),
(3008881,2603,0,0,0,1,1,0,0,-1185.5,-1959.2,24.088,2.65659,27000,5,1,0,1,0,0,0,0),
-- Molok the Crusher
(300754,2604,0,0,0,1,1,0,0,-2056.97,-2785.61,68.571,5.47225,54000,0,1,0,0,0,0,0,0),
-- Zalas Witherbark
(300757,2605,0,0,0,1,1,0,0,-2019.19,-3306.55,54.216,5.47616,252000,0,1,0,0,0,0,0,0),
(301300,2605,0,0,0,1,1,0,0,-2056.85,-3271.49,49.4426,4.51998,252000,0,1,0,2,0,0,0,0),
(301301,2605,0,0,0,1,1,0,0,-2042.3,-3364.3,60.2045,0.712735,252000,0,1,0,0,0,0,0,0),
(301302,2605,0,0,0,1,1,0,0,-2072.1,-3297.35,67.0706,1.54131,252000,0,1,0,0,0,0,0,0),
-- Nimar the Slayer
(300755,2606,0,0,0,1,1,0,0,-1902.16,-3193.09,56.5808,5.63212,27000,0,1,0,0,0,0,0,0),
(301290,2606,0,0,0,1,1,0,0,-1810.14,-3417.2,45.4232,0.985671,27000,0,1,0,0,0,0,0,0),
(301291,2606,0,0,0,1,1,0,0,-1701.21,-3509.16,60.2556,6.26748,27000,0,1,0,0,0,0,0,0),
(301292,2606,0,0,0,1,1,0,0,-1672.56,-3246.93,25.7297,4.51998,27000,0,1,0,2,0,0,0,0),
-- Drogoth the Roamer
(300769,14231,1,0,0,1,1,0,0,-2608.36,-3011.72,29.4168,0.0195422,27000,10,1,0,1,0,0,0,0),
(300770,14231,1,0,0,1,1,0,0,-2799.72,-3129.45,28.7032,4.41743,27000,5,1,0,1,0,0,0,0),
-- Ripscale
(300775,14233,1,0,0,1,1,0,0,-4453.28,-3973.02,29.4314,2.39624,38000,10,1,0,1,0,0,0,0),
(300776,14233,1,0,0,1,1,0,0,-4040.52,-3550.72,28.7875,5.86375,38000,10,1,0,1,0,0,0,0),
(3008882,14233,1,0,0,1,1,0,0,-3789.5,-3245.67,29.9413,0.829341,38000,10,1,0,1,0,0,0,0),
(3008883,14233,1,0,0,1,1,0,0,-3972.33,-3146.19,31.2817,4.54427,38000,10,1,0,1,0,0,0,0),
(3008884,14233,1,0,0,1,1,0,0,-3793.2,-2982.42,28.583,5.0116,38000,10,1,0,1,0,0,0,0),
-- The Rot
(300773,14235,1,0,0,1,1,0,0,-4042.09,-3753.6,43.2492,6.26622,108000,5,1,0,1,0,0,0,0),
(3008885,14235,1,0,0,1,1,0,0,-3985.36,-3723.25,41.8631,4.24192,108000,5,1,0,1,0,0,0,0),
-- Lord Angler
(300771,14236,1,0,0,1,1,0,0,-4252.79,-3854.69,-7.13676,3.38975,108000,8,1,0,1,0,0,0,0),
-- Oozeworm
(300772,14237,1,0,0,1,1,0,0,-4207.99,-2911.04,44.9497,2.051,180000,8,1,0,1,0,0,0,0),
(3008886,14237,1,0,0,1,1,0,0,-4408.82,-2861.63,28.7375,2.12787,180000,15,1,0,1,0,0,0,0),
(3008887,14237,1,0,0,1,1,0,0,-4231.72,-3010.83,47.2353,0.5217,180000,5,1,0,1,0,0,0,0),
(3008888,14237,1,0,0,1,1,0,0,-4240.73,-2866.63,37.1291,5.23801,180000,10,1,0,1,0,0,0,0),
-- Grimmaw
(300777,14429,1,0,0,1,1,0,0,9132.61,1651.7,1322.14,4.25837,9000,0,1,0,2,0,0,0,0);

DELETE FROM `pool_template` WHERE `entry` IN (2605,2606,42939,43157,2603,14235,14237);
INSERT INTO `pool_template` (`entry`, `max_limit`, `description`)
VALUES
(2605,1,'Zalas Witherbark Spawn (1 out of 4)'),
(2606,1,'Nimar the Slayer Spawn (1 out of 4)'),
(42939,1,'Drogoth the Roamer Spawn (1 out of 2)'),
(43157,1,'Ripscale Spawn (1 out of 5)'),
(2603,1,'Kovork Spawn (1 out of 2)'),
(14235,1,'The Rot (1 out of 2)'),
(14237,1,'Oozeworm (1 out of 4)');

DELETE FROM `pool_creature` WHERE `pool_entry` IN (2605,2606,42939,43157,2603,14235,14237);
INSERT INTO `pool_creature` (`guid`, `pool_entry`, `chance`, `description`)
VALUES
(300757,2605,0,'Zalas Witherbark 1'),
(301300,2605,0,'Zalas Witherbark 2'),
(301301,2605,0,'Zalas Witherbark 3'),
(301302,2605,0,'Zalas Witherbark 4'),
(300755,2606,0,'Nimar the Slayer Spawn 1'),
(301290,2606,0,'Nimar the Slayer Spawn 2'),
(301291,2606,0,'Nimar the Slayer Spawn 3'),
(301292,2606,0,'Nimar the Slayer Spawn 4'),
(300769,42939,0,'Drogoth the Roamer 1'),
(300770,42939,0,'Drogoth the Roamer 2'),
(300775,43157,0,'Ripscale 1'),
(300776,43157,0,'Ripscale 2'),
(3008882,43157,0,'Ripscale 3'),
(3008883,43157,0,'Ripscale 4'),
(3008884,43157,0,'Ripscale 5'),
(300753,2603,0,'Kovork 1'),
(3008881,2603,0,'Kovork 2'),
(300773,14235,0,'The Rot 1'),
(3008885,14235,0,'The Rot 2'),
(300772,14237,0,'Oozeworm 1'),
(3008886,14237,0,'Oozeworm 2'),
(3008887,14237,0,'Oozeworm 3'),
(3008888,14237,0,'Oozeworm 4');

DELETE FROM `creature_addon` WHERE `guid` IN (301300,301292,300777);
INSERT INTO `creature_addon` (`guid`, `path_id`, `mount`, `bytes1`, `bytes2`, `emote`, `isLarge`, `auras`)
VALUES
(301300,3013000,0,0,1,0,0,''),
(301292,3012920,0,0,1,0,0,''),
(300777,3007770,0,0,1,0,0,'');

UPDATE `creature_template` SET `AIName` = 'SmartAI' WHERE `entry` IN (14231,14233,14235,14236,14237,14429);
DELETE FROM `smart_scripts` WHERE `source_type` = 0 AND `entryorguid` IN (2603,2604,2605,2606,14231,14233,14235,14236,14237,14429,-301300,-301292);
INSERT INTO `smart_scripts` (`entryorguid`, `source_type`, `id`, `link`, `event_type`, `event_phase_mask`, `event_chance`, `event_flags`, `event_param1`, `event_param2`, `event_param3`, `event_param4`, `event_param5`, `action_type`, `action_param1`, `action_param2`, `action_param3`, `action_param4`, `action_param5`, `action_param6`, `target_type`, `target_param1`, `target_param2`, `target_param3`, `target_param4`, `target_x`, `target_y`, `target_z`, `target_o`, `comment`)
VALUES
(2603,0,0,0,2,0,100,1,0,50,0,0,0,11,8269,1,0,0,0,0,1,0,0,0,0,0,0,0,0,'Kovork - Between 0-50% Health - Cast ''Frenzy'''),

(2604,0,0,0,0,0,100,0,7000,11000,9000,13000,0,11,6253,0,0,0,0,0,2,0,0,0,0,0,0,0,0,'Molok the Crusher - IC - Cast ''Backhand'''),

(2605,0,0,0,0,0,100,0,3000,5000,23000,27000,0,11,512,0,0,0,0,0,2,0,0,0,0,0,0,0,0,'Zalas Witherbark - IC - Cast ''Chains of Ice'''),
(2605,0,1,0,0,0,100,0,3000,5000,15000,18000,0,11,851,1,0,0,0,0,6,0,0,0,0,0,0,0,0,'Zalas Witherbark - IC - Cast ''Polymorph: Sheep'''),
(2605,0,2,0,0,0,100,0,5000,8000,8000,15000,0,11,9081,0,0,0,0,0,2,0,0,0,0,0,0,0,0,'Zalas Witherbark - IC - Cast ''Shadow Bolt Volley'''),
(2605,0,3,0,0,0,100,0,2000,3000,13000,15000,0,11,4974,32,0,0,0,0,5,0,0,0,0,0,0,0,0,'Zalas Witherbark - IC - Cast ''Wither Touch'''),

(-301300,0,0,0,0,0,100,0,3000,5000,23000,27000,0,11,512,0,0,0,0,0,2,0,0,0,0,0,0,0,0,'Zalas Witherbark - IC - Cast ''Chains of Ice'''),
(-301300,0,1,0,0,0,100,0,3000,5000,15000,18000,0,11,851,1,0,0,0,0,6,0,0,0,0,0,0,0,0,'Zalas Witherbark - IC - Cast ''Polymorph: Sheep'''),
(-301300,0,2,0,0,0,100,0,5000,8000,8000,15000,0,11,9081,0,0,0,0,0,2,0,0,0,0,0,0,0,0,'Zalas Witherbark - IC - Cast ''Shadow Bolt Volley'''),
(-301300,0,3,0,0,0,100,0,2000,3000,13000,15000,0,11,4974,32,0,0,0,0,5,0,0,0,0,0,0,0,0,'Zalas Witherbark - IC - Cast ''Wither Touch'''),
(-301300,0,4,0,11,0,100,0,0,0,0,0,0,48,1,0,0,0,0,0,1,0,0,0,0,0,0,0,0,'Zalas Witherbark - On Respawn - Set Active On'),

(2606,0,0,0,1,0,100,0,1000,1000,1000,1000,0,11,2458,32,0,0,0,0,1,0,0,0,0,0,0,0,0,'Nimar the Slayer - OOC - Cast ''Berserker Stance'''),
(2606,0,1,0,0,0,100,0,7800,10000,11100,24200,0,11,17207,0,0,0,0,0,1,0,0,0,0,0,0,0,0,'Nimar the Slayer - IC - Cast ''Whirlwind'''),
(2606,0,2,0,0,0,100,0,7000,13000,7000,23000,0,11,15496,0,0,1,0,0,2,0,0,0,0,0,0,0,0,'Nimar the Slayer - IC - Cast ''Cleave'''),
(2606,0,3,0,12,0,100,1,0,19,0,0,0,11,7160,1,0,0,0,0,2,0,0,0,0,0,0,0,0,'Nimar the Slayer - Target Between 0-19% Health - Cast ''Execute'' (No Repeat)'),
(2606,0,4,0,2,0,100,1,0,15,0,0,0,25,1,0,0,0,0,0,0,0,0,0,0,0,0,0,0,'Nimar the Slayer - Between 0-15% Health - Flee For Assist (No Repeat)'),

(-301292,0,0,0,1,0,100,0,1000,1000,1000,1000,0,11,2458,32,0,0,0,0,1,0,0,0,0,0,0,0,0,'Nimar the Slayer - OOC - Cast ''Berserker Stance'''),
(-301292,0,1,0,0,0,100,0,7800,10000,11100,24200,0,11,17207,0,0,0,0,0,1,0,0,0,0,0,0,0,0,'Nimar the Slayer - IC - Cast ''Whirlwind'''),
(-301292,0,2,0,0,0,100,0,7000,13000,7000,23000,0,11,15496,0,0,1,0,0,2,0,0,0,0,0,0,0,0,'Nimar the Slayer - IC - Cast ''Cleave'''),
(-301292,0,3,0,12,0,100,1,0,19,0,0,0,11,7160,1,0,0,0,0,2,0,0,0,0,0,0,0,0,'Nimar the Slayer - Target Between 0-19% Health - Cast ''Execute'' (No Repeat)'),
(-301292,0,4,0,2,0,100,1,0,15,0,0,0,25,1,0,0,0,0,0,0,0,0,0,0,0,0,0,0,'Nimar the Slayer - Between 0-15% Health - Flee For Assist (No Repeat)'),
(-301292,0,5,0,11,0,100,0,0,0,0,0,0,48,1,0,0,0,0,0,1,0,0,0,0,0,0,0,0,'Nimar the Slayer - On Respawn - Set Active On'),

(14231,0,0,0,0,0,100,0,6000,9000,16000,21000,0,11,11876,0,0,0,0,0,1,0,0,0,0,0,0,0,0,'Drogoth the Roamer - IC - Cast ''War Stomp'''),

(14233,0,0,0,0,0,100,0,5000,8000,15000,18000,0,11,33912,0,0,1,0,0,2,0,0,0,0,0,0,0,0,'Ripscale - IC - Cast ''Rip'''),
(14233,0,1,0,0,0,100,0,8000,11000,24000,27000,0,11,7367,0,0,1,0,0,2,0,0,0,0,0,0,0,0,'Ripscale - IC - Cast ''Infected Bite'''),

(14235,0,0,0,0,0,100,0,0,0,2900,4300,0,11,21067,64,0,0,0,0,2,0,0,0,0,0,0,0,0,'The Rot - IC - Cast ''Poison Bolt'''),
(14235,0,1,0,9,0,100,0,0,5,12000,15000,0,11,22595,0,0,0,0,0,1,0,0,0,0,0,0,0,0,'The Rot - Within 0-5 Range - Cast ''Poison Shock'''),

(14236,0,0,0,2,0,100,1,0,15,0,0,0,25,1,0,0,0,0,0,0,0,0,0,0,0,0,0,0,'Lord Angler - Between 0-15% Health - Flee For Assist (No Repeat)'),

(14237,0,0,0,4,0,100,0,0,0,0,0,0,11,22911,0,0,0,0,0,7,0,0,0,0,0,0,0,0,'Oozeworm - On Aggro - Cast ''Charge'''),
(14237,0,1,0,0,0,100,0,5000,9000,17000,22000,0,11,66954,0,0,0,0,0,2,0,0,0,0,0,0,0,0,'Oozeworm - IC - Cast ''Acidic Strike'''),

(14429,0,0,0,11,0,100,0,0,0,0,0,0,48,1,0,0,0,0,0,1,0,0,0,0,0,0,0,0,'Grimmaw - On Respawn - Set Active On'),
(14429,0,1,0,0,0,100,0,5000,7000,12000,20000,0,11,19319,0,0,1,0,0,2,0,0,0,0,0,0,0,0,'Grimmaw - IC - Cast ''Vicious Bite''');

DELETE FROM `waypoint_data` WHERE `id` IN (3007770,3012920,3013000);
INSERT INTO `waypoint_data` (`id`, `point`, `position_x`, `position_y`, `position_z`, `orientation`, `delay`, `move_type`, `action`, `action_chance`, `wpguid`)
VALUES
-- Grimmaw
(3007770,1,9132.61,1651.7,1322.14,0,0,0,0,100,0),
(3007770,2,9132.71,1658.23,1321.5,0,0,0,0,100,0),
(3007770,3,9132.81,1664.76,1320.77,0,0,0,0,100,0),
(3007770,4,9134.62,1670.18,1320.44,0,0,0,0,100,0),
(3007770,5,9136.62,1676.14,1320.91,0,0,0,0,100,0),
(3007770,6,9138.01,1680.29,1320.65,0,0,0,0,100,0),
(3007770,7,9141.27,1690.01,1320.05,0,0,0,0,100,0),
(3007770,8,9141.32,1696.08,1320.61,0,0,0,0,100,0),
(3007770,9,9141.37,1701.68,1320.99,0,0,0,0,100,0),
(3007770,10,9141.41,1707.64,1320.99,0,0,0,0,100,0),
(3007770,11,9141.46,1713.35,1320.5,0,0,0,0,100,0),
(3007770,12,9141.52,1720,1319.64,0,0,0,0,100,0),
(3007770,13,9141.58,1727.6,1319.16,0,0,0,0,100,0),
(3007770,14,9140.58,1734.18,1319.33,0,0,0,0,100,0),
(3007770,15,9139.6,1740.69,1319.96,0,0,0,0,100,0),
(3007770,16,9138.83,1745.76,1320,0,0,0,0,100,0),
(3007770,17,9137.61,1753.82,1319.01,0,0,0,0,100,0),
(3007770,18,9131.63,1758.66,1318.3,0,0,0,0,100,0),
(3007770,19,9126.19,1763.07,1319.01,0,0,0,0,100,0),
(3007770,20,9120.39,1767.78,1320.61,0,0,0,0,100,0),
(3007770,21,9116,1771.33,1321.66,0,0,0,0,100,0),
(3007770,22,9115.02,1776.61,1322.26,0,0,0,0,100,0),
(3007770,23,9113.16,1786.7,1322.33,0,0,0,0,100,0),
(3007770,24,9111.59,1795.18,1323.35,0,0,0,0,100,0),
(3007770,25,9110.23,1802.52,1324.56,0,0,0,0,100,0),
(3007770,26,9109.14,1808.41,1325.54,0,0,0,0,100,0),
(3007770,27,9109.96,1814.42,1326.73,0,0,0,0,100,0),
(3007770,28,9110.63,1819.39,1327.8,0,0,0,0,100,0),
(3007770,29,9111.24,1823.84,1328.53,0,5000,0,0,100,0),
(3007770,30,9110.3,1818.2,1327.56,0,0,0,0,100,0),
(3007770,31,9109.46,1813.17,1326.52,0,0,0,0,100,0),
(3007770,32,9108.77,1809.06,1325.75,0,0,0,0,100,0),
(3007770,33,9110.24,1801.5,1324.48,0,0,0,0,100,0),
(3007770,34,9111.71,1793.94,1323.17,0,0,0,0,100,0),
(3007770,35,9113.4,1785.24,1322.25,0,0,0,0,100,0),
(3007770,36,9115.02,1776.94,1322.27,0,0,0,0,100,0),
(3007770,37,9115.99,1771.94,1321.74,0,0,0,0,100,0),
(3007770,38,9120.6,1767.99,1320.64,0,0,0,0,100,0),
(3007770,39,9125.56,1763.73,1319.19,0,0,0,0,100,0),
(3007770,40,9132.73,1757.58,1318.26,0,0,0,0,100,0),
(3007770,41,9136.82,1754.07,1318.87,0,0,0,0,100,0),
(3007770,42,9137.7,1749.06,1319.56,0,0,0,0,100,0),
(3007770,43,9138.53,1744.35,1320.03,0,0,0,0,100,0),
(3007770,44,9139.44,1739.18,1319.82,0,0,0,0,100,0),
(3007770,45,9140.7,1732.06,1319.19,0,0,0,0,100,0),
(3007770,46,9141.64,1726.7,1319.16,0,0,0,0,100,0),
(3007770,47,9141.6,1721.34,1319.49,0,0,0,0,100,0),
(3007770,48,9141.55,1715.03,1320.27,0,0,0,0,100,0),
(3007770,49,9141.5,1709.2,1320.9,0,0,0,0,100,0),
(3007770,50,9141.46,1703.95,1321.07,0,0,0,0,100,0),
(3007770,51,9141.42,1699,1320.86,0,0,0,0,100,0),
(3007770,52,9141.38,1694.22,1320.42,0,0,0,0,100,0),
(3007770,53,9141.35,1689.69,1320.03,0,0,0,0,100,0),
(3007770,54,9139.2,1684.38,1320.01,0,0,0,0,100,0),
(3007770,55,9137.28,1679.62,1320.76,0,0,0,0,100,0),
(3007770,56,9135.89,1676.17,1320.91,0,0,0,0,100,0),
(3007770,57,9134.17,1671.92,1320.59,0,0,0,0,100,0),
(3007770,58,9131.44,1665.16,1320.95,0,0,0,0,100,0),
(3007770,59,9131.79,1659.57,1321.54,0,0,0,0,100,0),
(3007770,60,9132.16,1653.63,1322.07,0,0,0,0,100,0),
(3007770,61,9132.59,1646.61,1322.61,0,5000,0,0,100,0),
-- Nimar the Slayer
(3012920,1,-1672.56,-3246.93,25.7297,4.51998,300000,0,0,100,0),
(3012920,2,-1673.33,-3252.4,25.7306,0,0,0,0,100,0),
(3012920,3,-1677.83,-3257.04,25.6018,0,0,0,0,100,0),
(3012920,4,-1675.32,-3260.88,25.3358,1.15761,150000,0,0,100,0),
(3012920,5,-1668.71,-3261.6,25.5622,0,0,0,0,100,0),
(3012920,6,-1660.7,-3262.48,25.7481,0,0,0,0,100,0),
(3012920,7,-1654.55,-3263.15,26.1643,0,0,0,0,100,0),
(3012920,8,-1650.41,-3263.6,26.8072,0,0,0,0,100,0),
(3012920,9,-1642.53,-3261.5,29.0457,0,0,0,0,100,0),
(3012920,10,-1641.28,-3256.04,30.7512,0,0,0,0,100,0),
(3012920,11,-1639.93,-3250.13,32.0784,0,0,0,0,100,0),
(3012920,12,-1642.2,-3244.51,33.1402,0,0,0,0,100,0),
(3012920,13,-1644.12,-3239.74,33.5342,0,0,0,0,100,0),
(3012920,14,-1649.67,-3236.07,33.3142,0,0,0,0,100,0),
(3012920,15,-1654.84,-3232.66,33.5165,0,0,0,0,100,0),
(3012920,16,-1661.22,-3228.45,34.2172,0,0,0,0,100,0),
(3012920,17,-1667.64,-3224.2,34.7641,0,0,0,0,100,0),
(3012920,18,-1674.47,-3223.67,34.4727,0,0,0,0,100,0),
(3012920,19,-1679.19,-3225.71,33.9338,0,0,0,0,100,0),
(3012920,20,-1686.69,-3228.96,31.5933,0,0,0,0,100,0),
(3012920,21,-1693.22,-3231.79,29.2882,0,0,0,0,100,0),
(3012920,22,-1693.5,-3239.13,28.2617,0,0,0,0,100,0),
(3012920,23,-1693.78,-3246.29,26.4924,0,0,0,0,100,0),
(3012920,24,-1687.98,-3250.98,25.6334,0,0,0,0,100,0),
(3012920,25,-1682.27,-3255.6,25.5596,0,0,0,0,100,0),
(3012920,26,-1677.01,-3259.86,25.3974,0,0,0,0,100,0),
(3012920,27,-1673.53,-3262.68,25.1972,0,0,0,0,100,0),
(3012920,28,-1669.67,-3259.47,25.6665,2.51328,150000,0,0,100,0),
(3012920,29,-1668.16,-3255.58,25.73,0,0,0,0,100,0),
(3012920,30,-1673.27,-3253.71,25.7309,0,0,0,0,100,0),
-- Zalas Witherbark
(3013000,1,-2056.85,-3271.49,49.4426,3.10405,300000,0,0,100,0),
(3013000,2,-2062.34,-3271.77,50.5462,0,0,0,0,100,0),
(3013000,3,-2068.62,-3273.02,50.8175,0,0,0,0,100,0),
(3013000,4,-2076.25,-3274.54,51.9848,0,0,0,0,100,0),
(3013000,5,-2083.62,-3276.01,51.4356,0,0,0,0,100,0),
(3013000,6,-2091.05,-3281.06,51.151,0,0,0,0,100,0),
(3013000,7,-2098.75,-3286.29,51.7022,0,0,0,0,100,0),
(3013000,8,-2100.38,-3293.94,52.4975,0,0,0,0,100,0),
(3013000,9,-2101.94,-3301.24,53.2538,0,0,0,0,100,0),
(3013000,10,-2104.41,-3312.84,54.6519,0,0,0,0,100,0),
(3013000,11,-2106.52,-3322.71,56.8964,0,0,0,0,100,0),
(3013000,12,-2108.91,-3328.54,58.2355,0,0,0,0,100,0),
(3013000,13,-2112.24,-3336.64,58.5074,0,0,0,0,100,0),
(3013000,14,-2115.63,-3344.91,58.7511,0,0,0,0,100,0),
(3013000,15,-2114.07,-3351.11,58.6621,0,0,0,0,100,0),
(3013000,16,-2111.44,-3361.6,60.0727,0,0,0,0,100,0),
(3013000,17,-2109.39,-3369.78,61.0127,0,0,0,0,100,0),
(3013000,18,-2103.72,-3373.69,60.6077,0,0,0,0,100,0),
(3013000,19,-2097.66,-3377.86,60.1983,0,0,0,0,100,0),
(3013000,20,-2091.81,-3381.89,59.4361,0,0,0,0,100,0),
(3013000,21,-2094.25,-3372.6,59.3272,0,0,0,0,100,0),
(3013000,22,-2095.79,-3366.71,59.3,0,0,0,0,100,0),
(3013000,23,-2093.88,-3364.27,59.1176,0,300000,0,0,100,0),
(3013000,24,-2099.47,-3360.35,59.2716,0,0,0,0,100,0),
(3013000,25,-2100.12,-3353.5,58.6937,0,0,0,0,100,0),
(3013000,26,-2100.89,-3345.37,58.1892,0,0,0,0,100,0),
(3013000,27,-2101.52,-3338.75,58.1248,0,0,0,0,100,0),
(3013000,28,-2102.05,-3333.13,58.104,0,0,0,0,100,0),
(3013000,29,-2100.86,-3326.33,58.4079,0,0,0,0,100,0),
(3013000,30,-2099.95,-3321.16,56.4685,0,0,0,0,100,0),
(3013000,31,-2098.62,-3313.57,54.525,0,0,0,0,100,0),
(3013000,32,-2096.93,-3303.91,53.4419,0,0,0,0,100,0),
(3013000,33,-2095.42,-3295.27,52.4655,0,0,0,0,100,0),
(3013000,34,-2091.09,-3289.47,51.7527,0,0,0,0,100,0),
(3013000,35,-2085.22,-3281.63,51.5589,0,0,0,0,100,0),
(3013000,36,-2076.01,-3272.4,51.913,0,0,0,0,100,0),
(3013000,37,-2070.54,-3272.14,51.0219,0,0,0,0,100,0),
(3013000,38,-2062.37,-3271.75,50.5442,0,0,0,0,100,0);

--
-- END UPDATING QUERIES
--
COMMIT;
END //
DELIMITER ;
CALL updateDb();
DROP PROCEDURE IF EXISTS `updateDb`;
