-- DB update 2021_09_23_01 -> 2021_09_23_02
DROP PROCEDURE IF EXISTS `updateDb`;
DELIMITER //
CREATE PROCEDURE updateDb ()
proc:BEGIN DECLARE OK VARCHAR(100) DEFAULT 'FALSE';
SELECT COUNT(*) INTO @COLEXISTS
FROM information_schema.COLUMNS
WHERE TABLE_SCHEMA = DATABASE() AND TABLE_NAME = 'version_db_sol_world' AND COLUMN_NAME = '2021_09_23_01';
IF @COLEXISTS = 0 THEN LEAVE proc; END IF;
START TRANSACTION;
ALTER TABLE version_db_sol_world CHANGE COLUMN 2021_09_23_01 2021_09_23_02 bit;
SELECT sql_rev INTO OK FROM version_db_sol_world WHERE sql_rev = '1632434145982255743'; IF OK <> 'FALSE' THEN LEAVE proc; END IF;
--
-- START UPDATING QUERIES
--

INSERT INTO `version_db_sol_world` (`sql_rev`) VALUES ('1632434145982255743');

DELETE FROM `game_event` WHERE `eventEntry` = 77;
INSERT INTO `game_event` (`eventEntry`, `start_time`, `end_time`, `occurence`, `length`, `holiday`, `holidayStage`, `description`, `world_event`, `announce`)
VALUES
(77,'2016-11-06 01:01:00',NULL,131040,4320,376,1,'Darkmoon Faire Building (Terokkar Forest)',0,2);

DELETE FROM `creature` WHERE `guid` IN (3008899,3008900,3008901,3008902,3008903,3008904,3008905,3008906);
INSERT INTO `creature` (`guid`, `id`, `map`, `zoneId`, `areaId`, `spawnMask`, `phaseMask`, `modelid`, `equipment_id`, `position_x`, `position_y`, `position_z`, `orientation`, `spawntimesecs`, `wander_distance`, `curhealth`, `curmana`, `MovementType`, `npcflag`, `unit_flags`, `dynamicflags`, `VerifiedBuild`)
VALUES
(3008899,14849,530,0,0,1,1,0,1,-2250.29,5245.24,-9.85045,5.03122,300,0,1,0,0,0,0,0,0),
(3008900,14849,530,0,0,1,1,0,1,-2257.19,5234.82,-9.89205,0.06712,300,0,1,0,0,0,0,0,0),
(3008901,14849,530,0,0,1,1,0,1,-2258.29,5215.98,-9.90446,1.4558,300,0,1,0,0,0,0,0,0),
(3008902,14849,530,0,0,1,1,0,1,-2247.18,5219.25,-9.90328,1.04846,300,0,1,0,0,0,0,0,0),
(3008903,14849,530,0,0,1,1,0,1,-2273.24,5210.8,-9.89171,2.57128,300,0,1,0,0,0,0,0,0),
(3008904,14849,530,0,0,1,1,0,1,-2264.64,5202.15,-9.9045,3.226,300,0,1,0,0,0,0,0,0),
(3008905,14849,530,0,0,1,1,0,1,-2233.39,5223.75,-9.91236,2.31678,300,0,1,0,0,0,0,0,0),
(3008906,14849,530,0,0,1,1,0,1,-2281.47,5212.95,-9.86383,5.90235,300,0,1,0,0,0,0,0,0);

DELETE FROM `creature_addon` WHERE `guid` IN (3008899,3008900,3008901,3008902,3008903,3008904,3008905,3008906);
INSERT INTO `creature_addon` (`guid`, `path_id`, `mount`, `bytes1`, `bytes2`, `emote`, `isLarge`, `auras`)
VALUES
(3008899,0,0,0,4097,69,0,''),
(3008900,0,0,0,4097,234,0,''),
(3008901,0,0,0,4097,234,0,''),
(3008902,0,0,0,4097,234,0,''),
(3008903,0,0,0,4097,234,0,''),
(3008904,0,0,0,4097,234,0,''),
(3008905,0,0,0,4097,69,0,''),
(3008906,0,0,0,4097,69,0,'');

DELETE FROM `game_event_creature` WHERE `eventEntry` IN (-77,77);
INSERT INTO `game_event_creature` (`eventEntry`, `guid`)
VALUES
(-77,66157), -- Despawn Warp Stalker
(-77,66429), -- Despawn Royal Teromoth
(77,3008899),
(77,3008900),
(77,3008901),
(77,3008902),
(77,3008903),
(77,3008904),
(77,3008905),
(77,3008906);

DELETE FROM `gameobject` WHERE `guid` IN (
3008798,3008799,3008800,3008801,3008802,3008803,3008804,3008805,3008806,3008807,3008808,3008809,3008810,3008811,3008812,3008813,
3008814,3008815,3008816,3008817,3008818,3008819,3008820,3008821,3008822,3008823,3008824,3008825,3008826,3008827,3008828,3008829,
3008830,3008831,3008832,3008833,3008834,3008835,3008836,3008837,3008838,3008839,3008840,3008841,3008842,3008843,3008844,3008845,
3008846,3008847,3008848,3008849,3008850,3008851,3008852,3008853,3008854,3008855,3008856,3008857,3008858,3008859,3008860,3008861,
3008862,3008863);
INSERT INTO `gameobject` (`guid`, `id`, `map`, `zoneId`, `areaId`, `spawnMask`, `phaseMask`, `position_x`, `position_y`, `position_z`, `orientation`, `rotation0`, `rotation1`, `rotation2`, `rotation3`, `spawntimesecs`, `animprogress`, `state`, `VerifiedBuild`)
VALUES
(3008798,180005,530,0,0,1,1,-2288.83,5202.74,-7.31422,2.53072,0,0,0.953716,0.300709,180,255,1,0),
(3008799,180005,530,0,0,1,1,-2298.22,5237.68,-7.31973,1.39626,0,0,0.642786,0.766046,180,255,1,0),
(3008800,180005,530,0,0,1,1,-2261.59,5256.38,-7.32221,-0.069812,0,0,-0.0348989,0.999391,180,255,1,0),
(3008801,180005,530,0,0,1,1,-2236.05,5231.09,-7.63396,-1.27409,0,0,-0.594823,0.803857,180,255,1,0),
(3008802,180045,530,0,0,1,1,-2277.49,5228.89,-9.97543,-1.88495,0,0,-0.809015,0.587788,180,255,1,0),
(3008803,180045,530,0,0,1,1,-2268.45,5238.19,-9.97545,-2.68781,0,0,-0.97437,0.22495,180,255,1,0),
(3008804,180045,530,0,0,1,1,-2261.48,5193.23,-10.0657,-0.139624,0,0,-0.0697553,0.997564,180,255,1,0),
(3008805,186253,530,0,0,1,1,-2237.73,5186.31,-11.069,-1.02974,0,0,-0.492422,0.870357,180,255,1,0),
(3008806,179968,530,0,0,1,1,-2252.03,5245.33,-9.97546,-2.61799,0,0,-0.965925,0.258821,180,255,1,0),
(3008807,179968,530,0,0,1,1,-2252.87,5244.89,-9.9754,0.523598,0,0,0.258819,0.965926,180,255,1,0),
(3008808,179968,530,0,0,1,1,-2253.22,5243.05,-9.97547,-0.122173,0,0,-0.0610485,0.998135,180,255,1,0),
(3008809,179968,530,0,0,1,1,-2252.57,5244.43,-9.34352,1.0821,0,0,0.515036,0.857168,180,255,1,0),
(3008810,179968,530,0,0,1,1,-2252.35,5243.58,-9.9755,0.296705,0,0,0.147809,0.989016,180,255,1,0),
(3008811,179968,530,0,0,1,1,-2253.72,5244.38,-9.97543,-2.61799,0,0,-0.965925,0.258821,180,255,1,0),
(3008812,179968,530,0,0,1,1,-2251.35,5244.16,-9.97551,0.523598,0,0,0.258819,0.965926,180,255,1,0),
(3008813,179969,530,0,0,1,1,-2236.44,5220.29,-9.97543,-0.052359,0,0,-0.0261765,0.999657,180,255,1,0),
(3008814,179969,530,0,0,1,1,-2232.89,5211.41,-8.76615,1.95477,0,0,0.829038,0.559192,180,255,1,0),
(3008815,179969,530,0,0,1,1,-2237.54,5221,-9.97539,1.39626,0,0,0.642786,0.766046,180,255,1,0),
(3008816,179969,530,0,0,1,1,-2235,5214.41,-8.74052,0.506145,0,0,0.25038,0.968148,180,255,1,0),
(3008817,179969,530,0,0,1,1,-2278.9,5205.07,-8.39948,1.29154,0,0,0.601814,0.798637,180,255,1,0),
(3008818,179970,530,0,0,1,1,-2276.49,5205.49,-9.79441,-0.226892,0,0,-0.113203,0.993572,180,255,1,0),
(3008819,179970,530,0,0,1,1,-2235.23,5208.37,-10.0184,0.349065,0,0,0.173648,0.984808,180,255,1,0),
(3008820,179970,530,0,0,1,1,-2234.24,5210.23,-8.74533,-2.23402,0,0,-0.898794,0.438372,180,255,1,0),
(3008821,179970,530,0,0,1,1,-2233.87,5208.08,-10.0347,1.39626,0,0,0.642786,0.766046,180,255,1,0),
(3008822,179972,530,0,0,1,1,-2234.8,5214.42,-9.97589,1.74533,0,0,0.766045,0.642787,180,255,1,0),
(3008823,179972,530,0,0,1,1,-2232.85,5211.37,-10.0027,-1.0472,0,0,-0.500001,0.866025,180,255,1,0),
(3008824,179972,530,0,0,1,1,-2233.39,5209.66,-10.0232,-1.74533,0,0,-0.766045,0.642787,180,255,1,0),
(3008825,179972,530,0,0,1,1,-2277.98,5204.65,-9.64532,-1.72787,0,0,-0.760404,0.64945,180,255,1,0),
(3008826,179972,530,0,0,1,1,-2279.44,5205.24,-9.6256,3.03684,0,0,0.998629,0.0523524,180,255,1,0),
(3008827,179972,530,0,0,1,1,-2234.86,5210.77,-9.98861,0.122173,0,0,0.0610485,0.998135,180,255,1,0),
(3008828,179973,530,0,0,1,1,-2234.81,5216.3,-9.97498,0,0,0,0,1,180,255,1,0),
(3008829,179973,530,0,0,1,1,-2233.96,5218.32,-9.97322,2.58308,0,0,0.961261,0.275641,180,255,1,0),
(3008830,179977,530,0,0,1,1,-2276.51,5205.54,-9.10804,1.76278,0,0,0.771624,0.636079,180,255,1,0),
(3008831,179977,530,0,0,1,1,-2234.85,5214.47,-8.10517,1.46608,0,0,0.669132,0.743144,180,255,1,0),
(3008832,179977,530,0,0,1,1,-2249.82,5242.96,-8.99624,-2.23402,0,0,-0.898794,0.438372,180,255,1,0),
(3008833,180006,530,0,0,1,1,-2280.79,5246.01,-9.97544,-0.802851,0,0,-0.390731,0.920505,180,255,1,0),
(3008834,180007,530,0,0,1,1,-2258.13,5217.4,-9.98775,2.47837,0,0,0.945519,0.325567,180,255,1,0),
(3008835,180007,530,0,0,1,1,-2274.65,5211.7,-9.98778,-2.426,0,0,-0.936671,0.350211,180,255,1,0),
(3008836,180007,530,0,0,1,1,-2246.35,5220.69,-9.98459,1.67551,0,0,0.743143,0.669133,180,255,1,0),
(3008837,180007,530,0,0,1,1,-2255.7,5234.92,-9.97533,-3.07177,0,0,-0.999391,0.0349043,180,255,1,0),
(3008838,180007,530,0,0,1,1,-2266.15,5202.02,-9.98819,-1.6057,0,0,-0.719339,0.694659,180,255,1,0),
(3008839,180043,530,0,0,1,1,-2269.51,5197.71,-9.80712,-2.9845,0,0,-0.996917,0.0784656,180,255,1,0),
(3008840,180043,530,0,0,1,1,-2281.53,5243.79,-9.97545,2.63544,0,0,0.968147,0.250383,180,255,1,0),
(3008841,180043,530,0,0,1,1,-2230.55,5172.72,-13.4639,-0.994837,0,0,-0.477158,0.878817,180,255,1,0),
(3008842,180043,530,0,0,1,1,-2220.71,5176.08,-13.4164,0.366518,0,0,0.182235,0.983255,180,255,1,0),
(3008843,180043,530,0,0,1,1,-2212.66,5161.79,-17.595,2.70526,0,0,0.976296,0.21644,180,255,1,0),
(3008844,180043,530,0,0,1,1,-2225.82,5160.27,-17.2795,-0.087266,0,0,-0.0436192,0.999048,180,255,1,0),
(3008845,180043,530,0,0,1,1,-2271.57,5232.05,-9.9754,2.37364,0,0,0.927182,0.37461,180,255,1,0),
(3008846,180046,530,0,0,1,1,-2265.91,5235.78,-9.97537,-1.02974,0,0,-0.492422,0.870357,180,255,1,0),
(3008847,180046,530,0,0,1,1,-2262.24,5196.83,-10.0033,1.29154,0,0,0.601814,0.798637,180,255,1,0),
(3008848,180046,530,0,0,1,1,-2274.82,5227.6,-9.97544,-0.314158,0,0,-0.156434,0.987688,180,255,1,0),
(3008849,180046,530,0,0,1,1,-2267.73,5234.87,-9.97531,-1.0821,0,0,-0.515036,0.857168,180,255,1,0),
(3008850,180047,530,0,0,1,1,-2261.18,5196.14,-10.0059,-1.76278,0,0,-0.771624,0.636079,180,255,1,0),
(3008851,180047,530,0,0,1,1,-2274.59,5228.82,-9.97548,-2.32129,0,0,-0.91706,0.398748,180,255,1,0),
(3008852,180048,530,0,0,1,1,-2261.29,5196.36,-9.49793,-2.16421,0,0,-0.882948,0.469471,180,255,1,0),
(3008853,180049,530,0,0,1,1,-2274.5,5228.78,-9.4546,0.767944,0,0,0.374606,0.927184,180,255,1,0),
(3008854,180050,530,0,0,1,1,-2261.12,5196.34,-9.48182,-1.76278,0,0,-0.771624,0.636079,180,255,1,0),
(3008855,180051,530,0,0,1,1,-2261.09,5196.13,-9.47695,-2.60053,0,0,-0.963629,0.267244,180,255,1,0),
(3008856,180052,530,0,0,1,1,-2273.22,5232.94,-9.97547,-1.67551,0,0,-0.743143,0.669133,180,255,1,0),
(3008857,179967,530,0,0,1,1,-2249.83,5242.91,-9.97542,0.331611,0,0,0.165047,0.986286,180,255,1,0),
(3008858,179967,530,0,0,1,1,-2280.81,5205.82,-9.6751,-0.331611,0,0,-0.165047,0.986286,180,255,1,0),
(3008859,179967,530,0,0,1,1,-2248.54,5243.33,-9.97544,-1.29154,0,0,-0.601814,0.798637,180,255,1,0),
(3008860,179967,530,0,0,1,1,-2235.97,5217.44,-9.97761,-3.10665,0,0,-0.999847,0.0174704,180,255,1,0),
(3008861,179967,530,0,0,1,1,-2237.76,5219.87,-9.97718,-1.91986,0,0,-0.819151,0.573577,180,255,1,0),
(3008862,179967,530,0,0,1,1,-2279.89,5207.03,-9.77578,2.75761,0,0,0.981626,0.190814,180,255,1,0),
(3008863,179967,530,0,0,1,1,-2249.41,5244,-9.9754,-0.349065,0,0,-0.173648,0.984808,180,255,1,0);

DELETE FROM `game_event_gameobject` WHERE `eventEntry` = 77;
INSERT INTO `game_event_gameobject` (`eventEntry`, `guid`)
VALUES
(77,3008798),
(77,3008799),
(77,3008800),
(77,3008801),
(77,3008802),
(77,3008803),
(77,3008804),
(77,3008805),
(77,3008806),
(77,3008807),
(77,3008808),
(77,3008809),
(77,3008810),
(77,3008811),
(77,3008812),
(77,3008813),
(77,3008814),
(77,3008815),
(77,3008816),
(77,3008817),
(77,3008818),
(77,3008819),
(77,3008820),
(77,3008821),
(77,3008822),
(77,3008823),
(77,3008824),
(77,3008825),
(77,3008826),
(77,3008827),
(77,3008828),
(77,3008829),
(77,3008830),
(77,3008831),
(77,3008832),
(77,3008833),
(77,3008834),
(77,3008835),
(77,3008836),
(77,3008837),
(77,3008838),
(77,3008839),
(77,3008840),
(77,3008841),
(77,3008842),
(77,3008843),
(77,3008844),
(77,3008845),
(77,3008846),
(77,3008847),
(77,3008848),
(77,3008849),
(77,3008850),
(77,3008851),
(77,3008852),
(77,3008853),
(77,3008854),
(77,3008855),
(77,3008856),
(77,3008857),
(77,3008858),
(77,3008859),
(77,3008860),
(77,3008861),
(77,3008862),
(77,3008863);

DELETE FROM `creature_equip_template` WHERE `CreatureID` = 14849;
INSERT INTO `creature_equip_template` (`CreatureID`, `ID`, `ItemID1`, `ItemID2`, `ItemID3`, `VerifiedBuild`)
VALUES
(14849,1,2493,0,0,0),
(14849,2,3362,13604,0,12340),
(14849,3,3362,13605,0,12340);

DELETE FROM `gossip_menu` WHERE `MenuID` = 6201;
INSERT INTO `gossip_menu` (`MenuID`, `TextID`)
VALUES
(6201,7354), -- Darkmoon Faire Building
(6201,7382), -- Darkmoon Azeroth
(6201,7384); -- Darkmoon Outland

DELETE FROM `npc_text` WHERE `ID` = 7384;
INSERT INTO `npc_text` (`ID`, `text0_0`, `text0_1`, `BroadcastTextID0`, `lang0`, `Probability0`, `em0_0`, `em0_1`, `em0_2`, `em0_3`, `em0_4`, `em0_5`, `text1_0`, `text1_1`, `BroadcastTextID1`, `lang1`, `Probability1`, `em1_0`, `em1_1`, `em1_2`, `em1_3`, `em1_4`, `em1_5`, `text2_0`, `text2_1`, `BroadcastTextID2`, `lang2`, `Probability2`, `em2_0`, `em2_1`, `em2_2`, `em2_3`, `em2_4`, `em2_5`, `text3_0`, `text3_1`, `BroadcastTextID3`, `lang3`, `Probability3`, `em3_0`, `em3_1`, `em3_2`, `em3_3`, `em3_4`, `em3_5`, `text4_0`, `text4_1`, `BroadcastTextID4`, `lang4`, `Probability4`, `em4_0`, `em4_1`, `em4_2`, `em4_3`, `em4_4`, `em4_5`, `text5_0`, `text5_1`, `BroadcastTextID5`, `lang5`, `Probability5`, `em5_0`, `em5_1`, `em5_2`, `em5_3`, `em5_4`, `em5_5`, `text6_0`, `text6_1`, `BroadcastTextID6`, `lang6`, `Probability6`, `em6_0`, `em6_1`, `em6_2`, `em6_3`, `em6_4`, `em6_5`, `text7_0`, `text7_1`, `BroadcastTextID7`, `lang7`, `Probability7`, `em7_0`, `em7_1`, `em7_2`, `em7_3`, `em7_4`, `em7_5`, `VerifiedBuild`)
VALUES
(7384,'Sure are a lot of litter bugs around here.','Sure are a lot of litter bugs around here.',10118,0,1,0,1,0,0,0,0,'Having a good time?','Having a good time?',10119,0,1,0,6,0,0,0,0,'Don''t forget to buy refreshments and souvenirs!','Don''t forget to buy refreshments and souvenirs!',10120,0,1,0,1,0,0,0,0,'The Darkmoon Faire is the greatest event in all of Outland!','The Darkmoon Faire is the greatest event in all of Outland!',22546,0,1,0,71,0,0,0,0,'','',0,0,0,0,0,0,0,0,0,'','',0,0,0,0,0,0,0,0,0,'','',0,0,0,0,0,0,0,0,0,'','',0,0,0,0,0,0,0,0,0,0);

UPDATE `creature_template` SET `AIName` = 'SmartAI' WHERE `entry` = 14849;
UPDATE `gameobject_template` SET `AIName` = 'SmartGameObjectAI' WHERE `entry` = 180335;
DELETE FROM `smart_scripts` WHERE `source_type` = 0 AND `entryorguid` = 14849;
DELETE FROM `smart_scripts` WHERE `source_type` = 1 AND `entryorguid` = 180335;
DELETE FROM `smart_scripts` WHERE `source_type` = 9 AND `entryorguid` IN (1484900,1484901);
INSERT INTO `smart_scripts` (`entryorguid`, `source_type`, `id`, `link`, `event_type`, `event_phase_mask`, `event_chance`, `event_flags`, `event_param1`, `event_param2`, `event_param3`, `event_param4`, `event_param5`, `action_type`, `action_param1`, `action_param2`, `action_param3`, `action_param4`, `action_param5`, `action_param6`, `target_type`, `target_param1`, `target_param2`, `target_param3`, `target_param4`, `target_x`, `target_y`, `target_z`, `target_o`, `comment`)
VALUES
(14849,0,0,0,11,0,100,0,0,0,0,0,0,71,1,0,0,0,0,0,1,0,0,0,0,0,0,0,0,'Darkmoon Faire Carnie - On Respawn - Use Equip 1'),
(14849,0,1,0,11,0,100,0,0,0,0,0,0,87,1484900,1484901,0,0,0,0,1,0,0,0,0,0,0,0,0,'Darkmoon Faire Carnie - On Respawn - Call Random Timed Action List'),

(1484900,9,0,0,0,0,100,0,0,0,0,0,0,71,2,0,0,0,0,0,1,0,0,0,0,0,0,0,0,'Darkmoon Faire Carnie - On Script - Use Equip 2'),

(1484901,9,0,0,0,0,100,0,0,0,0,0,0,71,3,0,0,0,0,0,1,0,0,0,0,0,0,0,0,'Darkmoon Faire Carnie - On Script - Use Equip 3'),

(180335,1,0,0,60,0,100,0,5000,5000,5000,5000,0,216,8440,0,0,0,0,0,1,0,0,0,0,0,0,0,0,'Darkmoon Faire Music Doodad - On Update - Play Music ''Darkmoon_Faire_Music''');

DELETE FROM `conditions` WHERE `SourceTypeOrReferenceId` = 22 AND `SourceEntry` = 14849;
DELETE FROM `conditions` WHERE `SourceTypeOrReferenceId` = 14 AND `SourceGroup` = 6201;
INSERT INTO `conditions` (`SourceTypeOrReferenceId`, `SourceGroup`, `SourceEntry`, `SourceId`, `ElseGroup`, `ConditionTypeOrReference`, `ConditionTarget`, `ConditionValue1`, `ConditionValue2`, `ConditionValue3`, `NegativeCondition`, `ErrorType`, `ErrorTextId`, `Comment`)
VALUES
(22,1,14849,0,0,12,1,23,0,0,0,0,0,'Darkmoon Faire Carnie - Group 0: Execute SAI ID 0 only if event ''Darkmoon Faire Building (Elwynn Forest)'' is active'),
(22,1,14849,0,1,12,1,71,0,0,0,0,0,'Darkmoon Faire Carnie - Group 1: Execute SAI ID 0 only if event ''Darkmoon Faire Building (Mulgore)'' is active'),
(22,1,14849,0,2,12,1,77,0,0,0,0,0,'Darkmoon Faire Carnie - Group 2: Execute SAI ID 0 only if event ''Darkmoon Faire Building (Terokkar Forest)'' is active'),

(22,2,14849,0,0,12,1,4,0,0,0,0,0,'Darkmoon Faire Carnie - Group 0: Execute SAI ID 1 only if event ''Darkmoon Faire (Elwynn Forest)'' is active'),
(22,2,14849,0,1,12,1,5,0,0,0,0,0,'Darkmoon Faire Carnie - Group 1: Execute SAI ID 1 only if event ''Darkmoon Faire (Mulgore)'' is active'),
(22,2,14849,0,2,12,1,3,0,0,0,0,0,'Darkmoon Faire Carnie - Group 2: Execute SAI ID 1 only if event ''Darkmoon Faire (Terokkar Forest)'' is active'),

(14,6201,7354,0,0,12,1,3,0,0,1,0,0,'Darkmoon Faire Carnie - Group 0: Show gossip text 7354 if event ''Darkmoon Faire (Terokkar Forest)'' is not active'),
(14,6201,7354,0,0,12,1,4,0,0,1,0,0,'Darkmoon Faire Carnie - Group 0: Show gossip text 7354 if event ''Darkmoon Faire (Elwynn Forest)'' is not active'),
(14,6201,7354,0,0,12,1,5,0,0,1,0,0,'Darkmoon Faire Carnie - Group 0: Show gossip text 7354 if event ''Darkmoon Faire (Mulgore)'' is not active'),

(14,6201,7382,0,0,12,1,23,0,0,1,0,0,'Darkmoon Faire Carnie - Group 0: Show gossip text 7382 if event ''Darkmoon Faire Building (Elwynn Forest)'' is not active'),
(14,6201,7382,0,0,12,1,71,0,0,1,0,0,'Darkmoon Faire Carnie - Group 0: Show gossip text 7382 if event ''Darkmoon Faire Building (Mulgore)'' is not active'),
(14,6201,7382,0,0,12,1,77,0,0,1,0,0,'Darkmoon Faire Carnie - Group 0: Show gossip text 7382 if event ''Darkmoon Faire Building (Terokkar Forest)'' is not active'),
(14,6201,7382,0,0,12,1,3,0,0,1,0,0,'Darkmoon Faire Carnie - Group 0: Show gossip text 7382 if event ''Darkmoon Faire (Terokkar Forest)'' is not active'),

(14,6201,7384,0,0,12,1,23,0,0,1,0,0,'Darkmoon Faire Carnie - Group 0: Show gossip text 7384 if event ''Darkmoon Faire Building (Elwynn Forest)'' is not active'),
(14,6201,7384,0,0,12,1,71,0,0,1,0,0,'Darkmoon Faire Carnie - Group 0: Show gossip text 7384 if event ''Darkmoon Faire Building (Mulgore)'' is not active'),
(14,6201,7384,0,0,12,1,77,0,0,1,0,0,'Darkmoon Faire Carnie - Group 0: Show gossip text 7384 if event ''Darkmoon Faire Building (Terokkar Forest)'' is not active'),
(14,6201,7384,0,0,12,1,4,0,0,1,0,0,'Darkmoon Faire Carnie - Group 0: Show gossip text 7384 if event ''Darkmoon Faire (Elwynn Forest)'' is not active'),
(14,6201,7384,0,0,12,1,5,0,0,1,0,0,'Darkmoon Faire Carnie - Group 0: Show gossip text 7384 if event ''Darkmoon Faire (Mulgore)'' is not active');

--
-- END UPDATING QUERIES
--
COMMIT;
END //
DELIMITER ;
CALL updateDb();
DROP PROCEDURE IF EXISTS `updateDb`;
