-- DB update 2021_09_26_00 -> 2021_09_26_01
DROP PROCEDURE IF EXISTS `updateDb`;
DELIMITER //
CREATE PROCEDURE updateDb ()
proc:BEGIN DECLARE OK VARCHAR(100) DEFAULT 'FALSE';
SELECT COUNT(*) INTO @COLEXISTS
FROM information_schema.COLUMNS
WHERE TABLE_SCHEMA = DATABASE() AND TABLE_NAME = 'version_db_sol_world' AND COLUMN_NAME = '2021_09_26_00';
IF @COLEXISTS = 0 THEN LEAVE proc; END IF;
START TRANSACTION;
ALTER TABLE version_db_sol_world CHANGE COLUMN 2021_09_26_00 2021_09_26_01 bit;
SELECT sql_rev INTO OK FROM version_db_sol_world WHERE sql_rev = '1632678033379218509'; IF OK <> 'FALSE' THEN LEAVE proc; END IF;
--
-- START UPDATING QUERIES
--

INSERT INTO `version_db_sol_world` (`sql_rev`) VALUES ('1632678033379218509');

DELETE FROM `creature` WHERE `guid` BETWEEN 3008908 AND 3008921;
INSERT INTO `creature` (`guid`, `id`, `map`, `zoneId`, `areaId`, `spawnMask`, `phaseMask`, `modelid`, `equipment_id`, `position_x`, `position_y`, `position_z`, `orientation`, `spawntimesecs`, `wander_distance`, `curhealth`, `curmana`, `MovementType`, `npcflag`, `unit_flags`, `dynamicflags`, `VerifiedBuild`)
VALUES
(3008908,14849,1,0,0,1,1,0,1,-1505.35,186.719,-7.79279,2.26235,300,0,1,0,0,0,0,0,0),
(3008909,14849,1,0,0,1,1,0,1,-1542.32,174.961,-7.77243,1.2917,300,0,1,0,0,0,0,0,0),
(3008910,14849,1,0,0,1,1,0,1,-1533.1,157.766,-7.79271,4.8142,300,0,1,0,0,0,0,0,0),
(3008911,14849,1,0,0,1,1,0,1,-1483.93,173.129,-7.79276,4.72938,300,0,1,0,0,0,0,0,0),
(3008912,14849,1,0,0,1,1,0,1,-1457.66,221.991,-7.79258,1.17389,300,0,1,0,0,0,0,0,0),
(3008913,14849,1,0,0,1,1,0,1,-1444.49,212.612,-7.71403,5.71427,300,0,1,0,0,0,0,0,0),
(3008914,14849,1,0,0,1,1,0,1,-1565.79,133.538,-7.80358,5.10951,300,0,1,0,0,0,0,0,0),
(3008915,14849,1,0,0,1,1,0,1,-1637.48,103.278,-17.9481,3.96047,300,0,1,0,0,0,0,0,0),
(3008916,14849,1,0,0,1,1,0,1,-1616.39,113.699,-17.9165,5.71182,300,0,1,0,0,0,0,0,0),
(3008917,14849,1,0,0,1,1,0,1,-1585.75,168.143,-7.42583,1.02063,300,0,1,0,0,0,0,0,0),
(3008918,14849,1,0,0,1,1,0,1,-1559.88,182.607,-7.79263,0.702541,300,0,1,0,0,0,0,0,0),
(3008919,14849,1,0,0,1,1,0,1,-1630.34,91.1907,-17.9471,1.44081,300,0,1,0,0,0,0,0,0),
(3008920,14849,1,0,0,1,1,0,1,-1467.78,188.55,-7.79273,1.01377,300,0,1,0,0,0,0,0,0),
(3008921,14849,1,0,0,1,1,0,1,-1471.75,215.969,-7.79302,2.94193,300,0,1,0,0,0,0,0,0);

DELETE FROM `game_event_creature` WHERE `eventEntry` = -71;
DELETE FROM `game_event_creature` WHERE `guid` BETWEEN 3008908 AND 3008921;
INSERT INTO `game_event_creature` (`eventEntry`, `guid`)
VALUES
(-71,26751), -- Despawn Flatland Cougar
(-71,25324), -- Despawn Elder Plainstrider
(-71,25489), -- Despawn Prairie Stalker
(-71,26719), -- Despawn Flatland Cougar
(71,3008908),
(71,3008909),
(71,3008910),
(71,3008911),
(71,3008912),
(71,3008913),
(71,3008914),
(71,3008915),
(71,3008916),
(71,3008917),
(71,3008918),
(71,3008919),
(71,3008920),
(71,3008921);

DELETE FROM `creature_addon` WHERE `guid` BETWEEN 3008908 AND 3008921;
INSERT INTO `creature_addon` (`guid`, `path_id`, `mount`, `bytes1`, `bytes2`, `emote`, `isLarge`, `auras`)
VALUES
(3008908,0,0,0,4097,234,0,''),
(3008909,0,0,0,4097,234,0,''),
(3008910,0,0,0,4097,234,0,''),
(3008911,0,0,0,4097,234,0,''),
(3008912,0,0,0,4097,234,0,''),
(3008913,0,0,0,4097,234,0,''),
(3008914,0,0,0,4097,234,0,''),
(3008915,0,0,0,4097,234,0,''),
(3008916,0,0,0,4097,234,0,''),
(3008917,0,0,0,4097,69,0,''),
(3008918,0,0,0,4097,69,0,''),
(3008919,0,0,0,4097,69,0,''),
(3008920,0,0,0,4097,69,0,''),
(3008921,0,0,0,4097,69,0,'');

DELETE FROM `gameobject` WHERE `guid` BETWEEN 3008864 AND 3008979;
INSERT INTO `gameobject` (`guid`, `id`, `map`, `zoneId`, `areaId`, `spawnMask`, `phaseMask`, `position_x`, `position_y`, `position_z`, `orientation`, `rotation0`, `rotation1`, `rotation2`, `rotation3`, `spawntimesecs`, `animprogress`, `state`, `VerifiedBuild`)
VALUES
(3008864,178666,1,0,0,1,1,-1480.03,194.661,-7.79279,5.31714,0,0,0.464458,-0.885595,25,0,1,0),
(3008865,179965,1,0,0,1,1,-1487.31,228.588,-6.69648,2.40645,0,0,0.933203,0.35935,25,0,1,0),
(3008866,179965,1,0,0,1,1,-1470.87,166.517,-7.7646,5.11136,0,0,0.55296,-0.833208,25,0,1,0),
(3008867,179965,1,0,0,1,1,-1437.63,216.881,-7.57591,0.505787,0,0,0.250206,0.968193,25,0,1,0),
(3008868,179965,1,0,0,1,1,-1564.16,176.039,-7.82386,4.86554,0,0,0.65094,-0.759129,25,0,1,0),
(3008869,179965,1,0,0,1,1,-1581.13,171.421,-7.79277,5.58417,0,0,0.342435,-0.939541,25,0,1,0),
(3008870,179965,1,0,0,1,1,-1590.91,157.523,-7.23096,6.17322,0,0,0.0549549,-0.998489,25,0,1,0),
(3008871,179965,1,0,0,1,1,-1585.18,145.282,-7.1297,0.516005,0,0,0.25515,0.966902,25,0,1,0),
(3008872,179965,1,0,0,1,1,-1536.28,144.662,-7.11979,2.21953,0,0,0.895594,0.444872,25,0,1,0),
(3008873,179965,1,0,0,1,1,-1555.49,132.563,-7.59478,1.8449,0,0,0.797083,0.603869,25,0,1,0),
(3008874,179965,1,0,0,1,1,-1584.21,131.393,-7.53359,4.51053,0,0,0.774755,-0.632261,25,0,1,0),
(3008875,179965,1,0,0,1,1,-1598.12,101.245,-12.0423,4.96056,0,0,0.614153,-0.789187,25,0,1,0),
(3008876,179965,1,0,0,1,1,-1583.59,102.213,-9.99208,4.96056,0,0,0.614153,-0.789187,25,0,1,0),
(3008877,179965,1,0,0,1,1,-1641.61,105.337,-17.9416,3.75498,0,0,0.953337,-0.301908,25,0,1,0),
(3008878,179965,1,0,0,1,1,-1627.24,126.606,-17.9482,5.21111,0,0,0.510733,-0.859739,25,0,1,0),
(3008879,179965,1,0,0,1,1,-1637.04,121.988,-17.8089,5.25117,0,0,0.493411,-0.869796,25,0,1,0),
(3008880,179965,1,0,0,1,1,-1617.7,87.493,-17.9482,5.73261,0,0,0.271824,-0.962347,25,0,1,0),
(3008881,179965,1,0,0,1,1,-1627.69,82.7048,-17.9481,4.43278,0,0,0.798743,-0.601673,25,0,1,0),
(3008882,180045,1,0,0,1,1,-1468.97,202.423,-7.7928,2.40855,0,0,0.93358,0.35837,180,100,1,0),
(3008883,186253,1,0,0,1,1,-1579.96,128.611,-8.39024,-2.33874,0,0,-0.920505,0.390732,120,0,1,0),
(3008884,180007,1,0,0,1,1,-1541.65,177.301,-7.61854,1.2917,0,0,-0.601877,-0.798589,300,255,1,0),
(3008885,180007,1,0,0,1,1,-1532.85,155.686,-7.79271,1.60978,0,0,-0.720755,-0.69319,300,255,1,0),
(3008886,180007,1,0,0,1,1,-1506.63,188.221,-7.79271,0.898997,0,0,-0.434514,-0.900665,300,255,1,0),
(3008887,180007,1,0,0,1,1,-1484.11,171.401,-7.79276,1.01288,0,0,-0.485067,-0.874477,300,255,1,0),
(3008888,180007,1,0,0,1,1,-1456.88,223.859,-7.79258,1.17389,0,0,-0.553818,-0.832638,300,255,1,0),
(3008889,180007,1,0,0,1,1,-1443.1,211.722,-7.66219,5.71427,0,0,-0.280638,0.959814,300,255,1,0),
(3008890,180007,1,0,0,1,1,-1564.98,131.605,-7.76846,5.10951,0,0,-0.553732,0.832695,300,255,1,0),
(3008891,180007,1,0,0,1,1,-1638.6,102.072,-17.9481,3.96047,0,0,-0.917345,0.398094,300,255,1,0),
(3008892,180007,1,0,0,1,1,-1614.62,112.562,-17.9444,5.71182,0,0,-0.281814,0.959469,300,255,1,0),
(3008893,180043,1,0,0,1,1,-1463.3,224.253,-7.79176,4.73421,0,0,-0.699351,0.714779,300,255,1,0),
(3008894,180043,1,0,0,1,1,-1444.24,208.482,-7.64245,3.70141,0,0,-0.961081,0.276267,300,255,1,0),
(3008895,180043,1,0,0,1,1,-1475.97,169.802,-7.79117,4.05876,0,0,-0.89668,0.442679,300,255,1,0),
(3008896,180043,1,0,0,1,1,-1498.53,195.137,-7.79156,2.3034,0,0,-0.913456,-0.406937,300,255,1,0),
(3008897,180043,1,0,0,1,1,-1524.51,179.08,-7.51522,3.83178,0,0,-0.941043,0.338286,300,255,1,0),
(3008898,180043,1,0,0,1,1,-1499.97,168.766,-7.79166,5.88324,0,0,-0.198643,0.980072,300,255,1,0),
(3008899,180043,1,0,0,1,1,-1516.97,159.144,-7.78423,3.69433,0,0,-0.962052,0.272866,300,255,1,0),
(3008900,180043,1,0,0,1,1,-1542.87,145.247,-7.58576,0.538605,0,0,-0.266059,-0.963957,300,255,1,0),
(3008901,180043,1,0,0,1,1,-1546.24,179.521,-7.49678,2.32774,0,0,-0.918342,-0.395787,300,255,1,0),
(3008902,180043,1,0,0,1,1,-1563.78,186.275,-7.4418,5.11591,0,0,-0.551065,0.834463,300,255,1,0),
(3008903,180043,1,0,0,1,1,-1558.27,135.749,-7.79425,4.97061,0,0,-0.610182,0.792262,300,255,1,0),
(3008904,180043,1,0,0,1,1,-1592.53,150.85,-7.30839,3.01496,0,0,-0.997996,-0.063272,300,255,1,0),
(3008905,180043,1,0,0,1,1,-1584,137.107,-6.80347,3.65899,0,0,-0.966724,0.255823,300,255,1,0),
(3008906,180043,1,0,0,1,1,-1575.29,118.339,-8.249,5.6107,0,0,-0.329941,0.944001,300,255,1,0),
(3008907,180043,1,0,0,1,1,-1595.48,112.127,-12.8805,3.53804,0,0,-0.980418,0.196927,300,255,1,0),
(3008908,180043,1,0,0,1,1,-1605.55,126.117,-14.8112,2.30104,0,0,-0.912975,-0.408015,300,255,1,0),
(3008909,180043,1,0,0,1,1,-1616.87,107.76,-17.9482,4.18129,0,0,-0.867895,0.496747,300,255,1,0),
(3008910,180043,1,0,0,1,1,-1621.88,127.743,-17.9455,4.43026,0,0,-0.799501,0.600665,300,255,1,0),
(3008911,180043,1,0,0,1,1,-1637.91,117.233,-17.8656,3.66842,0,0,-0.965507,0.260378,300,255,1,0),
(3008912,180043,1,0,0,1,1,-1639.31,96.5868,-17.8861,5.67669,0,0,-0.298623,0.954371,300,255,1,0),
(3008913,180043,1,0,0,1,1,-1618.54,79.1763,-17.9482,2.21701,0,0,-0.895032,-0.446002,300,255,1,0),
(3008914,180043,1,0,0,1,1,-1614.5,92.4155,-17.9019,3.41974,0,0,-0.990345,0.138626,300,255,1,0),
(3008915,180043,1,0,0,1,1,-1451.29,182.217,-7.53883,0.474497,0,0,-0.235029,-0.971988,300,255,1,0),
(3008916,180043,1,0,0,1,1,-1451.55,158.889,-6.46127,4.8256,0,0,-0.665971,0.745978,300,255,1,0),
(3008917,180043,1,0,0,1,1,-1441.74,226.811,-7.77921,1.6683,0,0,-0.740725,-0.671809,300,255,1,0),
(3008918,179967,1,0,0,1,1,-1550.82,180.038,-7.68001,4.31081,0,0,-0.833928,0.551873,300,255,1,0),
(3008919,179967,1,0,0,1,1,-1538.08,175.495,-7.76707,1.7567,0,0,-0.769685,-0.638424,300,255,1,0),
(3008920,179967,1,0,0,1,1,-1528.5,157.278,-7.77547,5.08835,0,0,-0.562508,0.826792,300,255,1,0),
(3008921,179967,1,0,0,1,1,-1561.93,135.016,-7.79352,4.44668,0,0,-0.794542,0.607209,300,255,1,0),
(3008922,179967,1,0,0,1,1,-1611.97,115.541,-17.5624,3.54426,0,0,-0.979801,0.199975,300,255,1,0),
(3008923,179967,1,0,0,1,1,-1642.04,107.412,-17.8993,3.15941,0,0,-0.99996,0.00890975,300,255,1,0),
(3008924,179967,1,0,0,1,1,-1626.62,89.4686,-17.9468,1.18257,0,0,-0.557427,-0.830226,300,255,1,0),
(3008925,179967,1,0,0,1,1,-1588.36,167.851,-7.18944,1.00978,0,0,-0.48371,-0.875228,300,255,1,0),
(3008926,179967,1,0,0,1,1,-1567.41,184.672,-7.50291,2.05828,0,0,-0.856857,-0.515554,300,255,1,0),
(3008927,179967,1,0,0,1,1,-1503.11,189.618,-7.79261,2.6057,0,0,-0.964317,-0.264751,300,255,1,0),
(3008928,179967,1,0,0,1,1,-1486.53,173.505,-7.79354,1.39697,0,0,-0.643057,-0.765818,300,255,1,0),
(3008929,179967,1,0,0,1,1,-1470.07,222.681,-7.76523,1.59724,0,0,-0.716396,-0.697694,300,255,1,0),
(3008930,179967,1,0,0,1,1,-1452.05,223.023,-7.79242,2.8044,0,0,-0.985821,-0.167799,300,255,1,0),
(3008931,179967,1,0,0,1,1,-1441.92,214.8,-7.68844,5.89259,0,0,-0.19406,0.98099,300,255,1,0),
(3008932,179967,1,0,0,1,1,-1471.81,189.271,-7.79268,1.40403,0,0,-0.645759,-0.763542,300,255,1,0),
(3008933,179968,1,0,0,1,1,-1619.7,83.502,-17.9489,2.70043,0,0,-0.97577,-0.218798,300,255,1,0),
(3008934,179968,1,0,0,1,1,-1620.21,82.4259,-17.9489,2.70043,0,0,-0.97577,-0.218798,300,255,1,0),
(3008935,179968,1,0,0,1,1,-1619.34,82.0156,-17.9489,2.70043,0,0,-0.97577,-0.218798,300,255,1,0),
(3008936,179968,1,0,0,1,1,-1618.85,83.0663,-17.9482,2.70043,0,0,-0.97577,-0.218798,300,255,1,0),
(3008937,179968,1,0,0,1,1,-1619.41,82.7207,-17.2418,2.6376,0,0,-0.968416,-0.24934,300,255,1,0),
(3008938,179968,1,0,0,1,1,-1459.22,211.729,-7.7924,3.99241,0,0,-0.910871,0.412692,300,255,1,0),
(3008939,179968,1,0,0,1,1,-1460.28,212.652,-7.7926,3.99241,0,0,-0.910871,0.412692,300,255,1,0),
(3008940,179968,1,0,0,1,1,-1460.91,211.934,-7.7926,3.99241,0,0,-0.910871,0.412692,300,255,1,0),
(3008941,179968,1,0,0,1,1,-1459.93,211.076,-7.79277,3.99241,0,0,-0.910871,0.412692,300,255,1,0),
(3008942,179968,1,0,0,1,1,-1460.13,212.007,-7.1172,3.9177,0,0,-0.925648,0.378386,300,255,1,0),
(3008943,179969,1,0,0,1,1,-1640.51,113.606,-17.8011,0.0819955,0,0,-0.0409861,-0.99916,300,255,1,0),
(3008944,179969,1,0,0,1,1,-1632.81,107.9,-17.948,5.62691,0,0,-0.322281,0.946644,300,255,1,0),
(3008945,179969,1,0,0,1,1,-1636.45,90.8462,-17.9366,0.176237,0,0,-0.0880044,-0.99612,300,255,1,0),
(3008946,179969,1,0,0,1,1,-1616.71,93.7664,-17.9475,0.513955,0,0,-0.254158,-0.967163,300,255,1,0),
(3008947,179969,1,0,0,1,1,-1472.48,219.123,-7.79257,3.32568,0,0,-0.995767,0.0919127,300,255,1,0),
(3008948,179969,1,0,0,1,1,-1454.24,203.417,-7.79076,4.76139,0,0,-0.689573,0.724216,300,255,1,0),
(3008949,179969,1,0,0,1,1,-1464.34,200.856,-7.79217,5.05591,0,0,-0.575846,0.817559,300,255,1,0),
(3008950,179969,1,0,0,1,1,-1476.39,202.882,-7.79217,5.55071,0,0,-0.358106,0.933681,300,255,1,0),
(3008951,179969,1,0,0,1,1,-1477.33,201.836,-7.79217,5.55071,0,0,-0.358106,0.933681,300,255,1,0),
(3008952,179969,1,0,0,1,1,-1476.84,202.338,-7.29454,5.49416,0,0,-0.384358,0.923184,300,255,1,0),
(3008953,179969,1,0,0,1,1,-1461.46,187.65,-7.79188,1.20275,0,0,-0.565775,-0.82456,300,255,1,0),
(3008954,179969,1,0,0,1,1,-1568.39,160.453,-7.79155,2.42247,0,0,-0.936051,-0.351864,300,255,1,0),
(3008955,179969,1,0,0,1,1,-1567.5,161.469,-7.79155,2.42247,0,0,-0.936051,-0.351864,300,255,1,0),
(3008956,179969,1,0,0,1,1,-1566.81,160.862,-7.79155,2.42247,0,0,-0.936051,-0.351864,300,255,1,0),
(3008957,179969,1,0,0,1,1,-1567.73,159.814,-7.79155,2.42247,0,0,-0.936051,-0.351864,300,255,1,0),
(3008958,179969,1,0,0,1,1,-1567.56,160.418,-7.1565,2.22376,0,0,-0.896534,-0.442975,300,255,1,0),
(3008959,179969,1,0,0,1,1,-1554.21,146.523,-7.79272,5.25462,0,0,-0.491912,0.870645,300,255,1,0),
(3008960,179969,1,0,0,1,1,-1555.41,145.801,-7.79272,5.25462,0,0,-0.491912,0.870645,300,255,1,0),
(3008961,179969,1,0,0,1,1,-1556,146.771,-7.79272,5.25462,0,0,-0.491912,0.870645,300,255,1,0),
(3008962,179969,1,0,0,1,1,-1554.88,147.447,-7.79272,5.25462,0,0,-0.491912,0.870645,300,255,1,0),
(3008963,179969,1,0,0,1,1,-1555.15,146.785,-7.19226,5.82324,0,0,-0.227949,0.973673,300,255,1,0),
(3008964,179977,1,0,0,1,1,-1441.95,214.799,-6.69517,2.92277,0,0,-0.99402,-0.109196,300,255,1,0),
(3008965,179977,1,0,0,1,1,-1452,223.021,-6.79916,0.666315,0,0,-0.327029,-0.945015,300,255,1,0),
(3008966,179977,1,0,0,1,1,-1470.17,222.716,-6.77195,5.54129,0,0,-0.3625,0.931984,300,255,1,0),
(3008967,179977,1,0,0,1,1,-1471.77,189.195,-6.79939,2.22376,0,0,-0.896534,-0.442975,300,255,1,0),
(3008968,179977,1,0,0,1,1,-1486.54,173.482,-6.80021,5.78868,0,0,-0.244741,0.969588,300,255,1,0),
(3008969,179977,1,0,0,1,1,-1503.13,189.583,-6.79936,2.7806,0,0,-0.983755,-0.179516,300,255,1,0),
(3008970,179977,1,0,0,1,1,-1528.44,157.308,-6.78214,1.41557,0,0,-0.650154,-0.759802,300,255,1,0),
(3008971,179977,1,0,0,1,1,-1538.06,175.527,-6.77382,3.04056,0,0,-0.998725,-0.0504927,300,255,1,0),
(3008972,179977,1,0,0,1,1,-1567.33,184.696,-6.50965,2.91097,0,0,-0.993359,-0.115055,300,255,1,0),
(3008973,179977,1,0,0,1,1,-1567.47,160.418,-6.52153,2.64,0,0,-0.968716,-0.248173,300,255,1,0),
(3008974,179977,1,0,0,1,1,-1561.83,134.967,-6.8002,2.6133,0,0,-0.965316,-0.261086,300,255,1,0),
(3008975,179977,1,0,0,1,1,-1588.41,167.861,-6.1962,1.93393,0,0,-0.823166,-0.567801,300,255,1,0),
(3008976,179977,1,0,0,1,1,-1612.01,115.587,-16.5691,0.29638,0,0,-0.147648,-0.98904,300,255,1,0),
(3008977,179977,1,0,0,1,1,-1641.92,107.41,-16.905,3.39635,0,0,-0.991898,0.127033,300,255,1,0),
(3008978,179977,1,0,0,1,1,-1626.73,89.4102,-16.9535,1.1776,0,0,-0.555363,-0.831608,300,255,1,0),
(3008979,179977,1,0,0,1,1,-1619.43,82.7,-16.5363,1.46505,0,0,-0.66875,-0.743487,300,255,1,0);

DELETE FROM `game_event_gameobject` WHERE `guid` BETWEEN 3008864 AND 3008979;
INSERT INTO `game_event_gameobject` (`eventEntry`, `guid`)
VALUES
(71,3008864),
(71,3008865),
(71,3008866),
(71,3008867),
(71,3008868),
(71,3008869),
(71,3008870),
(71,3008871),
(71,3008872),
(71,3008873),
(71,3008874),
(71,3008875),
(71,3008876),
(71,3008877),
(71,3008878),
(71,3008879),
(71,3008880),
(71,3008881),
(71,3008882),
(71,3008883),
(71,3008884),
(71,3008885),
(71,3008886),
(71,3008887),
(71,3008888),
(71,3008889),
(71,3008890),
(71,3008891),
(71,3008892),
(71,3008893),
(71,3008894),
(71,3008895),
(71,3008896),
(71,3008897),
(71,3008898),
(71,3008899),
(71,3008900),
(71,3008901),
(71,3008902),
(71,3008903),
(71,3008904),
(71,3008905),
(71,3008906),
(71,3008907),
(71,3008908),
(71,3008909),
(71,3008910),
(71,3008911),
(71,3008912),
(71,3008913),
(71,3008914),
(71,3008915),
(71,3008916),
(71,3008917),
(71,3008918),
(71,3008919),
(71,3008920),
(71,3008921),
(71,3008922),
(71,3008923),
(71,3008924),
(71,3008925),
(71,3008926),
(71,3008927),
(71,3008928),
(71,3008929),
(71,3008930),
(71,3008931),
(71,3008932),
(71,3008933),
(71,3008934),
(71,3008935),
(71,3008936),
(71,3008937),
(71,3008938),
(71,3008939),
(71,3008940),
(71,3008941),
(71,3008942),
(71,3008943),
(71,3008944),
(71,3008945),
(71,3008946),
(71,3008947),
(71,3008948),
(71,3008949),
(71,3008950),
(71,3008951),
(71,3008952),
(71,3008953),
(71,3008954),
(71,3008955),
(71,3008956),
(71,3008957),
(71,3008958),
(71,3008959),
(71,3008960),
(71,3008961),
(71,3008962),
(71,3008963),
(71,3008964),
(71,3008965),
(71,3008966),
(71,3008967),
(71,3008968),
(71,3008969),
(71,3008970),
(71,3008971),
(71,3008972),
(71,3008973),
(71,3008974),
(71,3008975),
(71,3008976),
(71,3008977),
(71,3008978),
(71,3008979);

--
-- END UPDATING QUERIES
--
COMMIT;
END //
DELIMITER ;
CALL updateDb();
DROP PROCEDURE IF EXISTS `updateDb`;
