UPDATE `creature` SET `spawntimesecs` = 300 WHERE `guid` IN (84620,84621,74509,74510,74511);
UPDATE `creature` SET `position_x` = -3287.88, `position_y` = 1913.62, `position_z` = 142.816, `orientation` = 1.92647, `wander_distance` = 0, `MovementType` = 2 WHERE `guid` = 73602;
UPDATE `creature` SET `position_x` = -3249.29, `position_y` = 1934.06, `position_z` = 106.554, `orientation` = 0.656375, `wander_distance` = 0, `MovementType` = 2 WHERE `guid` = 73601;
UPDATE `creature` SET `position_x` = -3250.86, `position_y` = 1936.55, `position_z` = 106.418, `orientation` = 0.67601, `wander_distance` = 0, `MovementType` = 0 WHERE `guid` = 73646;
UPDATE `creature` SET `position_x` = -3293.29, `position_y` = 1980.28, `position_z` = 52.5004, `orientation` = 1.96797, `wander_distance` = 0, `MovementType` = 2 WHERE `guid` = 73596;
UPDATE `creature` SET `position_x` = -3296.29, `position_y` = 1979.64, `position_z` = 52.7014, `orientation` = 1.94049, `wander_distance` = 0, `MovementType` = 0 WHERE `guid` = 73641;
UPDATE `creature` SET `position_x` = -3276.65, `position_y` = 2017.21, `position_z` = 61.8635, `orientation` = 1.64752, `wander_distance` = 0, `MovementType` = 2 WHERE `guid` = 73595;
UPDATE `creature` SET `position_x` = -3273.94, `position_y` = 2016.75, `position_z` = 61.9336, `orientation` = 1.61217, `wander_distance` = 0, `MovementType` = 0 WHERE `guid` = 73640;
UPDATE `creature` SET `position_x` = -3318.64, `position_y` = 2136.24, `position_z` = 5.99143, `orientation` = 3.99981, `wander_distance` = 0, `MovementType` = 2 WHERE `guid` = 73597;
UPDATE `creature` SET `position_x` = -3321.79, `position_y` = 2137.95, `position_z` = 4.11432, `orientation` = 4.1883, `wander_distance` = 0, `MovementType` = 0 WHERE `guid` = 73642;
UPDATE `creature` SET `position_x` = -3448.37, `position_y` = 2142.68, `position_z` = 31.5214, `orientation` = 5.49736, `wander_distance` = 0, `MovementType` = 2 WHERE `guid` = 73599;
UPDATE `creature` SET `position_x` = -3445.78, `position_y` = 2145.97, `position_z` = 31.5214, `orientation` = 5.5759, `wander_distance` = 0, `MovementType` = 0 WHERE `guid` = 73644;

DELETE FROM `creature_addon` WHERE `guid` IN (73602,73601,73596,73595,73597,73599);
INSERT INTO `creature_addon` (`guid`, `path_id`, `mount`, `bytes1`, `bytes2`, `emote`, `isLarge`, `auras`)
VALUES
(73602,736020,0,0,1,0,0,NULL),
(73601,736010,0,0,1,0,0,NULL),
(73596,735960,0,0,1,0,0,NULL),
(73595,735950,0,0,1,0,0,NULL),
(73597,735970,0,0,1,0,0,NULL),
(73599,735990,0,0,1,0,0,NULL);

DELETE FROM `creature` WHERE `guid` = 3009658;
INSERT INTO `creature` (`guid`, `id`, `map`, `zoneId`, `areaId`, `spawnMask`, `phaseMask`, `modelid`, `equipment_id`, `position_x`, `position_y`, `position_z`, `orientation`, `spawntimesecs`, `wander_distance`, `curhealth`, `curmana`, `MovementType`, `npcflag`, `unit_flags`, `dynamicflags`, `VerifiedBuild`)
VALUES
(3009658,20887,530,0,0,1,1,0,0,-3285.55,1914.69,143.133,1.9736,300,0,1,0,0,0,0,0,0);

DELETE FROM `creature_formations` WHERE `leaderGUID` IN (73602,73601,73596,73595,73597,73599);
INSERT INTO `creature_formations` (`leaderGUID`, `memberGUID`, `dist`, `angle`, `groupAI`)
VALUES
(73602,73602,0,0,2),
(73602,3009658,3,90,2),

(73601,73601,0,0,2),
(73601,73646,3,270,2),

(73596,73596,0,0,2),
(73596,73641,3,270,2),

(73595,73595,0,0,2),
(73595,73640,3,90,2),

(73597,73597,0,0,2),
(73597,73642,3,90,2),

(73599,73599,0,0,2),
(73599,73644,3,270,2);

DELETE FROM `waypoint_data` WHERE `id` IN (736020,736010,735960,735950,735970,735990);
INSERT INTO `waypoint_data` (`id`, `point`, `position_x`, `position_y`, `position_z`, `orientation`, `delay`, `move_type`, `pathfinding`, `action`, `action_chance`, `wpguid`)
VALUES
(735990,1,-3448.37,2142.68,31.5214,NULL,0,0,0,0,100,0),
(735990,2,-3445.24,2139.55,31.9436,NULL,0,0,0,0,100,0),
(735990,3,-3441.36,2135.67,32.8956,NULL,0,0,0,0,100,0),
(735990,4,-3438.07,2132.37,33.7055,NULL,0,0,0,0,100,0),
(735990,5,-3434.89,2129.2,34.467,NULL,0,0,0,0,100,0),
(735990,6,-3430.44,2124.74,34.4706,NULL,0,0,0,0,100,0),
(735990,7,-3426.07,2120.37,34.4744,NULL,0,0,0,0,100,0),
(735990,8,-3421.38,2115.67,34.4785,NULL,0,0,0,0,100,0),
(735990,9,-3416.68,2110.96,34.4185,NULL,0,0,0,0,100,0),
(735990,10,-3411.81,2106.1,34.2773,NULL,0,0,0,0,100,0),
(735990,11,-3406.86,2101.15,34.2697,NULL,0,0,0,0,100,0),
(735990,12,-3401.84,2096.11,34.2635,NULL,0,0,0,0,100,0),
(735990,13,-3396.97,2091.25,34.2577,NULL,0,0,0,0,100,0),
(735990,14,-3392.52,2086.79,34.2591,NULL,0,0,0,0,100,0),
(735990,15,-3390.2,2081.43,34.2305,NULL,0,0,0,0,100,0),
(735990,16,-3387.66,2075.55,34.2327,NULL,0,0,0,0,100,0),
(735990,17,-3385.25,2069.98,34.2693,NULL,0,0,0,0,100,0),
(735990,18,-3383.31,2065.48,34.3994,NULL,0,0,0,0,100,0),
(735990,19,-3385.25,2069.98,34.2693,NULL,0,0,0,0,100,0),
(735990,20,-3387.66,2075.55,34.2327,NULL,0,0,0,0,100,0),
(735990,21,-3390.2,2081.43,34.2305,NULL,0,0,0,0,100,0),
(735990,22,-3392.52,2086.79,34.2591,NULL,0,0,0,0,100,0),
(735990,23,-3396.97,2091.25,34.2577,NULL,0,0,0,0,100,0),
(735990,24,-3401.84,2096.11,34.2635,NULL,0,0,0,0,100,0),
(735990,25,-3406.86,2101.15,34.2697,NULL,0,0,0,0,100,0),
(735990,26,-3411.81,2106.1,34.2773,NULL,0,0,0,0,100,0),
(735990,27,-3416.68,2110.96,34.4185,NULL,0,0,0,0,100,0),
(735990,28,-3421.38,2115.67,34.4785,NULL,0,0,0,0,100,0),
(735990,29,-3426.07,2120.37,34.4744,NULL,0,0,0,0,100,0),
(735990,30,-3430.44,2124.74,34.4706,NULL,0,0,0,0,100,0),
(735990,31,-3434.89,2129.2,34.467,NULL,0,0,0,0,100,0),
(735990,32,-3438.07,2132.37,33.7055,NULL,0,0,0,0,100,0),
(735990,33,-3441.36,2135.67,32.8956,NULL,0,0,0,0,100,0),
(735990,34,-3445.24,2139.55,31.9436,NULL,0,0,0,0,100,0),

(735970,1,-3318.64,2136.24,5.99143,NULL,0,0,0,0,100,0),
(735970,2,-3322.23,2132.09,3.71666,NULL,0,0,0,0,100,0),
(735970,3,-3324.44,2129.53,2.61591,NULL,0,0,0,0,100,0),
(735970,4,-3328.79,2124.5,0.656971,NULL,0,0,0,0,100,0),
(735970,5,-3331.54,2121.32,1.66847,NULL,0,0,0,0,100,0),
(735970,6,-3335.43,2116.82,2.28467,NULL,0,0,0,0,100,0),
(735970,7,-3339.85,2111.7,3.34192,NULL,0,0,0,0,100,0),
(735970,8,-3342.6,2108.52,4.60752,NULL,0,0,0,0,100,0),
(735970,9,-3346.22,2104.32,5.56338,NULL,0,0,0,0,100,0),
(735970,10,-3348.81,2101.32,6.02984,NULL,0,0,0,0,100,0),
(735970,11,-3353.08,2096.38,5.3141,NULL,0,0,0,0,100,0),
(735970,12,-3357.15,2092.2,4.96906,NULL,0,0,0,0,100,0),
(735970,13,-3360.73,2088.52,4.74217,NULL,0,0,0,0,100,0),
(735970,14,-3364.71,2084.42,5.27578,NULL,0,0,0,0,100,0),
(735970,15,-3369.27,2079.74,5.94339,NULL,0,0,0,0,100,0),
(735970,16,-3375.96,2077.32,7.42598,NULL,0,0,0,0,100,0),
(735970,17,-3381.12,2075.45,7.93147,NULL,0,0,0,0,100,0),
(735970,18,-3387.15,2073.26,8.7357,NULL,0,0,0,0,100,0),
(735970,19,-3391.86,2071.55,9.71423,NULL,0,0,0,0,100,0),
(735970,20,-3394.29,2067.57,12.8338,NULL,0,0,0,0,100,0),
(735970,21,-3397.07,2063,14.8232,NULL,0,0,0,0,100,0),
(735970,22,-3399.38,2059.22,14.895,NULL,0,0,0,0,100,0),
(735970,23,-3403.1,2053.13,15.2806,NULL,0,0,0,0,100,0),
(735970,24,-3408.25,2053.88,15.2956,NULL,0,0,0,0,100,0),
(735970,25,-3413.91,2054.71,15.2685,NULL,0,0,0,0,100,0),
(735970,26,-3419.34,2055.51,15.2092,NULL,0,0,0,0,100,0),
(735970,27,-3424.87,2056.32,15.1771,NULL,0,0,0,0,100,0),
(735970,28,-3431.39,2056.74,15.2297,NULL,0,0,0,0,100,0),
(735970,29,-3437.57,2057.14,15.314,NULL,0,0,0,0,100,0),
(735970,30,-3443.62,2057.53,15.5995,NULL,0,0,0,0,100,0),
(735970,31,-3448.74,2057.86,15.8082,NULL,0,0,0,0,100,0),
(735970,32,-3443.62,2057.53,15.5995,NULL,0,0,0,0,100,0),
(735970,33,-3437.57,2057.14,15.314,NULL,0,0,0,0,100,0),
(735970,34,-3431.39,2056.74,15.2297,NULL,0,0,0,0,100,0),
(735970,35,-3424.87,2056.32,15.1771,NULL,0,0,0,0,100,0),
(735970,36,-3419.34,2055.51,15.2092,NULL,0,0,0,0,100,0),
(735970,37,-3413.91,2054.71,15.2685,NULL,0,0,0,0,100,0),
(735970,38,-3408.25,2053.88,15.2956,NULL,0,0,0,0,100,0),
(735970,39,-3403.1,2053.13,15.2806,NULL,0,0,0,0,100,0),
(735970,40,-3399.38,2059.22,14.895,NULL,0,0,0,0,100,0),
(735970,41,-3397.07,2063,14.8232,NULL,0,0,0,0,100,0),
(735970,42,-3394.29,2067.57,12.8338,NULL,0,0,0,0,100,0),
(735970,43,-3391.86,2071.55,9.71423,NULL,0,0,0,0,100,0),
(735970,44,-3387.15,2073.26,8.7357,NULL,0,0,0,0,100,0),
(735970,45,-3381.12,2075.45,7.93147,NULL,0,0,0,0,100,0),
(735970,46,-3375.96,2077.32,7.42598,NULL,0,0,0,0,100,0),
(735970,47,-3369.27,2079.74,5.94339,NULL,0,0,0,0,100,0),
(735970,48,-3364.71,2084.42,5.27578,NULL,0,0,0,0,100,0),
(735970,49,-3360.73,2088.52,4.74217,NULL,0,0,0,0,100,0),
(735970,50,-3357.15,2092.2,4.96906,NULL,0,0,0,0,100,0),
(735970,51,-3353.08,2096.38,5.3141,NULL,0,0,0,0,100,0),
(735970,52,-3348.81,2101.32,6.02984,NULL,0,0,0,0,100,0),
(735970,53,-3346.22,2104.32,5.56338,NULL,0,0,0,0,100,0),
(735970,54,-3342.6,2108.52,4.60752,NULL,0,0,0,0,100,0),
(735970,55,-3339.85,2111.7,3.34192,NULL,0,0,0,0,100,0),
(735970,56,-3335.43,2116.82,2.28467,NULL,0,0,0,0,100,0),
(735970,57,-3331.54,2121.32,1.66847,NULL,0,0,0,0,100,0),
(735970,58,-3328.79,2124.5,0.656971,NULL,0,0,0,0,100,0),
(735970,59,-3324.44,2129.53,2.61591,NULL,0,0,0,0,100,0),
(735970,60,-3322.23,2132.09,3.71666,NULL,0,0,0,0,100,0),

(735950,1,-3276.65,2017.21,61.8635,NULL,0,0,0,0,100,0),
(735950,2,-3277.23,2024.77,63.4971,NULL,0,0,0,0,100,0),
(735950,3,-3277.76,2031.63,65.2024,NULL,0,0,0,0,100,0),
(735950,4,-3278.26,2038.15,66.8359,NULL,0,0,0,0,100,0),
(735950,5,-3278.76,2044.55,68.6377,NULL,0,0,0,0,100,0),
(735950,6,-3279.16,2049.78,70.1744,NULL,0,0,0,0,100,0),
(735950,7,-3276.15,2053.94,71.0927,NULL,0,0,0,0,100,0),
(735950,8,-3272.46,2059.05,72.4667,NULL,0,0,0,0,100,0),
(735950,9,-3268.56,2064.43,73.447,NULL,0,0,0,0,100,0),
(735950,10,-3264.25,2070.39,74.5819,NULL,0,0,0,0,100,0),
(735950,11,-3259.24,2073.81,75.3398,NULL,0,0,0,0,100,0),
(735950,12,-3252.98,2078.09,76.0319,NULL,0,0,0,0,100,0),
(735950,13,-3246.62,2082.43,76.7892,NULL,0,0,0,0,100,0),
(735950,14,-3242.38,2085.32,77.3886,NULL,0,0,0,0,100,0),
(735950,15,-3238.82,2087.76,77.481,NULL,0,0,0,0,100,0),
(735950,16,-3233.3,2090.55,77.405,NULL,0,0,0,0,100,0),
(735950,17,-3227.37,2093.56,77.0026,NULL,0,0,0,0,100,0),
(735950,18,-3222.07,2096.25,76.7612,NULL,0,0,0,0,100,0),
(735950,19,-3216.45,2099.1,76.2352,NULL,0,0,0,0,100,0),
(735950,20,-3210.62,2102.06,75.5985,NULL,0,0,0,0,100,0),
(735950,21,-3216.45,2099.1,76.2352,NULL,0,0,0,0,100,0),
(735950,22,-3222.07,2096.25,76.7612,NULL,0,0,0,0,100,0),
(735950,23,-3227.37,2093.56,77.0026,NULL,0,0,0,0,100,0),
(735950,24,-3233.3,2090.55,77.405,NULL,0,0,0,0,100,0),
(735950,25,-3238.82,2087.76,77.481,NULL,0,0,0,0,100,0),
(735950,26,-3242.38,2085.32,77.3886,NULL,0,0,0,0,100,0),
(735950,27,-3246.62,2082.43,76.7892,NULL,0,0,0,0,100,0),
(735950,28,-3252.98,2078.09,76.0319,NULL,0,0,0,0,100,0),
(735950,29,-3259.24,2073.81,75.3398,NULL,0,0,0,0,100,0),
(735950,30,-3264.25,2070.39,74.5819,NULL,0,0,0,0,100,0),
(735950,31,-3268.56,2064.43,73.447,NULL,0,0,0,0,100,0),
(735950,32,-3272.46,2059.05,72.4667,NULL,0,0,0,0,100,0),
(735950,33,-3276.15,2053.94,71.0927,NULL,0,0,0,0,100,0),
(735950,34,-3279.16,2049.78,70.1744,NULL,0,0,0,0,100,0),
(735950,35,-3278.76,2044.55,68.6377,NULL,0,0,0,0,100,0),
(735950,36,-3278.26,2038.15,66.8359,NULL,0,0,0,0,100,0),
(735950,37,-3277.76,2031.63,65.2024,NULL,0,0,0,0,100,0),
(735950,38,-3277.23,2024.77,63.4971,NULL,0,0,0,0,100,0),

(735960,1,-3293.29,1980.28,52.5004,NULL,0,0,0,0,100,0),
(735960,2,-3295.23,1984.9,51.2183,NULL,0,0,0,0,100,0),
(735960,3,-3297.08,1989.31,49.8566,NULL,0,0,0,0,100,0),
(735960,4,-3299.11,1994.15,48.9479,NULL,0,0,0,0,100,0),
(735960,5,-3300.19,1996.74,48.3054,NULL,0,0,0,0,100,0),
(735960,6,-3301.5,1999.86,47.0784,NULL,0,0,0,0,100,0),
(735960,7,-3303.22,2003.95,45.3631,NULL,0,0,0,0,100,0),
(735960,8,-3305.38,2009.11,43.369,NULL,0,0,0,0,100,0),
(735960,9,-3307.01,2012.99,42.0468,NULL,0,0,0,0,100,0),
(735960,10,-3309,2017.72,41.1889,NULL,0,0,0,0,100,0),
(735960,11,-3313.78,2017.61,39.7857,NULL,0,0,0,0,100,0),
(735960,12,-3318.45,2017.49,38.3699,NULL,0,0,0,0,100,0),
(735960,13,-3323.58,2017.37,36.7582,NULL,0,0,0,0,100,0),
(735960,14,-3327.66,2017.27,35.3041,NULL,0,0,0,0,100,0),
(735960,15,-3331.98,2017.17,33.7484,NULL,0,0,0,0,100,0),
(735960,16,-3335.13,2017.09,33.0567,NULL,0,0,0,0,100,0),
(735960,17,-3336.95,2014.97,32.2765,NULL,0,0,0,0,100,0),
(735960,18,-3339.53,2011.96,32.2688,NULL,0,0,0,0,100,0),
(735960,19,-3341.59,2009.58,32.2243,NULL,0,0,0,0,100,0),
(735960,20,-3344.25,2006.48,31.9077,NULL,0,0,0,0,100,0),
(735960,21,-3346.84,2003.47,32.0741,NULL,0,0,0,0,100,0),
(735960,22,-3348.51,2001.52,32.1199,NULL,0,0,0,0,100,0),
(735960,23,-3351.1,1998.52,31.1749,NULL,0,0,0,0,100,0),
(735960,24,-3353.45,1995.78,30.4518,NULL,0,0,0,0,100,0),
(735960,25,-3356.87,1991.8,29.2285,NULL,0,0,0,0,100,0),
(735960,26,-3359.16,1989.14,28.5829,NULL,0,0,0,0,100,0),
(735960,27,-3361.75,1986.13,27.6812,NULL,0,0,0,0,100,0),
(735960,28,-3366.01,1986.86,27.3429,NULL,0,0,0,0,100,0),
(735960,29,-3368.99,1987.36,27.0484,NULL,0,0,0,0,100,0),
(735960,30,-3374.06,1988.22,24.963,NULL,0,0,0,0,100,0),
(735960,31,-3378.54,1988.99,25.1034,NULL,0,0,0,0,100,0),
(735960,32,-3383.95,1989.9,25.2446,NULL,0,0,0,0,100,0),
(735960,33,-3389.46,1990.84,25.3682,NULL,0,0,0,0,100,0),
(735960,34,-3394.98,1991.78,25.9147,NULL,0,0,0,0,100,0),
(735960,35,-3389.46,1990.84,25.3682,NULL,0,0,0,0,100,0),
(735960,36,-3383.95,1989.9,25.2446,NULL,0,0,0,0,100,0),
(735960,37,-3378.54,1988.99,25.1034,NULL,0,0,0,0,100,0),
(735960,38,-3374.06,1988.22,24.963,NULL,0,0,0,0,100,0),
(735960,39,-3368.99,1987.36,27.0484,NULL,0,0,0,0,100,0),
(735960,40,-3366.01,1986.86,27.3429,NULL,0,0,0,0,100,0),
(735960,41,-3361.75,1986.13,27.6812,NULL,0,0,0,0,100,0),
(735960,42,-3359.16,1989.14,28.5829,NULL,0,0,0,0,100,0),
(735960,43,-3356.87,1991.8,29.2285,NULL,0,0,0,0,100,0),
(735960,44,-3353.45,1995.78,30.4518,NULL,0,0,0,0,100,0),
(735960,45,-3351.1,1998.52,31.1749,NULL,0,0,0,0,100,0),
(735960,46,-3348.51,2001.52,32.1199,NULL,0,0,0,0,100,0),
(735960,47,-3346.84,2003.47,32.0741,NULL,0,0,0,0,100,0),
(735960,48,-3344.25,2006.48,31.9077,NULL,0,0,0,0,100,0),
(735960,49,-3341.59,2009.58,32.2243,NULL,0,0,0,0,100,0),
(735960,50,-3339.53,2011.96,32.2688,NULL,0,0,0,0,100,0),
(735960,51,-3336.95,2014.97,32.2765,NULL,0,0,0,0,100,0),
(735960,52,-3335.13,2017.09,33.0567,NULL,0,0,0,0,100,0),
(735960,53,-3331.98,2017.17,33.7484,NULL,0,0,0,0,100,0),
(735960,54,-3327.66,2017.27,35.3041,NULL,0,0,0,0,100,0),
(735960,55,-3323.58,2017.37,36.7582,NULL,0,0,0,0,100,0),
(735960,56,-3318.45,2017.49,38.3699,NULL,0,0,0,0,100,0),
(735960,57,-3313.78,2017.61,39.7857,NULL,0,0,0,0,100,0),
(735960,58,-3309,2017.72,41.1889,NULL,0,0,0,0,100,0),
(735960,59,-3307.01,2012.99,42.0468,NULL,0,0,0,0,100,0),
(735960,60,-3305.38,2009.11,43.369,NULL,0,0,0,0,100,0),
(735960,61,-3303.22,2003.95,45.3631,NULL,0,0,0,0,100,0),
(735960,62,-3301.5,1999.86,47.0784,NULL,0,0,0,0,100,0),
(735960,63,-3300.19,1996.74,48.3054,NULL,0,0,0,0,100,0),
(735960,64,-3299.11,1994.15,48.9479,NULL,0,0,0,0,100,0),
(735960,65,-3297.08,1989.31,49.8566,NULL,0,0,0,0,100,0),
(735960,66,-3295.23,1984.9,51.2183,NULL,0,0,0,0,100,0),

(736010,1,-3249.29,1934.06,106.554,NULL,0,0,0,0,100,0),
(736010,2,-3245.23,1937.19,108.185,NULL,0,0,0,0,100,0),
(736010,3,-3240.53,1940.81,109.98,NULL,0,0,0,0,100,0),
(736010,4,-3235.05,1946.68,110.428,NULL,0,0,0,0,100,0),
(736010,5,-3228.7,1953.48,110.628,NULL,0,0,0,0,100,0),
(736010,6,-3224.91,1959.35,109.635,NULL,0,0,0,0,100,0),
(736010,7,-3220.28,1966.5,108.965,NULL,0,0,0,0,100,0),
(736010,8,-3217.23,1971.2,108.158,NULL,0,0,0,0,100,0),
(736010,9,-3214.13,1976,107.252,NULL,0,0,0,0,100,0),
(736010,10,-3210.96,1980.9,106.727,NULL,0,0,0,0,100,0),
(736010,11,-3208.67,1984.44,106.556,NULL,0,0,0,0,100,0),
(736010,12,-3207.28,1986.59,106.309,NULL,0,0,0,0,100,0),
(736010,13,-3204.24,1991.29,104.925,NULL,0,0,0,0,100,0),
(736010,14,-3201.06,1996.19,103.424,NULL,0,0,0,0,100,0),
(736010,15,-3198.28,2000.5,101.873,NULL,0,0,0,0,100,0),
(736010,16,-3196.06,2003.93,100.583,NULL,0,0,0,0,100,0),
(736010,17,-3193.14,2008.44,98.8196,NULL,0,0,0,0,100,0),
(736010,18,-3190.67,2012.26,97.2508,NULL,0,0,0,0,100,0),
(736010,19,-3188.68,2015.33,95.9883,NULL,0,0,0,0,100,0),
(736010,20,-3186.8,2018.23,94.7209,NULL,0,0,0,0,100,0),
(736010,21,-3185.53,2020.2,93.9688,NULL,0,0,0,0,100,0),
(736010,22,-3183.37,2023.54,93.6384,NULL,0,0,0,0,100,0),
(736010,23,-3180.9,2027.36,93.3033,NULL,0,0,0,0,100,0),
(736010,24,-3183.37,2023.54,93.6384,NULL,0,0,0,0,100,0),
(736010,25,-3185.53,2020.2,93.9688,NULL,0,0,0,0,100,0),
(736010,26,-3186.8,2018.23,94.7209,NULL,0,0,0,0,100,0),
(736010,27,-3188.68,2015.33,95.9883,NULL,0,0,0,0,100,0),
(736010,28,-3190.67,2012.26,97.2508,NULL,0,0,0,0,100,0),
(736010,29,-3193.14,2008.44,98.8196,NULL,0,0,0,0,100,0),
(736010,30,-3196.06,2003.93,100.583,NULL,0,0,0,0,100,0),
(736010,31,-3198.28,2000.5,101.873,NULL,0,0,0,0,100,0),
(736010,32,-3201.06,1996.19,103.424,NULL,0,0,0,0,100,0),
(736010,33,-3204.24,1991.29,104.925,NULL,0,0,0,0,100,0),
(736010,34,-3207.28,1986.59,106.309,NULL,0,0,0,0,100,0),
(736010,35,-3208.67,1984.44,106.556,NULL,0,0,0,0,100,0),
(736010,36,-3210.96,1980.9,106.727,NULL,0,0,0,0,100,0),
(736010,37,-3214.13,1976,107.252,NULL,0,0,0,0,100,0),
(736010,38,-3217.23,1971.2,108.158,NULL,0,0,0,0,100,0),
(736010,39,-3220.28,1966.5,108.965,NULL,0,0,0,0,100,0),
(736010,40,-3224.91,1959.35,109.635,NULL,0,0,0,0,100,0),
(736010,41,-3228.7,1953.48,110.628,NULL,0,0,0,0,100,0),
(736010,42,-3235.05,1946.68,110.428,NULL,0,0,0,0,100,0),
(736010,43,-3240.53,1940.81,109.98,NULL,0,0,0,0,100,0),
(736010,44,-3245.23,1937.19,108.185,NULL,0,0,0,0,100,0),

(736020,1,-3287.88,1913.62,142.816,NULL,0,0,0,0,100,0),
(736020,2,-3291.29,1922.8,142.951,NULL,0,0,0,0,100,0),
(736020,3,-3287.1,1927.51,143.98,NULL,0,0,0,0,100,0),
(736020,4,-3281.69,1933.6,144.613,NULL,0,0,0,0,100,0),
(736020,5,-3278.76,1935.01,144.805,NULL,0,0,0,0,100,0),
(736020,6,-3272.97,1937.78,144.619,NULL,0,0,0,0,100,0),
(736020,7,-3267.72,1940.31,144.376,NULL,0,0,0,0,100,0),
(736020,8,-3264.57,1941.82,144.085,NULL,0,0,0,0,100,0),
(736020,9,-3260.36,1943.84,143.46,NULL,0,0,0,0,100,0),
(736020,10,-3257.1,1945.4,143.348,NULL,0,0,0,0,100,0),
(736020,11,-3251.73,1947.98,143.107,NULL,0,0,0,0,100,0),
(736020,12,-3248.37,1949.59,143.713,NULL,0,0,0,0,100,0),
(736020,13,-3246.58,1950.45,143.598,NULL,0,0,0,0,100,0),
(736020,14,-3243.32,1952.02,144.265,NULL,0,0,0,0,100,0),
(736020,15,-3239.63,1953.79,144.968,NULL,0,0,0,0,100,0),
(736020,16,-3235.64,1955.7,145.516,NULL,0,0,0,0,100,0),
(736020,17,-3233.54,1956.71,145.756,NULL,0,0,0,0,100,0),
(736020,18,-3228.91,1958.94,145.351,NULL,0,0,0,0,100,0),
(736020,19,-3224.07,1961.26,144.933,NULL,0,0,0,0,100,0),
(736020,20,-3222,1964.64,144.651,NULL,0,0,0,0,100,0),
(736020,21,-3219.8,1968.22,144.398,NULL,0,0,0,0,100,0),
(736020,22,-3217.06,1972.7,142.88,NULL,0,0,0,0,100,0),
(736020,23,-3213.39,1978.67,140.995,NULL,0,0,0,0,100,0),
(736020,24,-3212.24,1980.55,141.223,NULL,0,0,0,0,100,0),
(736020,25,-3211.02,1982.53,141.129,NULL,0,0,0,0,100,0),
(736020,26,-3212.24,1980.55,141.223,NULL,0,0,0,0,100,0),
(736020,27,-3213.39,1978.67,140.995,NULL,0,0,0,0,100,0),
(736020,28,-3217.06,1972.7,142.88,NULL,0,0,0,0,100,0),
(736020,29,-3219.8,1968.22,144.398,NULL,0,0,0,0,100,0),
(736020,30,-3222,1964.64,144.651,NULL,0,0,0,0,100,0),
(736020,31,-3224.07,1961.26,144.933,NULL,0,0,0,0,100,0),
(736020,32,-3228.91,1958.94,145.351,NULL,0,0,0,0,100,0),
(736020,33,-3233.54,1956.71,145.756,NULL,0,0,0,0,100,0),
(736020,34,-3235.64,1955.7,145.516,NULL,0,0,0,0,100,0),
(736020,35,-3239.63,1953.79,144.968,NULL,0,0,0,0,100,0),
(736020,36,-3243.32,1952.02,144.265,NULL,0,0,0,0,100,0),
(736020,37,-3246.58,1950.45,143.598,NULL,0,0,0,0,100,0),
(736020,38,-3248.37,1949.59,143.713,NULL,0,0,0,0,100,0),
(736020,39,-3251.73,1947.98,143.107,NULL,0,0,0,0,100,0),
(736020,40,-3257.1,1945.4,143.348,NULL,0,0,0,0,100,0),
(736020,41,-3260.36,1943.84,143.46,NULL,0,0,0,0,100,0),
(736020,42,-3264.57,1941.82,144.085,NULL,0,0,0,0,100,0),
(736020,43,-3267.72,1940.31,144.376,NULL,0,0,0,0,100,0),
(736020,44,-3272.97,1937.78,144.619,NULL,0,0,0,0,100,0),
(736020,45,-3278.76,1935.01,144.805,NULL,0,0,0,0,100,0),
(736020,46,-3281.69,1933.6,144.613,NULL,0,0,0,0,100,0),
(736020,47,-3287.1,1927.51,143.98,NULL,0,0,0,0,100,0),
(736020,48,-3291.29,1922.8,142.951,NULL,0,0,0,0,100,0);
