UPDATE `creature_template` SET `faction` = 14 WHERE `entry` = 20779;

UPDATE `creature_template_addon` SET `auras` = '40973' WHERE `entry` IN (20778,20474,20501,20806);

DELETE FROM `creature_template_addon` WHERE `entry` IN (20779,20805,21264);
INSERT INTO `creature_template_addon` (`entry`, `path_id`, `mount`, `bytes1`, `bytes2`, `emote`, `isLarge`, `auras`)
VALUES
(20779,0,0,0,0,0,0,'40973'),
(20805,0,0,0,0,0,0,'40973'),
(21264,0,0,0,0,0,0,'40973');

UPDATE `creature` SET `spawntimesecs` = -1 WHERE `guid` = 86835;

DELETE FROM `creature` WHERE `guid` BETWEEN 73411 AND 73425;
INSERT INTO `creature` (`guid`, `id`, `map`, `zoneId`, `areaId`, `spawnMask`, `phaseMask`, `modelid`, `equipment_id`, `position_x`, `position_y`, `position_z`, `orientation`, `spawntimesecs`, `wander_distance`, `curhealth`, `curmana`, `MovementType`, `npcflag`, `unit_flags`, `dynamicflags`, `VerifiedBuild`)
VALUES
(73411,20778,530,0,0,1,1,0,0,4031.84,2357.15,110.679,4.57331,10,0,1,0,2,0,0,0,0),
(73412,20778,530,0,0,1,1,0,0,4019.92,2305.78,110.547,2.87547,10,0,1,0,2,0,0,0,0),
(73413,20778,530,0,0,1,1,0,0,3938,2312.46,110.887,1.93018,10,0,1,0,2,0,0,0,0),
(73414,20778,530,0,0,1,1,0,0,3886.52,2326.32,110.674,6.28074,10,0,1,0,2,0,0,0,0),
(73415,20778,530,0,0,1,1,0,0,3847.21,2327.04,110.227,3.14228,10,0,1,0,2,0,0,0,0),
(73416,20778,530,0,0,1,1,0,0,3777.39,2323.08,110.227,1.64294,10,0,1,0,2,0,0,0,0),
(73417,20778,530,0,0,1,1,0,0,3992.26,2390.51,110.454,3.095,10,0,1,0,2,0,0,0,0),
(73418,20778,530,0,0,1,1,0,0,3782.12,2390.26,110.631,1.16755,10,0,1,0,2,0,0,0,0),
(73419,20778,530,0,0,1,1,0,0,3939.71,2427.15,110.538,3.74458,10,0,1,0,2,0,0,0,0),
(73420,20778,530,0,0,1,1,0,0,3896.23,2436.04,110.539,4.21032,10,0,1,0,2,0,0,0,0);

UPDATE `creature_addon` SET `auras` = '40973' WHERE `guid` = 86836;

DELETE FROM `creature_addon` WHERE `guid` BETWEEN 73411 AND 73425;
INSERT INTO `creature_addon` (`guid`, `path_id`, `mount`, `bytes1`, `bytes2`, `emote`, `isLarge`, `auras`)
VALUES
(73411,734110,0,0,0,0,0,'40973'),
(73412,734120,0,0,0,0,0,'40973'),
(73413,734130,0,0,0,0,0,'40973'),
(73414,734140,0,0,0,0,0,'40973'),
(73415,734150,0,0,0,0,0,'40973'),
(73416,734160,0,0,0,0,0,'40973'),
(73417,734170,0,0,0,0,0,'40973'),
(73418,734180,0,0,0,0,0,'40973'),
(73419,734190,0,0,0,0,0,'40973'),
(73420,734200,0,0,0,0,0,'40973');

DELETE FROM `pool_template` WHERE `entry` = 203350;
INSERT INTO `pool_template` (`entry`, `max_limit`, `description`)
VALUES
(203350,5,'Void Waste (5 out of 10');

DELETE FROM `pool_creature` WHERE `pool_entry` = 203350;
INSERT INTO `pool_creature` (`guid`, `pool_entry`, `chance`, `description`)
VALUES
(73411,203350,0,'Void Waste - Spawn 1'),
(73412,203350,0,'Void Waste - Spawn 2'),
(73413,203350,0,'Void Waste - Spawn 3'),
(73414,203350,0,'Void Waste - Spawn 4'),
(73415,203350,0,'Void Waste - Spawn 5'),
(73416,203350,0,'Void Waste - Spawn 6'),
(73417,203350,0,'Void Waste - Spawn 7'),
(73418,203350,0,'Void Waste - Spawn 8'),
(73419,203350,0,'Void Waste - Spawn 9'),
(73420,203350,0,'Void Waste - Spawn 10');

UPDATE `creature_template` SET `AIName` = 'SmartAI' WHERE `entry` = 20764;
DELETE FROM `smart_scripts` WHERE `source_type` = 0 AND `entryorguid` = 20778 AND `id` > 3;
DELETE FROM `smart_scripts` WHERE `source_type` = 0 AND `entryorguid` IN (-73251,20778,20805,20779,20501,21264,20806);
DELETE FROM `smart_scripts` WHERE `source_type` = 9 AND `entryorguid` = 2076400;
INSERT INTO `smart_scripts` (`entryorguid`, `source_type`, `id`, `link`, `event_type`, `event_phase_mask`, `event_chance`, `event_flags`, `event_param1`, `event_param2`, `event_param3`, `event_param4`, `event_param5`, `action_type`, `action_param1`, `action_param2`, `action_param3`, `action_param4`, `action_param5`, `action_param6`, `target_type`, `target_param1`, `target_param2`, `target_param3`, `target_param4`, `target_x`, `target_y`, `target_z`, `target_o`, `comment`)
VALUES
(-73251,0,0,1,38,0,100,0,1,1,0,0,0,41,5000,0,0,0,0,0,7,0,0,0,0,0,0,0,0,'Ethereum Target - On Data Set 1 1 - Force Despawn (Invoker)'),
(-73251,0,1,0,61,0,100,0,0,0,0,0,0,63,1,1,0,0,0,0,1,0,0,0,0,0,0,0,0,'Ethereum Target - Linked - Increase Counter 1'),
(-73251,0,2,0,77,0,100,0,1,50,0,0,0,80,2076400,2,0,0,0,0,1,0,0,0,0,0,0,0,0,'Ethereum Target - On Counter 1 Set 50 - Call Timed Action List'),
(-73251,0,3,0,77,0,100,0,1,100,0,0,0,45,2,2,0,0,0,0,10,86835,20779,1,1,0,0,0,0,'Ethereum Target - On Counter 1 Set 100 - Set Data 2 2 (Congealed Void Horror)'),
(-73251,0,4,0,38,0,100,0,2,2,0,0,0,63,1,0,1,0,0,0,1,0,0,0,0,0,0,0,0,'Ethereum Target - On Data Set 2 2 - Reset Counter 1'),

(2076400,9,0,0,0,0,100,0,1000,1000,0,0,0,70,0,0,0,0,0,0,10,86835,20779,1,2,0,0,0,0,'Ethereum Target - On Counter 1 Set 40 - Respawn Target (Congealed Void Horror)'),

(20778,0,0,0,2,0,100,0,0,20,0,0,0,73,1,0,0,0,0,0,1,0,0,0,0,0,0,0,0,'Void Waste - Between Health 0-20% - Trigger Timed Event 1'),
(20778,0,1,0,59,0,50,0,1,0,0,0,0,11,36519,0,0,0,0,0,1,0,0,0,0,0,0,0,0,'Void Waste - On Timed Event 1 Triggered - Cast ''Toxic Burst'''),
(20778,0,2,0,8,0,100,0,36519,0,0,0,0,37,0,0,0,0,0,0,1,0,0,0,0,0,0,0,0,'Void Waste - On Spellhit ''Toxic Burst'' - Die'),
(20778,0,3,4,8,0,100,0,35686,0,0,0,0,11,35688,2,0,0,0,0,1,0,0,0,0,0,0,0,0,'Void Waste - On Spellhit ''Electro-Shock'' - Cast ''Summon Void Waste Globule'''),
(20778,0,4,5,61,0,100,0,0,0,0,0,0,1,0,0,0,0,0,0,1,0,0,0,0,0,0,0,0,'Void Waste - Linked - Say Line 0'),
(20778,0,5,0,61,0,100,0,0,0,0,0,0,37,0,0,0,0,0,0,1,0,0,0,0,0,0,0,0,'Void Waste - Linked - Die'),
(20778,0,6,7,6,0,100,0,0,0,0,0,0,45,1,1,0,0,0,0,19,20764,1,0,0,0,0,0,0,'Void Waste - On Death - Set Data 1 1 (Ethereum Target)'),
(20778,0,7,0,61,0,100,0,0,0,0,0,0,45,1,1,0,0,0,0,19,20779,1,0,0,0,0,0,0,'Void Waste - Linked - Set Data 1 1 (Congealed Void Horror)'),

(20805,0,0,1,54,0,100,0,0,0,0,0,0,8,1,0,0,0,0,0,1,0,0,0,0,0,0,0,0,'Void Waste Globule - On Just Summoned - Set React State ''Defensive'''),
(20805,0,1,2,61,0,100,0,0,0,0,0,0,89,5,0,0,0,0,0,1,0,0,0,0,0,0,0,0,'Void Waste Globule - Linked - Start Random Movement'),
(20805,0,2,0,61,0,100,0,0,0,0,0,0,67,1,2000,4000,0,0,0,1,0,0,0,0,0,0,0,0,'Void Waste Globule - Linked - Create Timed Event 1'),
(20805,0,3,0,59,0,100,0,1,0,0,0,0,8,2,0,0,0,0,0,1,0,0,0,0,0,0,0,0,'Void Waste Globule - On Timed Event 1 Triggered - Set React State ''Aggressive'''),
(20805,0,4,0,1,0,100,0,10000,10000,0,0,0,41,0,0,0,0,0,0,1,0,0,0,0,0,0,0,0,'Void Waste Globule - OOC - Force Despawn'),

(20779,0,0,1,11,0,100,0,0,0,0,0,0,211,0,0,0,0,0,0,1,0,0,0,0,0,0,0,0,'Congealed Void Horror - On Respawn - Set Event Phase Reset Off'),
(20779,0,1,2,61,0,100,0,0,0,0,0,0,22,0,0,0,0,0,0,1,0,0,0,0,0,0,0,0,'Congealed Void Horror - Linked - Set Event Phase 0'),
(20779,0,2,0,61,0,100,0,0,0,0,0,0,116,60,0,0,0,0,0,1,0,0,0,0,0,0,0,0,'Congealed Void Horror - Linked - Set Corpse Delay'),
(20779,0,3,0,38,0,100,0,1,1,0,0,0,11,35556,0,0,0,0,0,1,0,0,0,0,0,0,0,0,'Congealed Void Horror - On Data Set 1 1 - Cast ''Eco-Contamination'''),
(20779,0,4,0,38,0,100,0,2,2,0,0,0,22,1,0,0,0,0,0,1,0,0,0,0,0,0,0,0,'Congealed Void Horror - On Data Set 2 2 - Set Event Phase 1'),
(20779,0,5,0,1,1,100,0,5000,5000,0,0,0,37,0,0,0,0,0,0,1,0,0,0,0,0,0,0,0,'Congealed Void Horror - OOC (Event Phase 1) - Die'),
(20779,0,6,0,6,0,100,0,0,0,0,0,0,45,2,2,0,0,0,0,10,73251,20764,1,0,0,0,0,0,'Congealed Void Horror - OOC (Event Phase 1) - Die'),

(20501,0,0,0,2,0,100,0,0,30,0,0,0,73,1,0,0,0,0,0,1,0,0,0,0,0,0,0,0,'Seeping Sludge - Between Health 0-30% - Trigger Timed Event 1'),
(20501,0,1,2,59,0,50,0,1,0,0,0,0,11,36465,0,0,0,0,0,1,0,0,0,0,0,0,0,0,'Seeping Sludge - On Timed Event 1 Triggered - Cast ''Seeping Split'''),
(20501,0,2,0,61,0,100,0,0,0,0,0,0,1,0,0,0,0,0,0,1,0,0,0,0,0,0,0,0,'Seeping Sludge - Linked - Say Line 0'),
(20501,0,3,0,17,0,100,0,21264,1000,1000,0,0,41,0,0,0,0,0,0,1,0,0,0,0,0,0,0,0,'Seeping Sludge - On Summoned Unit ''Seeping Ooze'' - Force Despawn'),
(20501,0,4,5,8,0,100,0,35686,0,0,0,0,11,35687,2,0,0,0,0,1,0,0,0,0,0,0,0,0,'Seeping Sludge - On Spell Hit ''Electro-Shock'' - Cast ''Summon Seeping Sludge Globule'''),
(20501,0,5,6,61,0,100,0,0,0,0,0,0,1,1,0,0,0,0,0,1,0,0,0,0,0,0,0,0,'Seeping Sludge - Linked - Say Line 1'),
(20501,0,6,0,61,0,100,0,0,0,0,0,0,37,0,0,0,0,0,0,1,0,0,0,0,0,0,0,0,'Seeping Sludge - Linked - Die'),

(21264,0,0,1,54,0,100,0,0,0,0,0,0,8,1,0,0,0,0,0,1,0,0,0,0,0,0,0,0,'Seeping Ooze - On Just Summoned - Set React State ''Defensive'''),
(21264,0,1,2,61,0,100,0,0,0,0,0,0,89,5,0,0,0,0,0,1,0,0,0,0,0,0,0,0,'Seeping Ooze - Linked - Start Random Movement'),
(21264,0,2,0,61,0,100,0,0,0,0,0,0,67,1,1000,1000,0,0,0,1,0,0,0,0,0,0,0,0,'Seeping Ooze - Linked - Create Timed Event 1'),
(21264,0,3,0,59,0,100,0,1,0,0,0,0,8,2,0,0,0,0,0,1,0,0,0,0,0,0,0,0,'Seeping Ooze - On Timed Event 1 Triggered - Set React State ''Aggressive'''),
(21264,0,4,0,1,0,100,0,10000,10000,0,0,0,41,0,0,0,0,0,0,1,0,0,0,0,0,0,0,0,'Seeping Ooze - OOC - Force Despawn'),

(20806,0,0,1,54,0,100,0,0,0,0,0,0,8,1,0,0,0,0,0,1,0,0,0,0,0,0,0,0,'Seeping Sludge Globule - On Just Summoned - Set React State ''Defensive'''),
(20806,0,1,2,61,0,100,0,0,0,0,0,0,89,5,0,0,0,0,0,1,0,0,0,0,0,0,0,0,'Seeping Sludge Globule - Linked - Start Random Movement'),
(20806,0,2,0,61,0,100,0,0,0,0,0,0,67,1,2000,4000,0,0,0,1,0,0,0,0,0,0,0,0,'Seeping Sludge Globule - Linked - Create Timed Event 1'),
(20806,0,3,0,59,0,100,0,1,0,0,0,0,8,2,0,0,0,0,0,1,0,0,0,0,0,0,0,0,'Seeping Sludge Globule - On Timed Event 1 Triggered - Set React State ''Aggressive'''),
(20806,0,4,0,1,0,100,0,10000,10000,0,0,0,41,0,0,0,0,0,0,1,0,0,0,0,0,0,0,0,'Seeping Sludge Globule - OOC - Force Despawn');

DELETE FROM `conditions` WHERE `SourceTypeOrReferenceId` = 22 AND `SourceEntry` IN (20501,20778) AND `SourceId` = 0;

DELETE FROM `waypoint_scripts` WHERE `guid` = 949;
INSERT INTO `waypoint_scripts` (`id`, `delay`, `command`, `datalong`, `datalong2`, `dataint`, `x`, `y`, `z`, `o`, `guid`)
VALUES
(734110,0,22,0,0,0,0,0,0,0,949);

DELETE FROM `waypoint_data` WHERE `id` IN (734110,734120,734130,734140,734150,734160,734170,734180,734190,734200);
INSERT INTO `waypoint_data` (`id`, `point`, `position_x`, `position_y`, `position_z`, `orientation`, `delay`, `move_type`, `pathfinding`, `action`, `action_chance`, `wpguid`)
VALUES
(734200,1,3896.23,2436.04,110.539,NULL,0,0,0,0,100,0),
(734200,2,3893.2,2430.52,110.539,NULL,0,0,0,0,100,0),
(734200,3,3890.79,2426.12,110.539,NULL,0,0,0,0,100,0),
(734200,4,3887.07,2422.25,110.539,NULL,0,0,0,0,100,0),
(734200,5,3882.38,2417.37,110.558,NULL,0,0,0,0,100,0),
(734200,6,3878.02,2412.83,110.538,NULL,0,0,0,0,100,0),
(734200,7,3874.55,2409.21,110.538,NULL,0,0,0,0,100,0),
(734200,8,3870.83,2405.34,110.538,NULL,0,0,0,0,100,0),
(734200,9,3866.05,2407.23,110.584,NULL,0,0,0,0,100,0),
(734200,10,3860.52,2409.41,110.609,NULL,0,0,0,0,100,0),
(734200,11,3855.97,2411.21,110.552,NULL,0,0,0,0,100,0),
(734200,12,3850.54,2413.36,110.538,NULL,0,0,0,0,100,0),
(734200,13,3846.88,2418.77,110.538,NULL,0,0,0,0,100,0),
(734200,14,3843.69,2423.51,110.577,NULL,0,0,0,0,100,0),
(734200,15,3840.62,2428.06,110.538,NULL,0,0,0,0,100,0),
(734200,16,3837.35,2432.9,110.542,NULL,0,0,0,0,100,0),
(734200,17,3831.79,2434.71,110.538,NULL,0,0,0,0,100,0),
(734200,18,3822.49,2437.74,110.538,NULL,5000,0,0,734110,100,0),

(734190,1,3939.71,2427.15,110.538,NULL,0,0,0,0,100,0),
(734190,2,3934.81,2423.77,110.538,NULL,0,0,0,0,100,0),
(734190,3,3929.14,2419.86,110.538,NULL,0,0,0,0,100,0),
(734190,4,3924.52,2421.1,110.597,NULL,0,0,0,0,100,0),
(734190,5,3920.02,2422.3,110.989,NULL,0,0,0,0,100,0),
(734190,6,3915.84,2424.63,111.173,NULL,0,0,0,0,100,0),
(734190,7,3911.35,2427.13,110.693,NULL,0,0,0,0,100,0),
(734190,8,3904.95,2427.29,110.538,NULL,0,0,0,0,100,0),
(734190,9,3898.88,2427.44,110.538,NULL,0,0,0,0,100,0),
(734190,10,3893.16,2427.59,110.538,NULL,0,0,0,0,100,0),
(734190,11,3888,2422.87,110.538,NULL,0,0,0,0,100,0),
(734190,12,3883.09,2418.38,110.543,NULL,0,0,0,0,100,0),
(734190,13,3878.18,2413.9,110.55,NULL,0,0,0,0,100,0),
(734190,14,3874.05,2410.13,110.538,NULL,0,0,0,0,100,0),
(734190,15,3867.28,2410.06,110.824,NULL,0,0,0,0,100,0),
(734190,16,3862.85,2410.01,110.844,NULL,0,0,0,0,100,0),
(734190,17,3857.6,2409.96,110.562,NULL,0,0,0,0,100,0),
(734190,18,3852.6,2415.35,110.752,NULL,0,0,0,0,100,0),
(734190,19,3848.71,2419.54,110.557,NULL,0,0,0,0,100,0),
(734190,20,3844.98,2423.56,110.56,NULL,0,0,0,0,100,0),
(734190,21,3841.33,2427.5,110.538,NULL,0,0,0,0,100,0),
(734190,22,3835.9,2430.45,110.551,NULL,0,0,0,0,100,0),
(734190,23,3831.7,2432.73,110.538,NULL,0,0,0,0,100,0),
(734190,24,3822.49,2437.74,110.538,NULL,5000,0,0,734110,100,0),

(734180,1,3782.12,2390.26,110.631,NULL,0,0,0,0,100,0),
(734180,2,3784.82,2396.59,110.729,NULL,0,0,0,0,100,0),
(734180,3,3788.2,2401.34,110.523,NULL,0,0,0,0,100,0),
(734180,4,3792.2,2406.94,110.765,NULL,0,0,0,0,100,0),
(734180,5,3795.84,2409.26,110.692,NULL,0,0,0,0,100,0),
(734180,6,3800.67,2412.33,110.533,NULL,0,0,0,0,100,0),
(734180,7,3806.77,2416.21,110.529,NULL,0,0,0,0,100,0),
(734180,8,3812.38,2419.78,110.536,NULL,0,0,0,0,100,0),
(734180,9,3817,2422.72,110.536,NULL,0,0,0,0,100,0),
(734180,10,3819.2,2428.75,110.536,NULL,0,0,0,0,100,0),
(734180,11,3822.49,2437.74,110.538,NULL,5000,0,0,734110,100,0),

(734170,1,3992.26,2390.51,110.454,NULL,0,0,0,0,100,0),
(734170,2,3987.14,2390.75,110.535,NULL,0,0,0,0,100,0),
(734170,3,3983.29,2390.93,110.538,NULL,0,0,0,0,100,0),
(734170,4,3978.86,2391.14,110.546,NULL,0,0,0,0,100,0),
(734170,5,3975.21,2391.92,110.533,NULL,0,0,0,0,100,0),
(734170,6,3970.31,2392.97,110.537,NULL,0,0,0,0,100,0),
(734170,7,3964.95,2394.12,110.537,NULL,0,0,0,0,100,0),
(734170,8,3958.45,2395.52,110.544,NULL,0,0,0,0,100,0),
(734170,9,3957.98,2401.11,110.538,NULL,0,0,0,0,100,0),
(734170,10,3957.55,2406.34,110.54,NULL,0,0,0,0,100,0),
(734170,11,3957.19,2410.64,110.538,NULL,0,0,0,0,100,0),
(734170,12,3956.88,2414.36,110.585,NULL,0,0,0,0,100,0),
(734170,13,3952.42,2415.24,110.538,NULL,0,0,0,0,100,0),
(734170,14,3946.92,2416.33,110.538,NULL,0,0,0,0,100,0),
(734170,15,3941.54,2417.4,110.538,NULL,0,0,0,0,100,0),
(734170,16,3938.22,2418.06,111.009,NULL,0,0,0,0,100,0),
(734170,17,3933.18,2419.06,110.538,NULL,0,0,0,0,100,0),
(734170,18,3928.15,2420.05,110.536,NULL,0,0,0,0,100,0),
(734170,19,3923.91,2420.89,110.578,NULL,0,0,0,0,100,0),
(734170,20,3919.93,2422.83,111.076,NULL,0,0,0,0,100,0),
(734170,21,3916.25,2424.61,111.184,NULL,0,0,0,0,100,0),
(734170,22,3911.84,2426.74,110.79,NULL,0,0,0,0,100,0),
(734170,23,3908.37,2428.42,110.548,NULL,0,0,0,0,100,0),
(734170,24,3903.77,2427.65,110.538,NULL,0,0,0,0,100,0),
(734170,25,3899.17,2426.89,110.538,NULL,0,0,0,0,100,0),
(734170,26,3894.45,2426.1,110.543,NULL,0,0,0,0,100,0),
(734170,27,3890.98,2422.81,110.576,NULL,0,0,0,0,100,0),
(734170,28,3887.25,2419.28,110.595,NULL,0,0,0,0,100,0),
(734170,29,3883.1,2415.35,110.538,NULL,0,0,0,0,100,0),
(734170,30,3879.12,2411.58,110.538,NULL,0,0,0,0,100,0),
(734170,31,3875.22,2407.88,110.539,NULL,0,0,0,0,100,0),
(734170,32,3870.04,2408.7,110.586,NULL,0,0,0,0,100,0),
(734170,33,3865.2,2409.47,110.766,NULL,0,0,0,0,100,0),
(734170,34,3860.93,2410.14,110.657,NULL,0,0,0,0,100,0),
(734170,35,3856.67,2410.81,110.56,NULL,0,0,0,0,100,0),
(734170,36,3853.53,2414.57,110.779,NULL,0,0,0,0,100,0),
(734170,37,3850.24,2418.51,110.56,NULL,0,0,0,0,100,0),
(734170,38,3846.87,2422.54,110.538,NULL,0,0,0,0,100,0),
(734170,39,3843.81,2426.21,110.538,NULL,0,0,0,0,100,0),
(734170,40,3841.34,2429.17,110.539,NULL,0,0,0,0,100,0),
(734170,41,3835.82,2431.68,110.539,NULL,0,0,0,0,100,0),
(734170,42,3831.89,2433.46,110.539,NULL,0,0,0,0,100,0),
(734170,43,3822.49,2437.74,110.538,NULL,5000,0,0,734110,100,0),

(734160,1,3777.39,2323.08,110.227,NULL,0,0,0,0,100,0),
(734160,2,3776.99,2328.67,110.27,NULL,0,0,0,0,100,0),
(734160,3,3776.67,2333.09,110.227,NULL,0,0,0,0,100,0),
(734160,4,3776.39,2336.93,110.297,NULL,0,0,0,0,100,0),
(734160,5,3779.68,2340.23,110.394,NULL,0,0,0,0,100,0),
(734160,6,3783.3,2343.86,110.403,NULL,0,0,0,0,100,0),
(734160,7,3787.17,2347.74,110.264,NULL,0,0,0,0,100,0),
(734160,8,3790.31,2350.88,110.227,NULL,0,0,0,0,100,0),
(734160,9,3793.19,2353.78,110.227,NULL,0,0,0,0,100,0),
(734160,10,3797.94,2354.35,110.227,NULL,0,0,0,0,100,0),
(734160,11,3802.81,2354.93,110.227,NULL,0,0,0,0,100,0),
(734160,12,3808.49,2355.61,110.227,NULL,0,0,0,0,100,0),
(734160,13,3813.7,2356.23,110.285,NULL,0,0,0,0,100,0),
(734160,14,3819.03,2356.87,110.227,NULL,0,0,0,0,100,0),
(734160,15,3824.36,2357.51,110.246,NULL,0,0,0,0,100,0),
(734160,16,3827.75,2359.32,110.308,NULL,0,0,0,0,100,0),
(734160,17,3831.56,2361.34,110.256,NULL,0,0,0,0,100,0),
(734160,18,3835.17,2363.26,110.584,NULL,0,0,0,0,100,0),
(734160,19,3834.99,2366.75,111.122,NULL,0,0,0,0,100,0),
(734160,20,3834.79,2370.48,111.187,NULL,0,0,0,0,100,0),
(734160,21,3834.6,2374.2,110.529,NULL,0,0,0,0,100,0),
(734160,22,3834.37,2378.52,110.235,NULL,0,0,0,0,100,0),
(734160,23,3834.09,2383.76,110.61,NULL,0,0,0,0,100,0),
(734160,24,3833.84,2388.53,110.587,NULL,0,0,0,0,100,0),
(734160,25,3833.56,2393.9,110.664,NULL,0,0,0,0,100,0),
(734160,26,3833.32,2398.44,110.577,NULL,0,0,0,0,100,0),
(734160,27,3833.08,2402.98,110.539,NULL,0,0,0,0,100,0),
(734160,28,3832.88,2406.83,110.539,NULL,0,0,0,0,100,0),
(734160,29,3832.66,2411.02,110.539,NULL,0,0,0,0,100,0),
(734160,30,3832.44,2415.22,110.539,NULL,0,0,0,0,100,0),
(734160,31,3832.27,2418.47,110.804,NULL,0,0,0,0,100,0),
(734160,32,3832.17,2420.45,111.037,NULL,0,0,0,0,100,0),
(734160,33,3830.23,2423.92,110.538,NULL,0,0,0,0,100,0),
(734160,34,3827.89,2428.09,110.538,NULL,0,0,0,0,100,0),
(734160,35,3826.23,2431.05,110.538,NULL,0,0,0,0,100,0),
(734160,36,3822.49,2437.74,110.538,NULL,5000,0,0,734110,100,0),

(734150,1,3847.21,2327.04,110.227,NULL,0,0,0,0,100,0),
(734150,2,3841.5,2327.03,110.227,NULL,0,0,0,0,100,0),
(734150,3,3835.31,2327.03,110.227,NULL,0,0,0,0,100,0),
(734150,4,3828.89,2327.02,110.227,NULL,0,0,0,0,100,0),
(734150,5,3822.48,2327.02,110.227,NULL,0,0,0,0,100,0),
(734150,6,3815.71,2327.02,110.227,NULL,0,0,0,0,100,0),
(734150,7,3810.86,2325.33,110.227,NULL,0,0,0,0,100,0),
(734150,8,3805.35,2323.41,110.227,NULL,0,0,0,0,100,0),
(734150,9,3799.3,2323.6,110.228,NULL,0,0,0,0,100,0),
(734150,10,3792.65,2323.81,110.228,NULL,0,0,0,0,100,0),
(734150,11,3788.88,2326.75,110.228,NULL,0,0,0,0,100,0),
(734150,12,3785.02,2329.77,110.228,NULL,0,0,0,0,100,0),
(734150,13,3785.52,2334.4,110.229,NULL,0,0,0,0,100,0),
(734150,14,3786.11,2339.74,110.277,NULL,0,0,0,0,100,0),
(734150,15,3786.76,2345.65,110.254,NULL,0,0,0,0,100,0),
(734150,16,3789.83,2348.85,110.227,NULL,0,0,0,0,100,0),
(734150,17,3793.07,2352.22,110.227,NULL,0,0,0,0,100,0),
(734150,18,3797.15,2353.62,110.438,NULL,0,0,0,0,100,0),
(734150,19,3802,2355.29,110.227,NULL,0,0,0,0,100,0),
(734150,20,3806.53,2355.77,110.227,NULL,0,0,0,0,100,0),
(734150,21,3811.98,2356.36,110.32,NULL,0,0,0,0,100,0),
(734150,22,3818.01,2357,110.227,NULL,0,0,0,0,100,0),
(734150,23,3823.69,2357.61,110.227,NULL,0,0,0,0,100,0),
(734150,24,3827.37,2359.38,110.287,NULL,0,0,0,0,100,0),
(734150,25,3832.42,2361.81,110.244,NULL,0,0,0,0,100,0),
(734150,26,3832.9,2365.04,110.718,NULL,0,0,0,0,100,0),
(734150,27,3833.43,2368.61,111.047,NULL,0,0,0,0,100,0),
(734150,28,3833.99,2372.31,110.832,NULL,0,0,0,0,100,0),
(734150,29,3834.59,2376.35,110.278,NULL,0,0,0,0,100,0),
(734150,30,3833.8,2380.59,110.246,NULL,0,0,0,0,100,0),
(734150,31,3832.79,2385.98,110.31,NULL,0,0,0,0,100,0),
(734150,32,3831.8,2391.26,110.514,NULL,0,0,0,0,100,0),
(734150,33,3830.79,2396.65,110.557,NULL,0,0,0,0,100,0),
(734150,34,3829.89,2401.47,110.538,NULL,0,0,0,0,100,0),
(734150,35,3828.2,2405.44,110.53,NULL,0,0,0,0,100,0),
(734150,36,3826.15,2410.27,110.535,NULL,0,0,0,0,100,0),
(734150,37,3824.01,2415.32,110.535,NULL,0,0,0,0,100,0),
(734150,38,3821.91,2420.26,110.536,NULL,0,0,0,0,100,0),
(734150,39,3822.09,2425.74,110.536,NULL,0,0,0,0,100,0),
(734150,40,3822.49,2437.74,110.538,NULL,5000,0,0,734110,100,0),

(734140,1,3886.52,2326.32,110.674,NULL,0,0,0,0,100,0),
(734140,2,3891.19,2326.29,110.674,NULL,0,0,0,0,100,0),
(734140,3,3895.62,2326.26,111.043,NULL,0,0,0,0,100,0),
(734140,4,3900.29,2326.23,110.673,NULL,0,0,0,0,100,0),
(734140,5,3906.36,2326.19,110.673,NULL,0,0,0,0,100,0),
(734140,6,3912.54,2326.15,110.673,NULL,0,0,0,0,100,0),
(734140,7,3918.03,2326.12,110.673,NULL,0,0,0,0,100,0),
(734140,8,3924.09,2326.08,111.05,NULL,0,0,0,0,100,0),
(734140,9,3930.16,2326.04,110.833,NULL,0,0,0,0,100,0),
(734140,10,3933.25,2329.7,110.859,NULL,0,0,0,0,100,0),
(734140,11,3936.42,2333.44,111.285,NULL,0,0,0,0,100,0),
(734140,12,3939.5,2337.1,110.866,NULL,0,0,0,0,100,0),
(734140,13,3942.59,2340.75,110.665,NULL,0,0,0,0,100,0),
(734140,14,3945.77,2343.84,110.605,NULL,0,0,0,0,100,0),
(734140,15,3949.7,2347.66,110.653,NULL,0,0,0,0,100,0),
(734140,16,3953.63,2351.48,110.529,NULL,0,0,0,0,100,0),
(734140,17,3957.56,2355.3,110.632,NULL,0,0,0,0,100,0),
(734140,18,3961.58,2357.2,110.569,NULL,0,0,0,0,100,0),
(734140,19,3966.11,2359.34,110.944,NULL,0,0,0,0,100,0),
(734140,20,3970.86,2361.58,110.584,NULL,0,0,0,0,100,0),
(734140,21,3974.3,2364.73,110.723,NULL,0,0,0,0,100,0),
(734140,22,3978.26,2368.34,110.672,NULL,0,0,0,0,100,0),
(734140,23,3981.62,2371.41,110.613,NULL,0,0,0,0,100,0),
(734140,24,3985.24,2374.71,110.525,NULL,0,0,0,0,100,0),
(734140,25,3983.98,2379.21,110.653,NULL,0,0,0,0,100,0),
(734140,26,3982.67,2383.93,110.698,NULL,0,0,0,0,100,0),
(734140,27,3979.63,2387.31,110.643,NULL,0,0,0,0,100,0),
(734140,28,3975.88,2391.48,110.545,NULL,0,0,0,0,100,0),
(734140,29,3971.04,2392.79,110.537,NULL,0,0,0,0,100,0),
(734140,30,3965.74,2394.23,110.537,NULL,0,0,0,0,100,0),
(734140,31,3961.23,2395.46,110.596,NULL,0,0,0,0,100,0),
(734140,32,3957.64,2398.62,110.538,NULL,0,0,0,0,100,0),
(734140,33,3953.43,2402.32,110.538,NULL,0,0,0,0,100,0),
(734140,34,3949.58,2405.71,110.538,NULL,0,0,0,0,100,0),
(734140,35,3945.46,2409.33,110.538,NULL,0,0,0,0,100,0),
(734140,36,3941.95,2412.41,110.538,NULL,0,0,0,0,100,0),
(734140,37,3938.1,2415.8,110.538,NULL,0,0,0,0,100,0),
(734140,38,3934.86,2418.64,110.538,NULL,0,0,0,0,100,0),
(734140,39,3930.22,2419.81,110.538,NULL,0,0,0,0,100,0),
(734140,40,3925.58,2420.97,110.588,NULL,0,0,0,0,100,0),
(734140,41,3921.06,2422.11,110.977,NULL,0,0,0,0,100,0),
(734140,42,3916.69,2424.05,111.246,NULL,0,0,0,0,100,0),
(734140,43,3911.89,2426.19,110.848,NULL,0,0,0,0,100,0),
(734140,44,3907.41,2428.18,110.539,NULL,0,0,0,0,100,0),
(734140,45,3902.42,2427.6,110.539,NULL,0,0,0,0,100,0),
(734140,46,3897.21,2427,110.54,NULL,0,0,0,0,100,0),
(734140,47,3892.8,2426.49,110.539,NULL,0,0,0,0,100,0),
(734140,48,3888.5,2422.9,110.539,NULL,0,0,0,0,100,0),
(734140,49,3884.12,2419.23,110.539,NULL,0,0,0,0,100,0),
(734140,50,3879.55,2415.41,110.61,NULL,0,0,0,0,100,0),
(734140,51,3875.53,2412.04,110.538,NULL,0,0,0,0,100,0),
(734140,52,3871.95,2409.04,110.538,NULL,0,0,0,0,100,0),
(734140,53,3866.52,2409.85,110.838,NULL,0,0,0,0,100,0),
(734140,54,3861.56,2410.59,110.798,NULL,0,0,0,0,100,0),
(734140,55,3856.72,2411.31,110.575,NULL,0,0,0,0,100,0),
(734140,56,3853.76,2415.06,110.899,NULL,0,0,0,0,100,0),
(734140,57,3850.86,2418.72,110.557,NULL,0,0,0,0,100,0),
(734140,58,3847.97,2422.38,110.546,NULL,0,0,0,0,100,0),
(734140,59,3844.79,2426.4,110.538,NULL,0,0,0,0,100,0),
(734140,60,3841.82,2430.15,110.539,NULL,0,0,0,0,100,0),
(734140,61,3839,2433.72,110.538,NULL,0,0,0,0,100,0),
(734140,62,3832.54,2435.29,110.538,NULL,0,0,0,0,100,0),
(734140,63,3822.49,2437.74,110.538,NULL,5000,0,0,734110,100,0),

(734130,1,3938,2312.46,110.887,NULL,0,0,0,0,100,0),
(734130,2,3936.4,2317.46,110.887,NULL,0,0,0,0,100,0),
(734130,3,3934.71,2322.8,110.857,NULL,0,0,0,0,100,0),
(734130,4,3932.87,2328.57,110.82,NULL,0,0,0,0,100,0),
(734130,5,3931.02,2334.35,110.873,NULL,0,0,0,0,100,0),
(734130,6,3929.15,2340.25,110.714,NULL,0,0,0,0,100,0),
(734130,7,3925.81,2344.46,110.742,NULL,0,0,0,0,100,0),
(734130,8,3922.05,2349.21,110.715,NULL,0,0,0,0,100,0),
(734130,9,3918.72,2353.42,110.701,NULL,0,0,0,0,100,0),
(734130,10,3915.6,2357.36,110.875,NULL,0,0,0,0,100,0),
(734130,11,3917.26,2362.22,110.893,NULL,0,0,0,0,100,0),
(734130,12,3918.76,2366.64,110.688,NULL,0,0,0,0,100,0),
(734130,13,3920.11,2370.62,110.63,NULL,0,0,0,0,100,0),
(734130,14,3923.29,2374.35,110.708,NULL,0,0,0,0,100,0),
(734130,15,3926.16,2377.73,110.543,NULL,0,0,0,0,100,0),
(734130,16,3928.35,2380.31,110.539,NULL,0,0,0,0,100,0),
(734130,17,3925.64,2384.8,110.556,NULL,0,0,0,0,100,0),
(734130,18,3923.04,2389.09,110.582,NULL,0,0,0,0,100,0),
(734130,19,3920.45,2393.38,110.613,NULL,0,0,0,0,100,0),
(734130,20,3917.85,2397.68,110.711,NULL,0,0,0,0,100,0),
(734130,21,3918.22,2402.08,110.54,NULL,0,0,0,0,100,0),
(734130,22,3918.56,2406.15,110.538,NULL,0,0,0,0,100,0),
(734130,23,3920.44,2410.41,110.54,NULL,0,0,0,0,100,0),
(734130,24,3922.36,2414.79,110.537,NULL,0,0,0,0,100,0),
(734130,25,3919.97,2419.46,111.023,NULL,0,0,0,0,100,0),
(734130,26,3917.58,2424.14,111.092,NULL,0,0,0,0,100,0),
(734130,27,3913.65,2425.28,111.05,NULL,0,0,0,0,100,0),
(734130,28,3908.28,2426.86,110.569,NULL,0,0,0,0,100,0),
(734130,29,3903.35,2428.3,110.539,NULL,0,0,0,0,100,0),
(734130,30,3898.58,2428.08,110.539,NULL,0,0,0,0,100,0),
(734130,31,3892.65,2427.81,110.538,NULL,0,0,0,0,100,0),
(734130,32,3888.79,2424.43,110.538,NULL,0,0,0,0,100,0),
(734130,33,3884.58,2420.73,110.538,NULL,0,0,0,0,100,0),
(734130,34,3880.73,2417.35,110.608,NULL,0,0,0,0,100,0),
(734130,35,3876.87,2413.96,110.538,NULL,0,0,0,0,100,0),
(734130,36,3872.58,2410.19,110.548,NULL,0,0,0,0,100,0),
(734130,37,3867.46,2409.94,110.793,NULL,0,0,0,0,100,0),
(734130,38,3862.56,2409.7,110.807,NULL,0,0,0,0,100,0),
(734130,39,3857.44,2409.45,110.544,NULL,0,0,0,0,100,0),
(734130,40,3853.75,2413.18,110.582,NULL,0,0,0,0,100,0),
(734130,41,3850.06,2416.91,110.541,NULL,0,0,0,0,100,0),
(734130,42,3846.2,2420.81,110.541,NULL,0,0,0,0,100,0),
(734130,43,3842.84,2424.21,110.559,NULL,0,0,0,0,100,0),
(734130,44,3839.15,2427.95,110.55,NULL,0,0,0,0,100,0),
(734130,45,3836.37,2430.76,110.554,NULL,0,0,0,0,100,0),
(734130,46,3831.15,2433.39,110.538,NULL,0,0,0,0,100,0),
(734130,47,3822.49,2437.74,110.538,NULL,5000,0,0,734110,100,0),

(734120,1,4019.92,2305.78,110.547,NULL,0,0,0,0,100,0),
(734120,2,4013.5,2307.53,110.671,NULL,0,0,0,0,100,0),
(734120,3,4008.33,2308.94,110.672,NULL,0,0,0,0,100,0),
(734120,4,4002.64,2309.58,110.816,NULL,0,0,0,0,100,0),
(734120,5,3997.2,2310.2,110.891,NULL,0,0,0,0,100,0),
(734120,6,3991.75,2310.82,110.868,NULL,0,0,0,0,100,0),
(734120,7,3987.22,2311.33,110.873,NULL,0,0,0,0,100,0),
(734120,8,3983.98,2311.7,110.86,NULL,0,0,0,0,100,0),
(734120,9,3977.99,2313.98,110.872,NULL,0,0,0,0,100,0),
(734120,10,3972.95,2312.98,110.885,NULL,0,0,0,0,100,0),
(734120,11,3967.92,2311.97,110.88,NULL,0,0,0,0,100,0),
(734120,12,3962.31,2310.85,110.883,NULL,0,0,0,0,100,0),
(734120,13,3957.18,2310.89,110.883,NULL,0,0,0,0,100,0),
(734120,14,3951.58,2310.92,110.944,NULL,0,0,0,0,100,0),
(734120,15,3945.17,2310.97,110.887,NULL,0,0,0,0,100,0),
(734120,16,3941.46,2314.91,111.004,NULL,0,0,0,0,100,0),
(734120,17,3937.61,2319,110.887,NULL,0,0,0,0,100,0),
(734120,18,3935.38,2324.27,111.054,NULL,0,0,0,0,100,0),
(734120,19,3933.65,2328.35,110.898,NULL,0,0,0,0,100,0),
(734120,20,3931.64,2333.08,110.881,NULL,0,0,0,0,100,0),
(734120,21,3929.9,2337.16,110.773,NULL,0,0,0,0,100,0),
(734120,22,3927.9,2341.89,110.802,NULL,0,0,0,0,100,0),
(734120,23,3924.69,2346.05,110.683,NULL,0,0,0,0,100,0),
(734120,24,3921.63,2350.02,110.753,NULL,0,0,0,0,100,0),
(734120,25,3918.85,2353.62,110.704,NULL,0,0,0,0,100,0),
(734120,26,3915.86,2357.5,110.808,NULL,0,0,0,0,100,0),
(734120,27,3917.11,2362.24,110.806,NULL,0,0,0,0,100,0),
(734120,28,3918.36,2366.97,110.651,NULL,0,0,0,0,100,0),
(734120,29,3921.18,2371.12,110.574,NULL,0,0,0,0,100,0),
(734120,30,3923.8,2374.98,110.728,NULL,0,0,0,0,100,0),
(734120,31,3926.68,2379.24,110.544,NULL,0,0,0,0,100,0),
(734120,32,3926.04,2384.57,110.554,NULL,0,0,0,0,100,0),
(734120,33,3925.4,2390.01,110.538,NULL,0,0,0,0,100,0),
(734120,34,3924.79,2395.1,110.538,NULL,0,0,0,0,100,0),
(734120,35,3924.19,2400.08,110.538,NULL,0,0,0,0,100,0),
(734120,36,3923.56,2405.41,110.538,NULL,0,0,0,0,100,0),
(734120,37,3922.92,2410.74,110.538,NULL,0,0,0,0,100,0),
(734120,38,3922.3,2415.96,110.531,NULL,0,0,0,0,100,0),
(734120,39,3921.49,2422.76,111.108,NULL,0,0,0,0,100,0),
(734120,40,3917.48,2424.03,111.114,NULL,0,0,0,0,100,0),
(734120,41,3912.92,2425.46,111.036,NULL,0,0,0,0,100,0),
(734120,42,3908.8,2426.76,110.574,NULL,0,0,0,0,100,0),
(734120,43,3904.6,2426.77,110.538,NULL,0,0,0,0,100,0),
(734120,44,3899.58,2426.79,110.538,NULL,0,0,0,0,100,0),
(734120,45,3895.27,2426.8,110.543,NULL,0,0,0,0,100,0),
(734120,46,3891.7,2423.99,110.566,NULL,0,0,0,0,100,0),
(734120,47,3887.86,2420.95,110.545,NULL,0,0,0,0,100,0),
(734120,48,3883.74,2417.7,110.539,NULL,0,0,0,0,100,0),
(734120,49,3879.8,2414.58,110.579,NULL,0,0,0,0,100,0),
(734120,50,3875.49,2411.18,110.538,NULL,0,0,0,0,100,0),
(734120,51,3870.47,2411.08,110.858,NULL,0,0,0,0,100,0),
(734120,52,3866.15,2410.99,111.003,NULL,0,0,0,0,100,0),
(734120,53,3861.26,2410.89,110.795,NULL,0,0,0,0,100,0),
(734120,54,3856.36,2410.79,110.551,NULL,0,0,0,0,100,0),
(734120,55,3853.64,2413.99,110.699,NULL,0,0,0,0,100,0),
(734120,56,3850.32,2417.9,110.551,NULL,0,0,0,0,100,0),
(734120,57,3846.77,2422.09,110.538,NULL,0,0,0,0,100,0),
(734120,58,3843.74,2425.65,110.538,NULL,0,0,0,0,100,0),
(734120,59,3841.1,2428.76,110.539,NULL,0,0,0,0,100,0),
(734120,60,3836.27,2431.09,110.548,NULL,0,0,0,0,100,0),
(734120,61,3831.54,2433.37,110.539,NULL,0,0,0,0,100,0),
(734120,62,3822.49,2437.74,110.538,NULL,5000,0,0,734110,100,0),

(734110,1,4031.84,2357.15,110.679,NULL,0,0,0,0,100,0),
(734110,2,4029.04,2345.75,110.736,NULL,0,0,0,0,100,0),
(734110,3,4026.02,2344.22,111.198,NULL,0,0,0,0,100,0),
(734110,4,4021.97,2342.16,110.905,NULL,0,0,0,0,100,0),
(734110,5,4016.25,2339.26,110.675,NULL,0,0,0,0,100,0),
(734110,6,4011.24,2339.6,110.676,NULL,0,0,0,0,100,0),
(734110,7,4004.26,2340.08,110.715,NULL,0,0,0,0,100,0),
(734110,8,4000.71,2343.64,110.75,NULL,0,0,0,0,100,0),
(734110,9,3997.34,2347.02,110.65,NULL,0,0,0,0,100,0),
(734110,10,3994.04,2350.33,110.624,NULL,0,0,0,0,100,0),
(734110,11,3993.87,2354.41,110.639,NULL,0,0,0,0,100,0),
(734110,12,3993.67,2359.19,110.628,NULL,0,0,0,0,100,0),
(734110,13,3993.49,2363.5,110.605,NULL,0,0,0,0,100,0),
(734110,14,3990.46,2365.86,110.824,NULL,0,0,0,0,100,0),
(734110,15,3985.48,2369.73,110.521,NULL,0,0,0,0,100,0),
(734110,16,3985.16,2373.1,110.521,NULL,0,0,0,0,100,0),
(734110,17,3984.74,2377.4,110.557,NULL,0,0,0,0,100,0),
(734110,18,3984.27,2382.27,110.527,NULL,0,0,0,0,100,0),
(734110,19,3981.41,2385.19,110.99,NULL,0,0,0,0,100,0),
(734110,20,3978.38,2388.27,110.65,NULL,0,0,0,0,100,0),
(734110,21,3974.78,2391.94,110.533,NULL,0,0,0,0,100,0),
(734110,22,3970.28,2392.62,110.537,NULL,0,0,0,0,100,0),
(734110,23,3965.2,2393.4,110.537,NULL,0,0,0,0,100,0),
(734110,24,3960.59,2394.1,110.557,NULL,0,0,0,0,100,0),
(734110,25,3956.61,2398.22,110.538,NULL,0,0,0,0,100,0),
(734110,26,3952.88,2402.08,110.538,NULL,0,0,0,0,100,0),
(734110,27,3949.23,2405.86,110.538,NULL,0,0,0,0,100,0),
(734110,28,3945.75,2409.46,110.538,NULL,0,0,0,0,100,0),
(734110,29,3940.89,2414.5,110.538,NULL,0,0,0,0,100,0),
(734110,30,3938.05,2417.44,110.568,NULL,0,0,0,0,100,0),
(734110,31,3932.84,2418.74,110.538,NULL,0,0,0,0,100,0),
(734110,32,3927.97,2419.96,110.534,NULL,0,0,0,0,100,0),
(734110,33,3922.32,2421.37,110.808,NULL,0,0,0,0,100,0),
(734110,34,3918.29,2423.49,111.093,NULL,0,0,0,0,100,0),
(734110,35,3914.37,2425.55,111.062,NULL,0,0,0,0,100,0),
(734110,36,3909.73,2428,110.567,NULL,0,0,0,0,100,0),
(734110,37,3905.12,2427.32,110.538,NULL,0,0,0,0,100,0),
(734110,38,3899.46,2426.47,110.538,NULL,0,0,0,0,100,0),
(734110,39,3893.69,2425.62,110.543,NULL,0,0,0,0,100,0),
(734110,40,3889.48,2421.58,110.569,NULL,0,0,0,0,100,0),
(734110,41,3885.26,2417.54,110.584,NULL,0,0,0,0,100,0),
(734110,42,3880.97,2413.42,110.539,NULL,0,0,0,0,100,0),
(734110,43,3877.09,2409.71,110.539,NULL,0,0,0,0,100,0),
(734110,44,3869.96,2410.2,110.751,NULL,0,0,0,0,100,0),
(734110,45,3863.68,2410.63,110.923,NULL,0,0,0,0,100,0),
(734110,46,3857.39,2411.06,110.586,NULL,0,0,0,0,100,0),
(734110,47,3853.61,2414.86,110.84,NULL,0,0,0,0,100,0),
(734110,48,3849.57,2418.91,110.56,NULL,0,0,0,0,100,0),
(734110,49,3845.45,2423.04,110.548,NULL,0,0,0,0,100,0),
(734110,50,3841.42,2427.08,110.538,NULL,0,0,0,0,100,0),
(734110,51,3837.47,2431.05,110.56,NULL,0,0,0,0,100,0),
(734110,52,3831.5,2433.72,110.539,NULL,0,0,0,0,100,0),
(734110,53,3822.49,2437.74,110.538,NULL,5000,0,0,734110,100,0);
