DELETE FROM `creature` WHERE `guid` BETWEEN 3009565 AND 3009576;
INSERT INTO `creature` (`guid`, `id`, `map`, `zoneId`, `areaId`, `spawnMask`, `phaseMask`, `modelid`, `equipment_id`, `position_x`, `position_y`, `position_z`, `orientation`, `spawntimesecs`, `wander_distance`, `curhealth`, `curmana`, `MovementType`, `npcflag`, `unit_flags`, `dynamicflags`, `VerifiedBuild`)
VALUES
(3009565,23153,530,0,0,1,1,0,1,4117.67,5379.04,266.612,2.49582,300,0,1,0,2,0,0,0,0),
(3009566,23153,530,0,0,1,1,0,1,3971.33,5668.72,267.517,3.35698,300,0,1,0,2,0,0,0,0),
(3009567,23153,530,0,0,1,1,0,1,3914.38,4913.13,268.249,1.44054,300,0,1,0,2,0,0,0,0),
(3009568,23153,530,0,0,1,1,0,1,4078.18,5123.28,266.949,2.26103,300,0,1,0,2,0,0,0,0),
(3009569,23154,530,0,0,1,1,0,1,4110.28,5381.84,266.149,5.72743,-1,0,1,0,0,0,0,0,0),
(3009570,23154,530,0,0,1,1,0,1,4114.1,5368.57,267.621,1.41826,-1,0,1,0,0,0,0,0,0),
(3009571,23154,530,0,0,1,1,0,1,3967.49,5675.39,267.757,4.96323,-1,0,1,0,0,0,0,0,0),
(3009572,23154,530,0,0,1,1,0,1,3967.43,5660.81,268.532,1.4148,-1,0,1,0,0,0,0,0,0),
(3009573,23154,530,0,0,1,1,0,1,3920.01,4910.37,267.797,2.54939,-1,0,1,0,0,0,0,0,0),
(3009574,23154,530,0,0,1,1,0,1,3907.21,4910.3,268.202,1.65222,-1,0,1,0,0,0,0,0,0),
(3009575,23154,530,0,0,1,1,0,1,4083.72,5122.42,265.383,2.80688,-1,0,1,0,0,0,0,0,0),
(3009576,23154,530,0,0,1,1,0,1,4076.14,5114.61,267.871,1.36314,-1,0,1,0,0,0,0,0,0);

DELETE FROM `creature_addon` WHERE `guid` BETWEEN 3009565 AND 3009568;
INSERT INTO `creature_addon` (`guid`, `path_id`, `mount`, `bytes1`, `bytes2`, `emote`, `isLarge`, `auras`)
VALUES
(3009565,30095650,0,0,1,0,0,NULL),
(3009566,30095660,0,0,1,0,0,NULL),
(3009567,30095670,0,0,1,0,0,NULL),
(3009568,30095680,0,0,1,0,0,NULL);

DELETE FROM `creature_text` WHERE `CreatureId` = 23153;
INSERT INTO `creature_text` (`CreatureID`, `GroupID`, `ID`, `Text`, `Type`, `Language`, `Probability`, `Emote`, `Duration`, `Sound`, `BroadcastTextId`, `TextRange`, `comment`)
VALUES
(23153,0,0,'Check those crystals over there!',12,0,100,1,0,0,21004,0,'Bash''ir Surveyor'),
(23153,0,1,'Find what I am looking for and you may have a treat.',12,0,100,1,0,0,21007,0,'Bash''ir Surveyor'),
(23153,0,2,'That grouping looks promising.',12,0,100,1,0,0,21006,0,'Bash''ir Surveyor'),
(23153,1,0,'I am beginning to suspect you are worthless.  Do not disappoint me further.',12,0,100,1,0,0,21008,0,'Bash''ir Surveyor'),
(23153,1,1,'Yes, that''s it.  These will do nicely.',12,0,100,1,0,0,21009,0,'Bash''ir Surveyor'),
(23153,1,2,'You''ve found nothing?  Very well.  Over there next.',12,0,100,1,0,0,21005,0,'Bash''ir Surveyor');

DELETE FROM `creature_formations` WHERE `leaderGUID` IN (3009565,3009566,3009567,3009568);
INSERT INTO `creature_formations` (`leaderGUID`, `memberGUID`, `dist`, `angle`, `groupAI`)
VALUES
(3009565,3009565,0,0,2),
(3009565,3009569,5,70,2),
(3009565,3009570,5,290,2),

(3009566,3009566,0,0,2),
(3009566,3009571,5,70,2),
(3009566,3009572,5,290,2),

(3009567,3009567,0,0,2),
(3009567,3009573,5,70,2),
(3009567,3009574,5,290,2),

(3009568,3009568,0,0,2),
(3009568,3009575,5,70,2),
(3009568,3009576,5,290,2);

DELETE FROM `pool_template` WHERE `entry` = 203351;
INSERT INTO `pool_template` (`entry`, `max_limit`, `description`)
VALUES
(203351,1,'Bash''ir Surveyor (1 out of 4)');

DELETE FROM `pool_creature` WHERE `pool_entry` = 203351;
INSERT INTO `pool_creature` (`guid`, `pool_entry`, `chance`, `description`)
VALUES
(3009565,203351,0,'Bash''ir Surveyor - Spawn 1'),
(3009566,203351,0,'Bash''ir Surveyor - Spawn 2'),
(3009567,203351,0,'Bash''ir Surveyor - Spawn 3'),
(3009568,203351,0,'Bash''ir Surveyor - Spawn 4');

UPDATE `creature_template` SET `AIName` = 'SmartAI' WHERE `entry` = 23154;
DELETE FROM `smart_scripts` WHERE `source_type` = 0 AND `entryorguid` IN (23153,23154);
DELETE FROM `smart_scripts` WHERE `source_type` = 9 AND `entryorguid` IN (2315300,2315301);
INSERT INTO `smart_scripts` (`entryorguid`, `source_type`, `id`, `link`, `event_type`, `event_phase_mask`, `event_chance`, `event_flags`, `event_param1`, `event_param2`, `event_param3`, `event_param4`, `event_param5`, `action_type`, `action_param1`, `action_param2`, `action_param3`, `action_param4`, `action_param5`, `action_param6`, `target_type`, `target_param1`, `target_param2`, `target_param3`, `target_param4`, `target_x`, `target_y`, `target_z`, `target_o`, `comment`)
VALUES
(23153,0,0,1,11,0,100,0,0,0,0,0,0,67,1,3000,3000,0,0,0,1,0,0,0,0,0,0,0,0,'Bash''ir Surveyor - On Respawn - Create Timed Event 1'),
(23153,0,1,0,61,0,100,0,0,0,0,0,0,11,12980,0,0,0,0,0,1,0,0,0,0,0,0,0,0,'Bash''ir Surveyor - Linked - Cast ''Simple Teleport'''),
(23153,0,2,0,59,0,100,0,1,0,0,0,0,70,0,0,0,0,0,0,11,23154,30,2,0,0,0,0,0,'Bash''ir Surveyor - On Timed Event 1 Triggered - Respawn Target (Mana-debt Slave)'),
(23153,0,3,0,0,0,100,0,15000,30000,15000,30000,0,11,40835,0,0,0,0,0,5,0,0,0,0,0,0,0,0,'Bash''ir Surveyor - IC - Cast ''Stasis Field'''),
(23153,0,4,0,0,0,100,0,5000,10000,5000,10000,0,11,40881,0,0,0,0,0,2,0,0,0,0,0,0,0,0,'Bash''ir Surveyor - IC - Cast ''Arcane Blast'''),
(23153,0,5,0,2,0,100,0,0,40,38000,38000,0,11,11436,0,0,0,0,0,2,0,0,0,0,0,0,0,0,'Bash''ir Surveyor - Between 0-40% Health - Cast ''Slow'''),
(23153,0,6,0,1,0,100,0,0,0,3000,3000,0,11,40307,32,0,0,0,0,19,22175,13,0,0,0,0,0,0,'Bash''ir Surveyor - OOC - Cast ''Stasis Field'' (Apexis Flayer)'),
(23153,0,7,0,1,0,100,0,1000,1000,3000,3000,0,11,40307,32,0,0,0,0,19,22181,13,0,0,0,0,0,0,'Bash''ir Surveyor - OOC - Cast ''Stasis Field'' (Aether Ray)'),
(23153,0,8,0,1,0,100,0,2000,2000,3000,3000,0,11,40307,32,0,0,0,0,19,22180,13,0,0,0,0,0,0,'Bash''ir Surveyor - OOC - Cast ''Stasis Field'' (Shard-Hide Boar)'),
(23153,0,9,0,6,0,100,0,0,0,0,0,0,45,3,3,0,0,0,0,231,0,0,0,0,0,0,0,0,'Bash''ir Surveyor - On Death - Set Data 3 3 (Formation Members)'),
(23153,0,10,0,38,0,100,0,1,1,0,0,0,80,2315300,0,0,0,0,0,1,0,0,0,0,0,0,0,0,'Bash''ir Surveyor - On Data Set 1 1 - Call Timed Action List'),
(23153,0,11,0,38,0,100,0,2,2,0,0,0,80,2315301,0,0,0,0,0,1,0,0,0,0,0,0,0,0,'Bash''ir Surveyor - On Data Set 2 2 - Call Timed Action List'),

(2315300,9,0,0,0,0,100,0,2000,2000,0,0,0,1,0,0,1,0,0,0,231,0,0,0,0,0,0,0,0,'Bash''ir Surveyor - On Script - Say Line 0'),
(2315300,9,1,0,0,0,100,0,2000,2000,0,0,0,45,1,1,0,0,0,0,231,0,0,0,0,0,0,0,0,'Bash''ir Surveyor - On Script - Set Data 1 1 (Formation Members)'),
(2315300,9,2,0,0,0,100,0,32000,32000,0,0,0,1,1,0,1,0,0,0,231,0,0,0,0,0,0,0,0,'Bash''ir Surveyor - On Script - Say Line 1'),
(2315300,9,3,0,0,0,100,0,2000,2000,0,0,0,45,2,2,0,0,0,0,231,0,0,0,0,0,0,0,0,'Bash''ir Surveyor - On Script - Set Data 2 2 (Formation Members)'),

(2315301,9,0,0,0,0,100,0,1000,1000,0,0,0,45,4,4,0,0,0,0,231,0,0,0,0,0,0,0,0,'Bash''ir Surveyor - On Script - Set Data 4 4 (Formation Members)'),
(2315301,9,1,0,0,0,100,0,0,0,0,0,0,11,12980,0,0,0,0,0,1,0,0,0,0,0,0,0,0,'Bash''ir Surveyor - On Script - Cast ''Simple Teleport'''),
(2315301,9,2,0,0,0,100,0,0,0,0,0,0,41,1000,0,0,0,0,0,1,0,0,0,0,0,0,0,0,'Bash''ir Surveyor - On Script - Force Despawn'),

(23154,0,0,1,11,0,100,0,0,0,0,0,0,211,0,0,0,0,0,0,1,0,0,0,0,0,0,0,0,'Mana-debt Slave - On Respawn - Disable Event Phase Reset'),
(23154,0,1,2,61,0,100,0,0,0,0,0,0,22,0,0,0,0,0,0,1,0,0,0,0,0,0,0,0,'Mana-debt Slave - Linked - Set Event Phase 0'),
(23154,0,2,0,61,0,100,0,0,0,0,0,0,11,12980,0,0,0,0,0,1,0,0,0,0,0,0,0,0,'Mana-debt Slave - Linked - Cast ''Simple Teleport'''),
(23154,0,3,0,1,1,100,0,5000,5000,0,0,0,41,0,0,0,0,0,0,1,0,0,0,0,0,0,0,0,'Mana-debt Slave - OOC (Event Phase 1) - Force Despawn'),
(23154,0,4,5,38,0,100,0,1,1,0,0,0,17,233,0,0,0,0,0,1,0,0,0,0,0,0,0,0,'Mana-debt Slave - On Data Set 1 1 - Set Emote State ''STATE_WORK_MINING'''),
(23154,0,5,0,61,0,100,0,0,0,0,0,0,89,3,5000,10000,0,0,0,1,0,0,0,0,0,0,0,0,'Mana-debt Slave - Linked - Start Random Movement'),
(23154,0,6,7,38,0,100,0,2,2,0,0,0,17,0,0,0,0,0,0,1,0,0,0,0,0,0,0,0,'Mana-debt Slave - On Data Set 2 2 - Set Emote State ''ONESHOT_NONE'''),
(23154,0,7,0,61,0,100,0,0,0,0,0,0,89,0,0,0,0,0,0,1,0,0,0,0,0,0,0,0,'Mana-debt Slave - Linked - Stop Random Movement'),
(23154,0,8,9,38,0,100,0,3,3,0,0,0,48,1,0,0,0,0,0,1,0,0,0,0,0,0,0,0,'Mana-debt Slave - On Data Set 3 3 - Set Active On'),
(23154,0,9,0,61,0,100,0,0,0,0,0,0,22,1,0,0,0,0,0,1,0,0,0,0,0,0,0,0,'Mana-debt Slave - Linked - Set Event Phase 1'),
(23154,0,10,11,38,0,100,0,4,4,0,0,0,11,12980,0,0,0,0,0,1,0,0,0,0,0,0,0,0,'Mana-debt Slave - On Data Set 4 4 - Cast ''Simple Teleport'''),
(23154,0,11,0,61,0,100,0,0,0,0,0,0,41,1000,0,0,0,0,0,1,0,0,0,0,0,0,0,0,'Mana-debt Slave - Linked - Force Despawn');

DELETE FROM `conditions` WHERE `SourceTypeOrReferenceId` = 13 AND `SourceEntry` = 40307;
INSERT INTO `conditions` (`SourceTypeOrReferenceId`, `SourceGroup`, `SourceEntry`, `SourceId`, `ElseGroup`, `ConditionTypeOrReference`, `ConditionTarget`, `ConditionValue1`, `ConditionValue2`, `ConditionValue3`, `NegativeCondition`, `ErrorType`, `ErrorTextId`, `Comment`)
VALUES
(13,3,40307,0,0,31,0,3,22175,0,0,0,0,'Spell ''Stasis Field'' - Group 0: Implicit target creature ''Apexis Flayer'''),
(13,3,40307,0,1,31,0,3,22181,0,0,0,0,'Spell ''Stasis Field'' - Group 1: Implicit target creature ''Aether Ray'''),
(13,3,40307,0,2,31,0,3,22180,0,0,0,0,'Spell ''Stasis Field'' - Group 2: Implicit target creature ''Shard-Hide Boar''');

DELETE FROM `waypoint_scripts` WHERE `guid` IN (950,951);
INSERT INTO `waypoint_scripts` (`id`, `delay`, `command`, `datalong`, `datalong2`, `dataint`, `x`, `y`, `z`, `o`, `guid`)
VALUES
(30095650,0,51,1,1,23153,5,0,0,0,950),
(30095651,0,51,2,2,23153,5,0,0,0,951);

DELETE FROM `waypoint_data` WHERE `id` IN (30095650,30095660,30095670,30095680);
INSERT INTO `waypoint_data` (`id`, `point`, `position_x`, `position_y`, `position_z`, `orientation`, `delay`, `move_type`, `pathfinding`, `action`, `action_chance`, `wpguid`)
VALUES
(30095680,1,4078.18,5123.28,266.866,NULL,0,0,0,0,100,0),
(30095680,2,4075.28,5126.79,267.421,NULL,0,0,0,0,100,0),
(30095680,3,4072.91,5129.67,267.678,NULL,0,0,0,0,100,0),
(30095680,4,4069.79,5133.45,267.185,NULL,0,0,0,0,100,0),
(30095680,5,4066.38,5137.59,267.164,NULL,0,0,0,0,100,0),
(30095680,6,4063.26,5141.37,267.405,NULL,0,0,0,0,100,0),
(30095680,7,4059.77,5145.6,267.176,NULL,0,0,0,0,100,0),
(30095680,8,4056.65,5149.39,266.775,NULL,0,0,0,0,100,0),
(30095680,9,4053.91,5152.71,266.267,NULL,0,0,0,0,100,0),
(30095680,10,4051.38,5155.77,265.79,NULL,0,0,0,0,100,0),
(30095680,11,4049.23,5158.38,265.705,NULL,40000,0,0,30095650,100,0),
(30095680,12,4046,5155.51,265.597,NULL,0,0,0,0,100,0),
(30095680,13,4042.6,5152.49,266.129,NULL,0,0,0,0,100,0),
(30095680,14,4039.89,5150.09,266.863,NULL,0,0,0,0,100,0),
(30095680,15,4036.84,5147.38,267.339,NULL,0,0,0,0,100,0),
(30095680,16,4033.7,5144.59,267.613,NULL,0,0,0,0,100,0),
(30095680,17,4030.47,5141.72,267.431,NULL,0,0,0,0,100,0),
(30095680,18,4027.15,5138.78,267.019,NULL,0,0,0,0,100,0),
(30095680,19,4023.92,5135.91,266.797,NULL,0,0,0,0,100,0),
(30095680,20,4020.95,5133.27,266.805,NULL,0,0,0,0,100,0),
(30095680,21,4017.2,5129.95,266.989,NULL,0,0,0,0,100,0),
(30095680,22,4013.03,5126.24,267.147,NULL,0,0,0,0,100,0),
(30095680,23,4011.01,5122.97,266.996,NULL,0,0,0,0,100,0),
(30095680,24,4008.86,5119.5,266.644,NULL,0,0,0,0,100,0),
(30095680,25,4006.71,5116.03,266.527,NULL,0,0,0,0,100,0),
(30095680,26,4004.5,5112.46,266.754,NULL,0,0,0,0,100,0),
(30095680,27,4002.17,5108.7,266.782,NULL,0,0,0,0,100,0),
(30095680,28,4000.14,5105.43,266.393,NULL,0,0,0,0,100,0),
(30095680,29,3997.68,5101.46,266.103,NULL,0,0,0,0,100,0),
(30095680,30,3994.75,5096.72,266.934,NULL,0,0,0,0,100,0),
(30095680,31,3992.28,5094.07,267.314,NULL,0,0,0,0,100,0),
(30095680,32,3989.65,5091.26,267.503,NULL,0,0,0,0,100,0),
(30095680,33,3986.87,5088.28,267.354,NULL,0,0,0,0,100,0),
(30095680,34,3983.85,5085.04,267.157,NULL,0,0,0,0,100,0),
(30095680,35,3981.23,5082.23,267.425,NULL,0,0,0,0,100,0),
(30095680,36,3978.36,5079.16,268.189,NULL,0,0,0,0,100,0),
(30095680,37,3975.34,5075.92,268.662,NULL,0,0,0,0,100,0),
(30095680,38,3972.48,5072.85,268.566,NULL,40000,0,0,30095650,100,0),
(30095680,39,3976.41,5069.36,268.526,NULL,0,0,0,0,100,0),
(30095680,40,3980.24,5065.96,268.563,NULL,0,0,0,0,100,0),
(30095680,41,3984.09,5062.55,268.345,NULL,0,0,0,0,100,0),
(30095680,42,3987.57,5059.45,267.738,NULL,0,0,0,0,100,0),
(30095680,43,3991.24,5056.2,266.942,NULL,0,0,0,0,100,0),
(30095680,44,3994.38,5053.41,266.703,NULL,0,0,0,0,100,0),
(30095680,45,3997.96,5050.23,267.288,NULL,0,0,0,0,100,0),
(30095680,46,4001.62,5046.98,267.814,NULL,0,0,0,0,100,0),
(30095680,47,4005.64,5043.41,267.891,NULL,0,0,0,0,100,0),
(30095680,48,4009.48,5040.01,267.587,NULL,0,0,0,0,100,0),
(30095680,49,4013.59,5036.36,267.815,NULL,0,0,0,0,100,0),
(30095680,50,4017.09,5033.25,268.108,NULL,0,0,0,0,100,0),
(30095680,51,4018.79,5029.16,267.723,NULL,0,0,0,0,100,0),
(30095680,52,4020.76,5024.42,266.934,NULL,0,0,0,0,100,0),
(30095680,53,4022.77,5019.57,266.318,NULL,0,0,0,0,100,0),
(30095680,54,4024.51,5015.37,266.622,NULL,0,0,0,0,100,0),
(30095680,55,4026.3,5011.06,267.317,NULL,0,0,0,0,100,0),
(30095680,56,4028,5006.97,267.668,NULL,0,0,0,0,100,0),
(30095680,57,4029.9,5002.4,267.903,NULL,0,0,0,0,100,0),
(30095680,58,4034.29,5001.22,267.516,NULL,0,0,0,0,100,0),
(30095680,59,4038.8,5000,267.107,NULL,0,0,0,0,100,0),
(30095680,60,4043.53,4998.73,267.008,NULL,0,0,0,0,100,0),
(30095680,61,4048.26,4997.46,267.39,NULL,0,0,0,0,100,0),
(30095680,62,4054,4995.91,267.513,NULL,40000,0,0,30095650,100,0),
(30095680,63,4054.32,5000.57,267.686,NULL,0,0,0,0,100,0),
(30095680,64,4054.66,5005.34,267.831,NULL,0,0,0,0,100,0),
(30095680,65,4054.92,5009.07,267.772,NULL,0,0,0,0,100,0),
(30095680,66,4055.23,5013.6,267.157,NULL,0,0,0,0,100,0),
(30095680,67,4055.57,5018.49,267.6,NULL,0,0,0,0,100,0),
(30095680,68,4055.94,5023.73,268.47,NULL,0,0,0,0,100,0),
(30095680,69,4056.27,5028.51,268.575,NULL,0,0,0,0,100,0),
(30095680,70,4056.63,5033.74,268.445,NULL,0,0,0,0,100,0),
(30095680,71,4057.02,5039.21,267.99,NULL,0,0,0,0,100,0),
(30095680,72,4057.37,5044.34,266.957,NULL,0,0,0,0,100,0),
(30095680,73,4057.72,5049.34,266.333,NULL,0,0,0,0,100,0),
(30095680,74,4058.09,5054.69,266.829,NULL,0,0,0,0,100,0),
(30095680,75,4058.53,5060.98,267.828,NULL,0,0,0,0,100,0),
(30095680,76,4058.92,5066.56,268.232,NULL,0,0,0,0,100,0),
(30095680,77,4059.83,5070.42,268.26,NULL,0,0,0,0,100,0),
(30095680,78,4060.77,5074.39,267.974,NULL,0,0,0,0,100,0),
(30095680,79,4061.74,5078.48,267.147,NULL,0,0,0,0,100,0),
(30095680,80,4062.79,5082.92,266.56,NULL,0,0,0,0,100,0),
(30095680,81,4063.78,5087.12,266.998,NULL,0,0,0,0,100,0),
(30095680,82,4064.81,5091.44,267.61,NULL,0,0,0,0,100,0),
(30095680,83,4065.75,5095.41,267.724,NULL,0,0,0,0,100,0),
(30095680,84,4066.63,5099.14,267.396,NULL,0,0,0,0,100,0),
(30095680,85,4067.37,5104.09,266.811,NULL,0,0,0,0,100,0),
(30095680,86,4067.91,5107.66,266.989,NULL,0,0,0,0,100,0),
(30095680,87,4068.52,5111.7,267.456,NULL,0,0,0,0,100,0),
(30095680,88,4069,5114.93,267.451,NULL,0,0,0,0,100,0),
(30095680,89,4069.54,5118.53,267.162,NULL,40000,0,0,30095651,100,0),

(30095670,1,3914.38,4913.13,268.166,NULL,0,0,0,0,100,0),
(30095670,2,3915.02,4917.99,268.074,NULL,0,0,0,0,100,0),
(30095670,3,3915.88,4924.58,267.669,NULL,0,0,0,0,100,0),
(30095670,4,3916.43,4928.75,267.665,NULL,0,0,0,0,100,0),
(30095670,5,3917.04,4933.37,267.995,NULL,0,0,0,0,100,0),
(30095670,6,3917.57,4937.41,268.255,NULL,0,0,0,0,100,0),
(30095670,7,3918.24,4942.5,268.128,NULL,0,0,0,0,100,0),
(30095670,8,3918.86,4947.25,267.717,NULL,0,0,0,0,100,0),
(30095670,9,3919.56,4952.56,267.241,NULL,0,0,0,0,100,0),
(30095670,10,3920.17,4957.19,267.07,NULL,0,0,0,0,100,0),
(30095670,11,3920.73,4961.47,266.798,NULL,0,0,0,0,100,0),
(30095670,12,3921.23,4965.27,266.408,NULL,0,0,0,0,100,0),
(30095670,13,3919.56,4969.63,266.381,NULL,0,0,0,0,100,0),
(30095670,14,3917.73,4974.42,265.857,NULL,0,0,0,0,100,0),
(30095670,15,3915.97,4979,265.627,NULL,0,0,0,0,100,0),
(30095670,16,3914.26,4983.46,265.679,NULL,0,0,0,0,100,0),
(30095670,17,3912.68,4987.61,265.779,NULL,0,0,0,0,100,0),
(30095670,18,3910.74,4992.67,267.577,NULL,40000,0,0,30095650,100,0),
(30095670,19,3915.08,4989.32,266.264,NULL,0,0,0,0,100,0),
(30095670,20,3919.71,4985.75,265.835,NULL,0,0,0,0,100,0),
(30095670,21,3923.86,4982.54,266.385,NULL,0,0,0,0,100,0),
(30095670,22,3927.28,4979.91,267.274,NULL,0,0,0,0,100,0),
(30095670,23,3930.6,4977.34,267.788,NULL,0,0,0,0,100,0),
(30095670,24,3934.11,4974.64,267.884,NULL,0,0,0,0,100,0),
(30095670,25,3937.8,4971.79,267.723,NULL,0,0,0,0,100,0),
(30095670,26,3941.4,4969.01,267.523,NULL,0,0,0,0,100,0),
(30095670,27,3944.63,4966.52,267.234,NULL,0,0,0,0,100,0),
(30095670,28,3947.68,4964.16,266.469,NULL,0,0,0,0,100,0),
(30095670,29,3951.19,4961.46,265.797,NULL,0,0,0,0,100,0),
(30095670,30,3954.66,4958.78,266.064,NULL,0,0,0,0,100,0),
(30095670,31,3958.34,4957.01,266.174,NULL,0,0,0,0,100,0),
(30095670,32,3962.33,4955.09,266.661,NULL,0,0,0,0,100,0),
(30095670,33,3965.8,4953.42,267.427,NULL,0,0,0,0,100,0),
(30095670,34,3969.48,4951.66,268.04,NULL,0,0,0,0,100,0),
(30095670,35,3972.95,4949.99,268.197,NULL,0,0,0,0,100,0),
(30095670,36,3976.63,4948.22,267.835,NULL,0,0,0,0,100,0),
(30095670,37,3980.83,4946.2,267.107,NULL,0,0,0,0,100,0),
(30095670,38,3984.41,4944.48,267.039,NULL,0,0,0,0,100,0),
(30095670,39,3987.77,4942.86,268.053,NULL,0,0,0,0,100,0),
(30095670,40,3990.94,4941.34,268.857,NULL,0,0,0,0,100,0),
(30095670,41,3992.85,4938,268.341,NULL,0,0,0,0,100,0),
(30095670,42,3995.17,4933.95,267.726,NULL,0,0,0,0,100,0),
(30095670,43,3997.6,4929.69,267.655,NULL,0,0,0,0,100,0),
(30095670,44,4000.09,4925.34,267.547,NULL,0,0,0,0,100,0),
(30095670,45,4002.01,4921.99,267.047,NULL,0,0,0,0,100,0),
(30095670,46,4003.89,4918.7,266.409,NULL,0,0,0,0,100,0),
(30095670,47,4008.76,4918.17,266.122,NULL,0,0,0,0,100,0),
(30095670,48,4013.98,4917.61,265.944,NULL,0,0,0,0,100,0),
(30095670,49,4020,4916.96,265.58,NULL,40000,0,0,30095650,100,0),
(30095670,50,4018.63,4913.36,266.196,NULL,0,0,0,0,100,0),
(30095670,51,4016.92,4908.9,266.912,NULL,0,0,0,0,100,0),
(30095670,52,4015.3,4904.64,267.233,NULL,0,0,0,0,100,0),
(30095670,53,4013.56,4900.07,267.232,NULL,0,0,0,0,100,0),
(30095670,54,4011.73,4895.27,267.03,NULL,0,0,0,0,100,0),
(30095670,55,4009.98,4890.69,266.986,NULL,0,0,0,0,100,0),
(30095670,56,4008.36,4886.44,267.07,NULL,0,0,0,0,100,0),
(30095670,57,4006.66,4881.98,266.745,NULL,0,0,0,0,100,0),
(30095670,58,4004.95,4877.5,266.45,NULL,0,0,0,0,100,0),
(30095670,59,4003.25,4873.03,266.882,NULL,0,0,0,0,100,0),
(30095670,60,4001.99,4869.73,267.404,NULL,0,0,0,0,100,0),
(30095670,61,4001.09,4867.38,267.702,NULL,0,0,0,0,100,0),
(30095670,62,3996.45,4865.79,267.634,NULL,0,0,0,0,100,0),
(30095670,63,3991.37,4864.06,267.706,NULL,0,0,0,0,100,0),
(30095670,64,3986.4,4862.36,267.761,NULL,0,0,0,0,100,0),
(30095670,65,3982.21,4860.93,267.522,NULL,0,0,0,0,100,0),
(30095670,66,3977.8,4859.42,266.846,NULL,0,0,0,0,100,0),
(30095670,67,3973.17,4857.84,266.629,NULL,0,0,0,0,100,0),
(30095670,68,3969.52,4856.6,266.879,NULL,0,0,0,0,100,0),
(30095670,69,3966.17,4855.45,267.058,NULL,0,0,0,0,100,0),
(30095670,70,3961.85,4856.89,267.442,NULL,0,0,0,0,100,0),
(30095670,71,3957.98,4858.18,267.974,NULL,0,0,0,0,100,0),
(30095670,72,3954.44,4859.36,268.084,NULL,0,0,0,0,100,0),
(30095670,73,3951.01,4860.51,267.762,NULL,0,0,0,0,100,0),
(30095670,74,3947.47,4861.69,267.099,NULL,0,0,0,0,100,0),
(30095670,75,3943.71,4862.95,266.291,NULL,0,0,0,0,100,0),
(30095670,76,3941.39,4863.72,266.136,NULL,0,0,0,0,100,0),
(30095670,77,3938.67,4864.63,266.876,NULL,0,0,0,0,100,0),
(30095670,78,3935.95,4865.99,267.479,NULL,0,0,0,0,100,0),
(30095670,79,3932.62,4867.66,267.694,NULL,0,0,0,0,100,0),
(30095670,80,3928.25,4869.85,267.538,NULL,0,0,0,0,100,0),
(30095670,81,3924.39,4871.78,267.365,NULL,0,0,0,0,100,0),
(30095670,82,3920.94,4873.51,267.126,NULL,0,0,0,0,100,0),
(30095670,83,3917.79,4875.08,266.758,NULL,40000,0,0,30095650,100,0),
(30095670,84,3919.4,4878.33,266.581,NULL,0,0,0,0,100,0),
(30095670,85,3921.31,4882.19,266.4,NULL,0,0,0,0,100,0),
(30095670,86,3923.28,4886.17,265.917,NULL,0,0,0,0,100,0),
(30095670,87,3925.3,4890.25,266.281,NULL,0,0,0,0,100,0),
(30095670,88,3927.11,4893.91,266.845,NULL,0,0,0,0,100,0),
(30095670,89,3928.77,4897.25,267.266,NULL,0,0,0,0,100,0),
(30095670,90,3930.73,4901.21,267.619,NULL,0,0,0,0,100,0),
(30095670,91,3928.62,4904,267.883,NULL,0,0,0,0,100,0),
(30095670,92,3926.08,4907.35,267.679,NULL,0,0,0,0,100,0),
(30095670,93,3923.33,4910.97,267.513,NULL,0,0,0,0,100,0),
(30095670,94,3920.37,4914.88,267.67,NULL,0,0,0,0,100,0),
(30095670,95,3917.53,4918.63,267.817,NULL,40000,0,0,30095651,100,0),

(30095660,1,3971.33,5668.72,267.434,NULL,0,0,0,0,100,0),
(30095660,2,3966.43,5667.65,267.203,NULL,0,0,0,0,100,0),
(30095660,3,3961.42,5666.55,266.695,NULL,0,0,0,0,100,0),
(30095660,4,3955.95,5665.35,266.831,NULL,0,0,0,0,100,0),
(30095660,5,3950.58,5664.17,267.88,NULL,0,0,0,0,100,0),
(30095660,6,3950.37,5660.33,267.486,NULL,0,0,0,0,100,0),
(30095660,7,3950.05,5654.39,267.345,NULL,0,0,0,0,100,0),
(30095660,8,3949.7,5648.01,267.737,NULL,40000,0,0,30095650,100,0),
(30095660,9,3948.83,5652.6,267.359,NULL,0,0,0,0,100,0),
(30095660,10,3947.84,5657.75,267.286,NULL,0,0,0,0,100,0),
(30095660,11,3946.84,5663.02,268.034,NULL,0,0,0,0,100,0),
(30095660,12,3945.9,5667.95,268.969,NULL,0,0,0,0,100,0),
(30095660,13,3944.83,5673.57,269.206,NULL,0,0,0,0,100,0),
(30095660,14,3943.78,5679.07,269.496,NULL,0,0,0,0,100,0),
(30095660,15,3942.78,5684.35,269.72,NULL,0,0,0,0,100,0),
(30095660,16,3941.69,5690.08,269.277,NULL,0,0,0,0,100,0),
(30095660,17,3940.75,5695.01,268.345,NULL,0,0,0,0,100,0),
(30095660,18,3939.84,5699.78,267.714,NULL,0,0,0,0,100,0),
(30095660,19,3935.93,5702.34,267.331,NULL,0,0,0,0,100,0),
(30095660,20,3930.66,5705.79,266.876,NULL,0,0,0,0,100,0),
(30095660,21,3925.78,5708.98,266.769,NULL,0,0,0,0,100,0),
(30095660,22,3921.19,5711.99,267.205,NULL,0,0,0,0,100,0),
(30095660,23,3917.21,5714.59,267.55,NULL,40000,0,0,30095650,100,0),
(30095660,24,3920.33,5711.6,267.098,NULL,0,0,0,0,100,0),
(30095660,25,3924.03,5708.06,266.56,NULL,0,0,0,0,100,0),
(30095660,26,3927.98,5704.26,266.546,NULL,0,0,0,0,100,0),
(30095660,27,3932.11,5700.31,267.021,NULL,0,0,0,0,100,0),
(30095660,28,3936.91,5695.71,268.006,NULL,0,0,0,0,100,0),
(30095660,29,3940.78,5691.99,268.94,NULL,0,0,0,0,100,0),
(30095660,30,3944.91,5688.03,269.617,NULL,0,0,0,0,100,0),
(30095660,31,3948.11,5684.96,269.551,NULL,0,0,0,0,100,0),
(30095660,32,3953.26,5680.03,268.714,NULL,0,0,0,0,100,0),
(30095660,33,3957.3,5678.88,268.304,NULL,0,0,0,0,100,0),
(30095660,34,3961.57,5677.66,267.853,NULL,0,0,0,0,100,0),
(30095660,35,3965.49,5676.54,267.782,NULL,0,0,0,0,100,0),
(30095660,36,3969.98,5675.25,267.745,NULL,0,0,0,0,100,0),
(30095660,37,3975.03,5673.81,267.179,NULL,0,0,0,0,100,0),
(30095660,38,3978.84,5672.72,267.153,NULL,0,0,0,0,100,0),
(30095660,39,3983.99,5671.25,266.786,NULL,0,0,0,0,100,0),
(30095660,40,3989.55,5671.92,266.846,NULL,0,0,0,0,100,0),
(30095660,41,3994.88,5672.55,267.079,NULL,0,0,0,0,100,0),
(30095660,42,4000.55,5673.23,267.35,NULL,0,0,0,0,100,0),
(30095660,43,4005.53,5673.83,267.266,NULL,0,0,0,0,100,0),
(30095660,44,4010.36,5674.4,266.804,NULL,0,0,0,0,100,0),
(30095660,45,4014.53,5674.9,266.238,NULL,0,0,0,0,100,0),
(30095660,46,4018.19,5675.34,266.043,NULL,0,0,0,0,100,0),
(30095660,47,4022.38,5675.66,266.501,NULL,0,0,0,0,100,0),
(30095660,48,4027.14,5676.03,266.969,NULL,0,0,0,0,100,0),
(30095660,49,4031.33,5676.35,266.963,NULL,0,0,0,0,100,0),
(30095660,50,4036.45,5676.75,266.799,NULL,0,0,0,0,100,0),
(30095660,51,4041.11,5677.11,266.946,NULL,0,0,0,0,100,0),
(30095660,52,4045.02,5677.41,267.035,NULL,40000,0,0,30095650,100,0),
(30095660,53,4040.1,5676.4,266.948,NULL,0,0,0,0,100,0),
(30095660,54,4034.85,5675.31,266.775,NULL,0,0,0,0,100,0),
(30095660,55,4029.13,5674.13,266.768,NULL,0,0,0,0,100,0),
(30095660,56,4023.42,5672.95,266.381,NULL,0,0,0,0,100,0),
(30095660,57,4017.83,5671.79,266.265,NULL,0,0,0,0,100,0),
(30095660,58,4013.14,5670.83,266.566,NULL,0,0,0,0,100,0),
(30095660,59,4009.55,5670.08,266.974,NULL,0,0,0,0,100,0),
(30095660,60,4005.1,5669.16,267.336,NULL,0,0,0,0,100,0),
(30095660,61,4001.4,5668.4,267.477,NULL,0,0,0,0,100,0),
(30095660,62,3996.03,5668.46,267.429,NULL,0,0,0,0,100,0),
(30095660,63,3990.66,5668.53,267.137,NULL,0,0,0,0,100,0),
(30095660,64,3985.53,5668.59,266.897,NULL,0,0,0,0,100,0),
(30095660,65,3978.42,5668.67,267.518,NULL,0,0,0,0,100,0),
(30095660,66,3974.07,5668.72,267.556,NULL,40000,0,0,30095651,100,0),

(30095650,1,4117.67,5379.04,266.529,NULL,0,0,0,0,100,0),
(30095650,2,4112.3,5375.54,266.374,NULL,0,0,0,0,100,0),
(30095650,3,4105.26,5370.96,266.711,NULL,0,0,0,0,100,0),
(30095650,4,4100.06,5367.57,266.811,NULL,0,0,0,0,100,0),
(30095650,5,4094.1,5363.69,267.033,NULL,0,0,0,0,100,0),
(30095650,6,4088.92,5360.32,266.77,NULL,0,0,0,0,100,0),
(30095650,7,4088.32,5354.63,266.351,NULL,0,0,0,0,100,0),
(30095650,8,4087.66,5348.48,265.907,NULL,0,0,0,0,100,0),
(30095650,9,4087.12,5343.38,266.409,NULL,0,0,0,0,100,0),
(30095650,10,4086.57,5338.16,268.866,NULL,0,0,0,0,100,0),
(30095650,11,4086.19,5334.62,271.996,NULL,40000,0,0,30095650,100,0),
(30095650,12,4084.51,5337.55,269.281,NULL,0,0,0,0,100,0),
(30095650,13,4081.6,5342.61,266.961,NULL,0,0,0,0,100,0),
(30095650,14,4078.29,5348.37,266.119,NULL,0,0,0,0,100,0),
(30095650,15,4075.15,5353.83,266.775,NULL,0,0,0,0,100,0),
(30095650,16,4071.78,5359.69,267.307,NULL,0,0,0,0,100,0),
(30095650,17,4068.7,5365.05,267.003,NULL,0,0,0,0,100,0),
(30095650,18,4065.21,5371.12,267.002,NULL,0,0,0,0,100,0),
(30095650,19,4061.78,5377.08,267.772,NULL,0,0,0,0,100,0),
(30095650,20,4058.24,5383.24,268.156,NULL,0,0,0,0,100,0),
(30095650,21,4055.08,5388.75,268.171,NULL,0,0,0,0,100,0),
(30095650,22,4049.23,5391.1,267.835,NULL,0,0,0,0,100,0),
(30095650,23,4042.63,5393.75,267.735,NULL,0,0,0,0,100,0),
(30095650,24,4036.35,5396.27,267.811,NULL,0,0,0,0,100,0),
(30095650,25,4030.93,5398.44,266.815,NULL,0,0,0,0,100,0),
(30095650,26,4025.52,5400.62,266.065,NULL,0,0,0,0,100,0),
(30095650,27,4020.88,5402.48,266.849,NULL,0,0,0,0,100,0),
(30095650,28,4018.44,5403.46,266.93,NULL,40000,0,0,30095650,100,0),
(30095650,29,4020.77,5407.24,267.322,NULL,0,0,0,0,100,0),
(30095650,30,4023.46,5411.61,267.545,NULL,0,0,0,0,100,0),
(30095650,31,4026.64,5416.78,267.656,NULL,0,0,0,0,100,0),
(30095650,32,4029.94,5422.14,267.551,NULL,0,0,0,0,100,0),
(30095650,33,4033.11,5427.3,267.569,NULL,0,0,0,0,100,0),
(30095650,34,4036.47,5432.76,267.461,NULL,0,0,0,0,100,0),
(30095650,35,4039.53,5437.73,267.305,NULL,0,0,0,0,100,0),
(30095650,36,4041.49,5440.91,266.776,NULL,0,0,0,0,100,0),
(30095650,37,4044.68,5445.65,266.137,NULL,0,0,0,0,100,0),
(30095650,38,4048.34,5451.07,266.063,NULL,0,0,0,0,100,0),
(30095650,39,4051.92,5456.39,266.195,NULL,0,0,0,0,100,0),
(30095650,40,4055.19,5461.23,266.811,NULL,0,0,0,0,100,0),
(30095650,41,4058.64,5466.36,267.238,NULL,0,0,0,0,100,0),
(30095650,42,4061.74,5470.96,267.373,NULL,40000,0,0,30095650,100,0),
(30095650,43,4063.44,5466.36,267.49,NULL,0,0,0,0,100,0),
(30095650,44,4065.01,5462.09,267.449,NULL,0,0,0,0,100,0),
(30095650,45,4066.86,5457.05,266.746,NULL,0,0,0,0,100,0),
(30095650,46,4068.96,5451.37,266.484,NULL,0,0,0,0,100,0),
(30095650,47,4070.97,5445.89,266.835,NULL,0,0,0,0,100,0),
(30095650,48,4072.82,5440.86,267.048,NULL,0,0,0,0,100,0),
(30095650,49,4074.44,5436.48,266.963,NULL,0,0,0,0,100,0),
(30095650,50,4076.08,5432.03,266.837,NULL,0,0,0,0,100,0),
(30095650,51,4077.49,5428.2,266.746,NULL,0,0,0,0,100,0),
(30095650,52,4079.14,5423.71,266.053,NULL,0,0,0,0,100,0),
(30095650,53,4081.2,5418.12,266.058,NULL,0,0,0,0,100,0),
(30095650,54,4083.21,5412.65,265.642,NULL,0,0,0,0,100,0),
(30095650,55,4085.76,5405.75,264.978,NULL,0,0,0,0,100,0),
(30095650,56,4088.16,5399.22,264.856,NULL,0,0,0,0,100,0),
(30095650,57,4090.63,5394.06,264.538,NULL,0,0,0,0,100,0),
(30095650,58,4093.2,5388.69,264.253,NULL,0,0,0,0,100,0),
(30095650,59,4095.57,5383.74,264.27,NULL,0,0,0,0,100,0),
(30095650,60,4097.74,5379.22,264.993,NULL,0,0,0,0,100,0),
(30095650,61,4099.72,5375.08,265.682,NULL,40000,0,0,30095651,100,0);
