-- Misc
UPDATE `creature_template` SET `InhabitType` = `InhabitType` & ~4 WHERE `entry` = 24169;
UPDATE `creature_template` SET `InhabitType` = `InhabitType` | 4, `flags_extra` = `flags_extra` | 2 WHERE `entry` = 23821;
UPDATE `creature_template` SET `speed_walk` = 0.666668 WHERE `entry` = 23552;
UPDATE `creature_template` SET `unit_flags` = 33536 WHERE `entry` = 24122;
DELETE FROM `creature_loot_template` WHERE `Entry` = 24063;
UPDATE `creature_addon` SET `bytes1` = 0, `bytes2` = 1, `auras` = '29266' WHERE `guid` = 101146;
UPDATE `creature` SET `position_x` = 917.498, `position_y` = -4974.82, `position_z` = 3.44093, `orientation` = 2.40943 WHERE `guid` = 101146;
UPDATE `creature` SET `position_x` = 918.654, `position_y` = -4885.67, `position_z` = 4.51504, `wander_distance` = 30 WHERE `guid` = 86656;
UPDATE `creature` SET `position_x` = 832.671, `position_y` = -4845.41, `position_z` = 3.56079 WHERE `guid` = 104907;
UPDATE `creature` SET `wander_distance` = 8, `MovementType` = 1 WHERE `guid` IN (106147,106149);
UPDATE `creature` SET `position_x` = 695.292, `position_y` = -4933.17, `position_z` = 35.1279 WHERE `guid` = 97567;
UPDATE `creature` SET `position_x` = 686.158, `position_y` = -4945.22, `position_z` = 31.7253 WHERE `guid` = 97610;
UPDATE `creature` SET `position_x` = 644.853, `position_y` = -5063.45, `position_z` = 0.759822, `orientation` = 5.1387 WHERE `guid` = 202316;
UPDATE `creature` SET `position_x` = 649.085, `position_y` = -5061.43, `position_z` = 1.09808, `orientation` = 5.22509 WHERE `guid` = 120549;
UPDATE `creature` SET `position_x` = 654.717, `position_y` = -5059.07, `position_z` = 1.61489, `orientation` = 5.45678 WHERE `guid` = 120551;
UPDATE `creature` SET `position_x` = 658.07, `position_y` = -5056.2, `position_z` = 2.16592, `orientation` = 5.40966 WHERE `guid` = 120550;
UPDATE `creature` SET `position_x` = 650.372, `position_y` = -5057.25, `position_z` = 1.50117, `orientation` = 5.30755 WHERE `guid` = 119573;
UPDATE `creature` SET `position_x` = 589.464, `position_y` = -5095.42, `position_z` = 5.3433, `orientation` = 4.46764 WHERE `guid` = 133903;
UPDATE `creature` SET `wander_distance` = 0, `MovementType` = 0 WHERE `guid` IN (105657,105658,105675,105676,105677,105678,105682,105683,105685,105686,105687,105688,105689,105691,105692,105693,105694,105727,105732,105734,105736,105737,105742,105744,105774);
UPDATE `creature_addon` SET `emote` = 234 WHERE `guid` = 104887;
UPDATE `creature_addon` SET `auras` = NULL WHERE `guid` IN (97133,97134,97135,97139,97140);
UPDATE `creature_addon` SET `isLarge` = 1 WHERE `guid` = 203122;
UPDATE `waypoint_data` SET `pathfinding` = 3 WHERE `id` = 2031220;

-- Dragonflayer Invaders
UPDATE `creature` SET `id` = 24051, `equipment_id` = 1, `wander_distance` = 0, `modelid` = 0, `spawntimesecs` = 25, `curhealth` = 1, `MovementType` = 2 WHERE `id` IN (24051,24063);
UPDATE `creature` SET `position_x` = 769.929, `position_y` = -4901.63, `position_z` = 2.39616 WHERE `guid` = 118773;
UPDATE `creature` SET `position_x` = 773.869, `position_y` = -4856.99, `position_z` = 1.28191 WHERE `guid` = 118770;
UPDATE `creature` SET `position_x` = 776.056, `position_y` = -4866.82, `position_z` = 1.03051 WHERE `guid` = 120560;
UPDATE `creature` SET `position_x` = 776.045, `position_y` = -4914.44, `position_z` = 1.77492 WHERE `guid` = 120558;
UPDATE `creature` SET `position_x` = 777.837, `position_y` = -4920.64, `position_z` = 1.8933 WHERE `guid` = 118771;
UPDATE `creature` SET `position_x` = 777.479, `position_y` = -4961.09, `position_z` = 1.98894 WHERE `guid` = 120557;
UPDATE `creature` SET `position_x` = 767.866, `position_y` = -4910.13, `position_z` = 1.97125 WHERE `guid` = 118767;
UPDATE `creature` SET `position_x` = 779.371, `position_y` = -4926.75, `position_z` = 2.00571 WHERE `guid` = 120559;
UPDATE `creature` SET `position_x` = 779.807, `position_y` = -4952.18, `position_z` = 2.26549 WHERE `guid` = 118769;
UPDATE `creature` SET `position_x` = 770.645, `position_y` = -4919.71, `position_z` = 2.24787 WHERE `guid` = 118766;
UPDATE `creature` SET `position_x` = 770.301, `position_y` = -4963.5, `position_z` = 2.18023 WHERE `guid` = 118768;

-- Valgarde Defenders
UPDATE `creature` SET `position_x` = 703.728, `position_y` = -4932.87, `position_z` = 6.53557, `orientation` = 0.268232 WHERE `guid` = 113663;
UPDATE `creature` SET `position_x` = 711.517, `position_y` = -4944.72, `position_z` = 4.61592, `orientation` = 0.692347 WHERE `guid` = 113665;
UPDATE `creature` SET `position_x` = 709.797, `position_y` = -4972.19, `position_z` = 5.81063, `orientation` = 0.613796 WHERE `guid` = 113644;
UPDATE `creature` SET `position_x` = 718.002, `position_y` = -4994.9, `position_z` = 7.2369, `orientation` = 0.578454 WHERE `guid` = 113664;
UPDATE `creature` SET `position_x` = 700.501, `position_y` = -4959.89, `position_z` = 5.25359, `orientation` = 0.374545 WHERE `guid` = 113658;
UPDATE `creature` SET `modelid` = 0 WHERE `id` = 23739;

DELETE FROM `creature_addon` WHERE `guid` IN (113663,113665,113644,113664,113658,118772,118768,120557,118769,120559,118766,118771,120558,118767,118773,120561,120560,118770);
INSERT INTO `creature_addon` (`guid`, `path_id`, `mount`, `bytes1`, `bytes2`, `emote`, `isLarge`, `auras`)
VALUES
(113663,0,0,0,2,0,0,NULL),
(113665,0,0,0,2,0,0,NULL),
(113644,0,0,0,2,0,0,NULL),
(113664,0,0,0,2,0,0,NULL),
(113658,0,0,0,2,0,0,NULL),
(118772,1187720,0,0,1,0,0,NULL),
(118768,1187680,0,0,1,0,0,NULL),
(120557,1205570,0,0,1,0,0,NULL),
(118769,1187690,0,0,1,0,0,NULL),
(120559,1205590,0,0,1,0,0,NULL),
(118766,1187660,0,0,1,0,0,NULL),
(118771,1187710,0,0,1,0,0,NULL),
(120558,1205580,0,0,1,0,0,NULL),
(118767,1187670,0,0,1,0,0,NULL),
(118773,1187730,0,0,1,0,0,NULL),
(120561,1205610,0,0,1,0,0,NULL),
(120560,1205600,0,0,1,0,0,NULL),
(118770,1187700,0,0,1,0,0,NULL);

DELETE FROM `pool_template` WHERE `entry` = 203348;
INSERT INTO `pool_template` (`entry`, `max_limit`, `description`)
VALUES
(203348,4,'Dragonflayer Invaders (4 out of 13)');

DELETE FROM `pool_creature` WHERE `pool_entry` = 203348;
INSERT INTO `pool_creature` (`guid`, `pool_entry`, `chance`, `description`)
VALUES
(118772,203348,0,'Dragonflayer Invaders - Spawn 1'),
(118768,203348,0,'Dragonflayer Invaders - Spawn 2'),
(120557,203348,0,'Dragonflayer Invaders - Spawn 3'),
(118769,203348,0,'Dragonflayer Invaders - Spawn 4'),
(120559,203348,0,'Dragonflayer Invaders - Spawn 5'),
(118766,203348,0,'Dragonflayer Invaders - Spawn 6'),
(118771,203348,0,'Dragonflayer Invaders - Spawn 7'),
(120558,203348,0,'Dragonflayer Invaders - Spawn 8'),
(118767,203348,0,'Dragonflayer Invaders - Spawn 9'),
(118773,203348,0,'Dragonflayer Invaders - Spawn 10'),
(120561,203348,0,'Dragonflayer Invaders - Spawn 11'),
(120560,203348,0,'Dragonflayer Invaders - Spawn 12'),
(118770,203348,0,'Dragonflayer Invaders - Spawn 13');

DELETE FROM `creature_id_chance` WHERE `guid` IN (118772,118768,120557,118769,120559,118766,118771,120558,118767,118773,120561,120560,118770);
INSERT INTO `creature_id_chance` (`guid`, `id`, `chance`)
VALUES
(118772,24063,50),
(118768,24063,50),
(120557,24063,50),
(118769,24063,50),
(120559,24063,50),
(118766,24063,50),
(118771,24063,50),
(120558,24063,50),
(118767,24063,50),
(118773,24063,50),
(120561,24063,50),
(120560,24063,50),
(118770,24063,50);

DELETE FROM `creature_text` WHERE `CreatureId` IN (23739,24169);
INSERT INTO `creature_text` (`CreatureID`, `GroupID`, `ID`, `Text`, `Type`, `Language`, `Probability`, `Emote`, `Duration`, `Sound`, `BroadcastTextId`, `TextRange`, `comment`)
VALUES
(23739,0,0,'It''s coming right for us!',12,7,100,0,0,0,22688,0,'Valgarde Defender'),
(23739,0,1,'FIRE! FIRE!',12,7,100,0,0,0,22689,0,'Valgarde Defender'),
(23739,0,2,'Shoot it between the eyes! Those beasts are vulnerable there!',12,7,100,0,0,0,22690,0,'Valgarde Defender'),
(23739,0,3,'Invader incoming!',12,7,100,0,0,0,22691,0,'Valgarde Defender'),
(23739,0,4,'Don''t let those monsters through the gate! Stand firm, soldiers!',12,7,100,0,0,0,22692,0,'Valgarde Defender'),

(24169,0,0,'The val''kyr surround us, brothers and sisters! Glory comes to those who sacrifice all for the Lich King!',14,0,100,0,0,0,22862,0,'Dragonflayer Lieutenant'),
(24169,0,1,'Ingvar sends his dragon riders to descend upon these insects! Soon they will face the awakened force of the Vrykul!',14,0,100,0,0,0,22864,0,'Dragonflayer Lieutenant'),
(24169,0,2,'Battle hard, brothers! Rouse our sleeping kin with the echoes of war!',14,0,100,0,0,0,22865,0,'Dragonflayer Lieutenant');

UPDATE `creature_template` SET `lootid` = 0, `skinloot` = 0, `AIName` = 'SmartAI', `flags_extra` = `flags_extra` | 64 WHERE `entry` IN (24051,24063);
UPDATE `creature_template` SET `AIName` = 'SmartAI' WHERE `entry` IN (23739,23557,24169,23660,23651,24635);
DELETE FROM `smart_scripts` WHERE `source_type` = 0 AND `entryorguid` IN (24051,24063,23739,23557,24169,23660,23651,24635);
DELETE FROM `smart_scripts` WHERE `source_type` = 0 AND `entryorguid` = 23658 AND `id` > 0;
INSERT INTO `smart_scripts` (`entryorguid`, `source_type`, `id`, `link`, `event_type`, `event_phase_mask`, `event_chance`, `event_flags`, `event_param1`, `event_param2`, `event_param3`, `event_param4`, `event_param5`, `action_type`, `action_param1`, `action_param2`, `action_param3`, `action_param4`, `action_param5`, `action_param6`, `target_type`, `target_param1`, `target_param2`, `target_param3`, `target_param4`, `target_x`, `target_y`, `target_z`, `target_o`, `comment`)
VALUES
(24051,0,0,0,11,0,100,0,0,0,0,0,0,116,5,0,0,0,0,0,1,0,0,0,0,0,0,0,0,'Dragonflayer Invader - On Respawn - Set Corpse Delay'),
(24051,0,1,0,4,0,10,0,0,0,0,0,0,1,0,0,0,0,0,0,1,0,0,0,0,0,0,0,0,'Dragonflayer Invader - On Aggro - Say Line 0'),
(24051,0,2,0,9,0,100,0,8,25,20000,25000,0,11,58769,0,0,0,0,0,2,0,0,0,0,0,0,0,0,'Dragonflayer Invader - Within 8-25 Range - Cast ''Intercept'''),
(24051,0,3,0,0,0,100,0,5000,15000,5000,15000,0,11,42870,0,0,0,0,0,6,0,0,0,0,0,0,0,0,'Dragonflayer Invader - IC - Cast ''Throw Dragonflayer Harpoon'''),

(24063,0,0,0,11,0,100,0,0,0,0,0,0,116,5,0,0,0,0,0,1,0,0,0,0,0,0,0,0,'Dragonflayer Worg - On Respawn - Set Corpse Delay'),
(24063,0,1,0,0,0,100,0,2500,5000,30000,31000,0,11,7367,0,0,0,0,0,2,0,0,0,0,0,0,0,0,'Dragonflayer Worg - IC - Cast ''Infected Bite'''),

(23739,0,0,0,9,0,100,0,5,30,2000,3000,1,11,6660,64,0,0,0,0,2,0,0,0,0,0,0,0,0,'Valgarde Defender - Within 5-30 Range - Cast ''Shoot'' (CONDITION_OBJECT_ENTRY_GUID)'),
(23739,0,1,0,4,0,10,0,0,0,0,0,0,1,0,0,0,0,0,0,1,0,0,0,0,0,0,0,0,'Valgarde Defender - On Aggro - Say Line 0 (CONDITION_OBJECT_ENTRY_GUID)'),

(23557,0,0,0,1,0,100,0,60000,120000,60000,120000,0,11,61588,2,0,0,0,0,19,23821,0,0,0,0,0,0,0,'Dragonflayer Raider - OOC - Cast ''Blazing Harpoon'' (Valgarde Harpoon Target)'),

(24169,0,0,0,1,0,100,0,60000,120000,60000,120000,0,1,0,0,0,0,0,0,1,0,0,0,0,0,0,0,0,'Dragonflayer Lieutenant - OOC - Say Line 0'),

(23658,0,1,0,4,0,50,0,0,0,0,0,0,1,0,0,1,0,0,0,7,0,0,0,0,0,0,0,0,'Dragonflayer Death Weaver - On Aggro - Say Line 0'),
(23658,0,2,0,2,0,100,0,0,30,10000,20000,0,11,43417,0,0,0,0,0,2,0,0,0,0,0,0,0,0,'Dragonflayer Death Weaver - Between 0-30% Health - Cast ''Drain Life'''),
(23658,0,3,0,0,0,100,0,0,0,4000,8000,0,11,9613,0,0,0,0,0,2,0,0,0,0,0,0,0,0,'Dragonflayer Death Weaver - IC - Cast ''Shadow Bolt'''),

(23660,0,0,0,4,0,50,0,0,0,0,0,0,1,0,0,1,0,0,0,7,0,0,0,0,0,0,0,0,'Dragonflayer Thane - On Aggro - Say Line 0'),
(23660,0,1,0,0,0,100,0,10000,20000,10000,20000,0,11,9080,0,0,0,0,0,2,0,0,0,0,0,0,0,0,'Dragonflayer Thane - IC - Cast ''Hamstring'''),
(23660,0,2,0,0,0,100,0,1000,30000,10000,20000,0,11,11971,0,0,1,0,0,2,0,0,0,0,0,0,0,0,'Dragonflayer Thane - IC - Cast ''Sunder Armor'''),

(23651,0,0,0,4,0,50,0,0,0,0,0,0,1,0,0,1,0,0,0,7,0,0,0,0,0,0,0,0,'Dragonflayer Tribesman - On Aggro - Say Line 0'),
(23651,0,1,0,9,0,100,0,8,25,20000,25000,0,11,58769,0,0,0,0,0,2,0,0,0,0,0,0,0,0,'Dragonflayer Tribesman - Within 8-25 Range - Cast ''Intercept'''),
(23651,0,2,0,0,0,100,0,2000,3000,7000,10000,0,11,15496,0,0,1,0,0,2,0,0,0,0,0,0,0,0,'Dragonflayer Tribesman - IC - Cast ''Cleave'''),
(23651,0,3,0,2,0,100,1,0,50,0,0,0,11,48193,0,0,0,0,0,1,0,0,0,0,0,0,0,0,'Dragonflayer Tribesman - Between 0-50% Health - Cast ''Enrage'' (No Repeat)'),

(24635,0,0,0,4,0,50,0,0,0,0,0,0,1,0,0,1,0,0,0,7,0,0,0,0,0,0,0,0,'Dragonflayer Harpooner - On Aggro - Say Line 0'),
(24635,0,1,0,0,0,100,0,0,0,5000,15000,0,11,43325,0,0,1,0,0,5,0,0,0,0,0,0,0,0,'Dragonflayer Harpooner - IC - Cast ''Oluf''s Harpoon'''),
(24635,0,2,0,2,0,100,0,0,50,1000,30000,0,11,48193,0,0,0,0,0,1,0,0,0,0,0,0,0,0,'Dragonflayer Harpooner - Between 0-50% Health - Cast ''Enrage''');

DELETE FROM `conditions` WHERE `SourceTypeOrReferenceId` = 22 AND `SourceEntry` = 23739;
INSERT INTO `conditions` (`SourceTypeOrReferenceId`, `SourceGroup`, `SourceEntry`, `SourceId`, `ElseGroup`, `ConditionTypeOrReference`, `ConditionTarget`, `ConditionValue1`, `ConditionValue2`, `ConditionValue3`, `NegativeCondition`, `ErrorType`, `ErrorTextId`, `Comment`)
VALUES
(22,1,23739,0,0,31,1,3,0,113663,0,0,0,'Creature ''Valgarde Defender'' - Group 0: Execute SAI ID 0 only if has GUID 113663'),
(22,1,23739,0,1,31,1,3,0,113665,0,0,0,'Creature ''Valgarde Defender'' - Group 1: Execute SAI ID 0 only if has GUID 113665'),
(22,1,23739,0,2,31,1,3,0,113644,0,0,0,'Creature ''Valgarde Defender'' - Group 2: Execute SAI ID 0 only if has GUID 113644'),
(22,1,23739,0,3,31,1,3,0,113664,0,0,0,'Creature ''Valgarde Defender'' - Group 3: Execute SAI ID 0 only if has GUID 113664'),
(22,1,23739,0,4,31,1,3,0,113658,0,0,0,'Creature ''Valgarde Defender'' - Group 4: Execute SAI ID 0 only if has GUID 113658'),

(22,2,23739,0,0,31,1,3,0,113663,0,0,0,'Creature ''Valgarde Defender'' - Group 0: Execute SAI ID 1 only if has GUID 113663'),
(22,2,23739,0,1,31,1,3,0,113665,0,0,0,'Creature ''Valgarde Defender'' - Group 1: Execute SAI ID 1 only if has GUID 113665'),
(22,2,23739,0,2,31,1,3,0,113644,0,0,0,'Creature ''Valgarde Defender'' - Group 2: Execute SAI ID 1 only if has GUID 113644'),
(22,2,23739,0,3,31,1,3,0,113664,0,0,0,'Creature ''Valgarde Defender'' - Group 3: Execute SAI ID 1 only if has GUID 113664'),
(22,2,23739,0,4,31,1,3,0,113658,0,0,0,'Creature ''Valgarde Defender'' - Group 4: Execute SAI ID 1 only if has GUID 113658');

DELETE FROM `waypoint_data` WHERE `id` IN (1187720,1187680,1205570,1187690,1205590,1187660,1187710,1205580,1187670,1187730,1205610,1205600,1187700,881520,881530,1204180,2023170,1339030,1136470,1049070,1057980,1058010,1058030,1058060,1055100);
INSERT INTO `waypoint_data` (`id`, `point`, `position_x`, `position_y`, `position_z`, `orientation`, `delay`, `move_type`, `pathfinding`, `action`, `action_chance`, `wpguid`)
VALUES
-- Dragonflayer Invader
(1187720,1,773.114,-4973.18,1.2961,NULL,0,1,0,0,100,0),
(1187720,2,767.54,-4976.36,2.14513,NULL,0,1,0,0,100,0),
(1187720,3,763.382,-4978.74,2.11301,NULL,0,1,0,0,100,0),
(1187720,4,758.214,-4981.69,1.70239,NULL,0,1,0,0,100,0),
(1187720,5,752.407,-4980.39,1.53076,NULL,0,1,0,0,100,0),
(1187720,6,745.691,-4978.89,2.07017,NULL,0,1,0,0,100,0),
(1187720,7,738.401,-4977.27,3.25565,NULL,0,1,0,0,100,0),
(1187720,8,733.548,-4980.71,4.34424,NULL,0,1,0,0,100,0),
(1187720,9,728.605,-4984.22,5.43226,NULL,0,1,0,0,100,0),
(1187720,10,722.896,-4988.27,6.38184,NULL,300000,1,0,0,100,0),
(1187720,11,721.763,-4982.81,6.13379,NULL,0,1,0,0,100,0),
(1187720,12,720.388,-4976.18,6.06821,NULL,0,1,0,0,100,0),
(1187720,13,719.156,-4970.25,6.05061,NULL,0,1,0,0,100,0),
(1187720,14,718.374,-4966.48,5.69445,NULL,0,1,0,0,100,0),
(1187720,15,722.916,-4966.21,5.67991,NULL,0,1,0,0,100,0),
(1187720,16,727.576,-4965.93,5.15572,NULL,0,1,0,0,100,0),
(1187720,17,732.007,-4965.67,4.3901,NULL,0,1,0,0,100,0),
(1187720,18,737.01,-4965.37,3.35306,NULL,0,1,0,0,100,0),
(1187720,19,742.712,-4965.03,2.29521,NULL,0,1,0,0,100,0),
(1187720,20,748.882,-4964.66,1.66355,NULL,0,1,0,0,100,0),
(1187720,21,754.821,-4964.31,1.62068,NULL,0,1,0,0,100,0),
(1187720,22,759.753,-4966.7,1.82983,NULL,0,1,0,0,100,0),
(1187720,23,766.153,-4969.8,2.19283,NULL,0,1,0,0,100,0),
-- Dragonflayer Invader
(1187680,1,770.301,-4963.5,2.18038,NULL,0,1,0,0,100,0),
(1187680,2,764.774,-4963.83,2.10712,NULL,0,1,0,0,100,0),
(1187680,3,758.017,-4964.23,1.77196,NULL,0,1,0,0,100,0),
(1187680,4,750.798,-4964.66,1.58048,NULL,0,1,0,0,100,0),
(1187680,5,745.21,-4964.99,1.96045,NULL,0,1,0,0,100,0),
(1187680,6,741.623,-4969.47,2.45856,NULL,0,1,0,0,100,0),
(1187680,7,737.979,-4974.02,3.28084,NULL,0,1,0,0,100,0),
(1187680,8,734.698,-4978.12,4.06823,NULL,0,1,0,0,100,0),
(1187680,9,731.71,-4981.85,4.74794,NULL,0,1,0,0,100,0),
(1187680,10,728.068,-4986.4,5.59203,NULL,0,1,0,0,100,0),
(1187680,11,725.444,-4989.68,6.25405,NULL,0,1,0,0,100,0),
(1187680,12,721.939,-4994.06,7.03422,NULL,300000,1,0,0,100,0),
(1187680,13,721.223,-4988.74,6.52787,NULL,0,1,0,0,100,0),
(1187680,14,720.304,-4981.92,6.166,NULL,0,1,0,0,100,0),
(1187680,15,719.386,-4975.1,6.07374,NULL,0,1,0,0,100,0),
(1187680,16,718.544,-4968.85,6.04754,NULL,0,1,0,0,100,0),
(1187680,17,717.999,-4964.8,5.43,NULL,0,1,0,0,100,0),
(1187680,18,723.01,-4964.68,5.58875,NULL,0,1,0,0,100,0),
(1187680,19,727.789,-4964.56,5.08348,NULL,0,1,0,0,100,0),
(1187680,20,732.688,-4964.44,4.24804,NULL,0,1,0,0,100,0),
(1187680,21,738.174,-4964.3,3.11476,NULL,0,1,0,0,100,0),
(1187680,22,743.534,-4964.17,2.19663,NULL,0,1,0,0,100,0),
(1187680,23,749.364,-4964.02,1.666,NULL,0,1,0,0,100,0),
(1187680,24,755.2,-4963.88,1.65117,NULL,0,1,0,0,100,0),
(1187680,25,762.732,-4963.69,2.06126,NULL,0,1,0,0,100,0),
-- Dragonflayer Worg
(1205570,1,777.479,-4961.09,1.98922,NULL,0,1,0,0,100,0),
(1205570,2,772.829,-4961.43,2.26115,NULL,0,1,0,0,100,0),
(1205570,3,767.125,-4961.84,2.10065,NULL,0,1,0,0,100,0),
(1205570,4,761.079,-4962.27,1.99223,NULL,0,1,0,0,100,0),
(1205570,5,755.025,-4962.71,1.707,NULL,0,1,0,0,100,0),
(1205570,6,748.623,-4963.17,1.75411,NULL,0,1,0,0,100,0),
(1205570,7,742.228,-4963.63,2.41004,NULL,0,1,0,0,100,0),
(1205570,8,735.944,-4964.09,3.58124,NULL,0,1,0,0,100,0),
(1205570,9,731.064,-4964.44,4.54667,NULL,0,1,0,0,100,0),
(1205570,10,725.478,-4964.84,5.38264,NULL,0,1,0,0,100,0),
(1205570,11,720.826,-4965.18,5.63859,NULL,0,1,0,0,100,0),
(1205570,12,716.169,-4965.51,5.43903,NULL,0,1,0,0,100,0),
(1205570,13,710.821,-4965.9,5.22954,NULL,300000,1,0,0,100,0),
(1205570,14,714.872,-4962.37,4.98255,NULL,0,1,0,0,100,0),
(1205570,15,719.978,-4957.93,4.70226,NULL,0,1,0,0,100,0),
(1205570,16,724.821,-4953.72,4.69024,NULL,0,1,0,0,100,0),
(1205570,17,729.748,-4949.43,4.91056,NULL,0,1,0,0,100,0),
(1205570,18,734.145,-4945.6,5.20792,NULL,0,1,0,0,100,0),
(1205570,19,738.459,-4941.85,5.34881,NULL,0,1,0,0,100,0),
(1205570,20,742.594,-4938.25,5.40975,NULL,0,1,0,0,100,0),
(1205570,21,746.465,-4934.88,5.37187,NULL,0,1,0,0,100,0),
(1205570,22,750.336,-4931.52,5.11234,NULL,0,1,0,0,100,0),
(1205570,23,753.414,-4928.84,4.65262,NULL,0,1,0,0,100,0),
(1205570,24,756.068,-4932.39,4.34809,NULL,0,1,0,0,100,0),
(1205570,25,758.856,-4936.13,3.85001,NULL,0,1,0,0,100,0),
(1205570,26,761.787,-4940.06,3.24055,NULL,0,1,0,0,100,0),
(1205570,27,764.855,-4944.17,2.65886,NULL,0,1,0,0,100,0),
(1205570,28,767.923,-4948.28,2.28024,NULL,0,1,0,0,100,0),
(1205570,29,770.988,-4952.39,2.26668,NULL,0,1,0,0,100,0),
(1205570,30,774.408,-4956.97,2.26668,NULL,0,1,0,0,100,0),
-- Dragonflayer Invader
(1187690,1,779.807,-4952.18,2.26695,NULL,0,1,0,0,100,0),
(1187690,2,774.6,-4952.85,2.26695,NULL,0,1,0,0,100,0),
(1187690,3,769.157,-4953.55,2.22173,NULL,0,1,0,0,100,0),
(1187690,4,763.256,-4954.31,2.28028,NULL,0,1,0,0,100,0),
(1187690,5,757.466,-4955.06,2.30754,NULL,0,1,0,0,100,0),
(1187690,6,751.577,-4955.82,2.28722,NULL,0,1,0,0,100,0),
(1187690,7,745.676,-4956.58,2.53391,NULL,0,1,0,0,100,0),
(1187690,8,739.886,-4957.32,3.15452,NULL,0,1,0,0,100,0),
(1187690,9,734.103,-4958.07,4.03612,NULL,0,1,0,0,100,0),
(1187690,10,728.667,-4958.77,4.75605,NULL,0,1,0,0,100,0),
(1187690,11,724.388,-4959.32,5.00638,NULL,0,1,0,0,100,0),
(1187690,12,719.424,-4959.96,4.8799,NULL,0,1,0,0,100,0),
(1187690,13,714.446,-4960.6,4.8184,NULL,0,1,0,0,100,0),
(1187690,14,709.815,-4961.2,4.83887,NULL,0,1,0,0,100,0),
(1187690,15,706.462,-4961.63,4.91984,NULL,300000,1,0,0,100,0),
(1187690,16,710.388,-4959.1,4.76302,NULL,0,1,0,0,100,0),
(1187690,17,715.88,-4955.57,4.56937,NULL,0,1,0,0,100,0),
(1187690,18,720.789,-4952.41,4.45536,NULL,0,1,0,0,100,0),
(1187690,19,725.592,-4949.32,4.80708,NULL,0,1,0,0,100,0),
(1187690,20,729.618,-4946.73,5.23893,NULL,0,1,0,0,100,0),
(1187690,21,733.832,-4944.01,5.44181,NULL,0,1,0,0,100,0),
(1187690,22,737.558,-4941.62,5.45527,NULL,0,1,0,0,100,0),
(1187690,23,742.073,-4938.71,5.39423,NULL,0,1,0,0,100,0),
(1187690,24,745.805,-4936.31,5.33899,NULL,0,1,0,0,100,0),
(1187690,25,749.531,-4933.91,5.17401,NULL,0,1,0,0,100,0),
(1187690,26,752.474,-4932.02,4.84355,NULL,0,1,0,0,100,0),
(1187690,27,756.005,-4934.62,4.33173,NULL,0,1,0,0,100,0),
(1187690,28,760.044,-4937.6,3.61848,NULL,0,1,0,0,100,0),
(1187690,29,763.892,-4940.44,2.96582,NULL,0,1,0,0,100,0),
(1187690,30,767.463,-4943.07,2.49568,NULL,0,1,0,0,100,0),
(1187690,31,771.124,-4945.77,2.27032,NULL,0,1,0,0,100,0),
(1187690,32,775.726,-4949.17,2.26682,NULL,0,1,0,0,100,0),
-- Dragonflayer Worg
(1205590,1,779.371,-4926.75,2.00582,NULL,0,1,0,0,100,0),
(1205590,2,774.106,-4928.27,2.31719,NULL,0,1,0,0,100,0),
(1205590,3,768.053,-4930.02,2.76353,NULL,0,1,0,0,100,0),
(1205590,4,762.444,-4931.63,3.43349,NULL,0,1,0,0,100,0),
(1205590,5,757.064,-4933.19,4.21955,NULL,0,1,0,0,100,0),
(1205590,6,751.569,-4934.77,4.90369,NULL,0,1,0,0,100,0),
(1205590,7,745.63,-4936.49,5.34123,NULL,0,1,0,0,100,0),
(1205590,8,739.799,-4938.17,5.61099,NULL,0,1,0,0,100,0),
(1205590,9,733.854,-4939.89,5.91228,NULL,0,1,0,0,100,0),
(1205590,10,728.695,-4941.37,6.00973,NULL,0,1,0,0,100,0),
(1205590,11,723.543,-4942.86,5.64869,NULL,0,1,0,0,100,0),
(1205590,12,718.728,-4944.25,5.08078,NULL,0,1,0,0,100,0),
(1205590,13,713.569,-4945.74,4.52743,NULL,300000,1,0,0,100,0),
(1205590,14,712.614,-4941.66,5.23141,NULL,0,1,0,0,100,0),
(1205590,15,711.497,-4936.89,6.31896,NULL,0,1,0,0,100,0),
(1205590,16,710.46,-4932.46,6.92366,NULL,0,1,0,0,100,0),
(1205590,17,715.688,-4932.02,7.16894,NULL,0,1,0,0,100,0),
(1205590,18,721.618,-4931.53,7.25822,NULL,0,1,0,0,100,0),
(1205590,19,727.554,-4931.04,7.02912,NULL,0,1,0,0,100,0),
(1205590,20,733.714,-4930.53,6.41443,NULL,0,1,0,0,100,0),
(1205590,21,739.993,-4930.01,5.84028,NULL,0,1,0,0,100,0),
(1205590,22,745.804,-4929.53,5.50253,NULL,0,1,0,0,100,0),
(1205590,23,751.385,-4929.07,4.94674,NULL,0,1,0,0,100,0),
(1205590,24,757.084,-4928.6,4.10468,NULL,0,1,0,0,100,0),
(1205590,25,763.133,-4928.09,3.31184,NULL,0,1,0,0,100,0),
(1205590,26,768.595,-4927.64,2.69988,NULL,0,1,0,0,100,0),
(1205590,27,774.518,-4927.15,2.2774,NULL,0,1,0,0,100,0),
-- Dragonflayer Invader
(1187660,1,770.645,-4919.71,2.24787,NULL,0,1,0,0,100,0),
(1187660,2,764.603,-4921.04,2.62321,NULL,0,1,0,0,100,0),
(1187660,3,758.675,-4922.34,3.32387,NULL,0,1,0,0,100,0),
(1187660,4,752.747,-4923.64,4.47598,NULL,0,1,0,0,100,0),
(1187660,5,747.059,-4924.89,5.25194,NULL,0,1,0,0,100,0),
(1187660,6,740.789,-4926.26,5.66212,NULL,0,1,0,0,100,0),
(1187660,7,734.752,-4927.59,6.28079,NULL,0,1,0,0,100,0),
(1187660,8,729.289,-4928.79,6.99528,NULL,0,1,0,0,100,0),
(1187660,9,724.277,-4929.89,7.30624,NULL,0,1,0,0,100,0),
(1187660,10,718.924,-4931.06,7.31691,NULL,0,1,0,0,100,0),
(1187660,11,714.022,-4932.14,7.10482,NULL,0,1,0,0,100,0),
(1187660,12,709.01,-4933.24,6.78876,NULL,300000,1,0,0,100,0),
(1187660,13,712.004,-4937.16,6.28727,NULL,0,1,0,0,100,0),
(1187660,14,714.553,-4940.5,5.63691,NULL,0,1,0,0,100,0),
(1187660,15,717.382,-4944.21,5.01778,NULL,0,1,0,0,100,0),
(1187660,16,719.433,-4946.89,4.71054,NULL,0,1,0,0,100,0),
(1187660,17,724.071,-4944.43,5.3848,NULL,0,1,0,0,100,0),
(1187660,18,727.885,-4942.41,5.84435,NULL,0,1,0,0,100,0),
(1187660,19,732.103,-4940.17,6.00896,NULL,0,1,0,0,100,0),
(1187660,20,736.635,-4937.76,5.88462,NULL,0,1,0,0,100,0),
(1187660,21,741.582,-4935.14,5.66012,NULL,0,1,0,0,100,0),
(1187660,22,746.423,-4932.57,5.45169,NULL,0,1,0,0,100,0),
(1187660,23,751.165,-4930.05,5.00128,NULL,0,1,0,0,100,0),
(1187660,24,755.808,-4927.59,4.23144,NULL,0,1,0,0,100,0),
(1187660,25,760.965,-4924.85,3.36288,NULL,0,1,0,0,100,0),
(1187660,26,766.839,-4921.73,2.56117,NULL,0,1,0,0,100,0),
-- Dragonflayer Invader
(1187710,1,777.837,-4920.64,1.8933,NULL,0,1,0,0,100,0),
(1187710,2,772.006,-4924.51,2.36355,NULL,0,1,0,0,100,0),
(1187710,3,766.565,-4928.12,2.91413,NULL,0,1,0,0,100,0),
(1187710,4,761.217,-4931.68,3.61844,NULL,0,1,0,0,100,0),
(1187710,5,756.459,-4934.84,4.26335,NULL,0,1,0,0,100,0),
(1187710,6,750.826,-4938.58,4.70897,NULL,0,1,0,0,100,0),
(1187710,7,745.478,-4942.13,4.75765,NULL,0,1,0,0,100,0),
(1187710,8,740.038,-4945.74,4.67597,NULL,0,1,0,0,100,0),
(1187710,9,735.18,-4948.97,4.6749,NULL,0,1,0,0,100,0),
(1187710,10,730.318,-4952.19,4.6854,NULL,0,1,0,0,100,0),
(1187710,11,724.976,-4955.74,4.78981,NULL,0,1,0,0,100,0),
(1187710,12,719.92,-4959.1,4.79866,NULL,0,1,0,0,100,0),
(1187710,13,715.156,-4962.26,4.98047,NULL,0,1,0,0,100,0),
(1187710,14,711.074,-4964.97,5.14649,NULL,300000,1,0,0,100,0),
(1187710,15,713.573,-4969.59,5.82427,NULL,0,1,0,0,100,0),
(1187710,16,716.18,-4974.41,6.11921,NULL,0,1,0,0,100,0),
(1187710,17,718.845,-4979.34,6.10078,NULL,0,1,0,0,100,0),
(1187710,18,721.619,-4984.47,6.2221,NULL,0,1,0,0,100,0),
(1187710,19,723.95,-4988.78,6.36364,NULL,0,1,0,0,100,0),
(1187710,20,726.996,-4985.72,5.75955,NULL,0,1,0,0,100,0),
(1187710,21,730.705,-4982.01,4.96872,NULL,0,1,0,0,100,0),
(1187710,22,734.576,-4978.13,4.09587,NULL,0,1,0,0,100,0),
(1187710,23,738.947,-4973.75,3.08361,NULL,0,1,0,0,100,0),
(1187710,24,743.313,-4969.37,2.1679,NULL,0,1,0,0,100,0),
(1187710,25,747.763,-4964.91,1.72203,NULL,0,1,0,0,100,0),
(1187710,26,752.045,-4960.62,1.79849,NULL,0,1,0,0,100,0),
(1187710,27,756.248,-4956.41,2.19136,NULL,0,1,0,0,100,0),
(1187710,28,760.283,-4952.37,2.45925,NULL,0,1,0,0,100,0),
(1187710,29,764.238,-4948.4,2.45149,NULL,0,1,0,0,100,0),
(1187710,30,766.7,-4943.38,2.51837,NULL,0,1,0,0,100,0),
(1187710,31,769.472,-4937.72,2.53771,NULL,0,1,0,0,100,0),
(1187710,32,772.243,-4932.06,2.41553,NULL,0,1,0,0,100,0),
(1187710,33,775.168,-4926.09,2.22541,NULL,0,1,0,0,100,0),
-- Dragonflayer Worg
(1205580,1,776.045,-4914.44,1.77491,NULL,0,1,0,0,100,0),
(1205580,2,770.379,-4915.85,2.0889,NULL,0,1,0,0,100,0),
(1205580,3,763.477,-4917.56,2.18439,NULL,0,1,0,0,100,0),
(1205580,4,756.684,-4919.25,3.20502,NULL,0,1,0,0,100,0),
(1205580,5,749.999,-4920.91,4.70084,NULL,0,1,0,0,100,0),
(1205580,6,743.097,-4922.63,5.33394,NULL,0,1,0,0,100,0),
(1205580,7,735.849,-4924.43,6.10286,NULL,0,1,0,0,100,0),
(1205580,8,729.51,-4926,7.09874,NULL,0,1,0,0,100,0),
(1205580,9,724.076,-4927.35,7.5021,NULL,0,1,0,0,100,0),
(1205580,10,718.193,-4928.81,7.50357,NULL,0,1,0,0,100,0),
(1205580,11,712.534,-4930.22,7.22856,NULL,0,1,0,0,100,0),
(1205580,12,706.535,-4931.71,6.76262,NULL,300000,1,0,0,100,0),
(1205580,13,706.862,-4926.82,7.03374,NULL,0,1,0,0,100,0),
(1205580,14,707.281,-4920.54,7.39114,NULL,0,1,0,0,100,0),
(1205580,15,707.678,-4914.6,7.80808,NULL,0,1,0,0,100,0),
(1205580,16,708.005,-4909.71,7.91217,NULL,0,1,0,0,100,0),
(1205580,17,708.269,-4905.75,7.7491,NULL,0,1,0,0,100,0),
(1205580,18,713.717,-4906.37,8.23501,NULL,0,1,0,0,100,0),
(1205580,19,719.163,-4907,8.15383,NULL,0,1,0,0,100,0),
(1205580,20,724.845,-4907.64,7.7375,NULL,0,1,0,0,100,0),
(1205580,21,730.416,-4908.28,7.08199,NULL,0,1,0,0,100,0),
(1205580,22,735.75,-4908.89,5.82739,NULL,0,1,0,0,100,0),
(1205580,23,740.715,-4909.57,4.0776,NULL,0,1,0,0,100,0),
(1205580,24,745.687,-4910.26,2.98656,NULL,0,1,0,0,100,0),
(1205580,25,751.235,-4911.02,2.71037,NULL,0,1,0,0,100,0),
(1205580,26,756.436,-4911.74,1.90476,NULL,0,1,0,0,100,0),
(1205580,27,761.748,-4912.47,1.64665,NULL,0,1,0,0,100,0),
(1205580,28,766.137,-4913.08,1.91009,NULL,0,1,0,0,100,0),
(1205580,29,771.326,-4913.79,2.02491,NULL,0,1,0,0,100,0),
-- Dragonflayer Invader
(1187670,1,767.866,-4910.13,1.97125,NULL,0,1,0,0,100,0),
(1187670,2,762.964,-4913.91,1.79353,NULL,0,1,0,0,100,0),
(1187670,3,758.252,-4917.54,2.61005,NULL,0,1,0,0,100,0),
(1187670,4,753.445,-4921.24,4.11697,NULL,0,1,0,0,100,0),
(1187670,5,748.548,-4925.01,5.12539,NULL,0,1,0,0,100,0),
(1187670,6,743.186,-4929.14,5.639,NULL,0,1,0,0,100,0),
(1187670,7,738.101,-4933.06,5.97986,NULL,0,1,0,0,100,0),
(1187670,8,732.555,-4937.33,6.24726,NULL,0,1,0,0,100,0),
(1187670,9,727.747,-4941.04,6.05754,NULL,0,1,0,0,100,0),
(1187670,10,722.757,-4944.88,5.2077,NULL,0,1,0,0,100,0),
(1187670,11,716.934,-4949.37,4.52045,NULL,0,1,0,0,100,0),
(1187670,12,711.764,-4953.35,4.61884,NULL,0,1,0,0,100,0),
(1187670,13,706.957,-4957.05,4.85061,NULL,300000,1,0,0,100,0),
(1187670,14,711.743,-4956.92,4.6766,NULL,0,1,0,0,100,0),
(1187670,15,718.74,-4956.72,4.60563,NULL,0,1,0,0,100,0),
(1187670,16,725.031,-4956.54,4.83818,NULL,0,1,0,0,100,0),
(1187670,17,729.929,-4956.41,4.59708,NULL,0,1,0,0,100,0),
(1187670,18,734.827,-4956.27,4.0115,NULL,0,1,0,0,100,0),
(1187670,19,740.656,-4956.11,3.16631,NULL,0,1,0,0,100,0),
(1187670,20,746.835,-4955.93,2.52073,NULL,0,1,0,0,100,0),
(1187670,21,752.894,-4955.76,2.26478,NULL,0,1,0,0,100,0),
(1187670,22,758.03,-4955.62,2.27225,NULL,0,1,0,0,100,0),
(1187670,23,761.767,-4955.51,2.27065,NULL,0,1,0,0,100,0),
(1187670,24,762.513,-4949.96,2.52149,NULL,0,1,0,0,100,0),
(1187670,25,763.368,-4943.6,2.84441,NULL,0,1,0,0,100,0),
(1187670,26,764.206,-4937.36,3.07675,NULL,0,1,0,0,100,0),
(1187670,27,765.092,-4930.77,3.10593,NULL,0,1,0,0,100,0),
(1187670,28,765.792,-4925.57,2.93944,NULL,0,1,0,0,100,0),
(1187670,29,766.552,-4919.91,2.42054,NULL,0,1,0,0,100,0),
(1187670,30,767.268,-4914.58,2.02849,NULL,0,1,0,0,100,0),
-- Dragonflayer Invader
(1187730,1,769.929,-4901.63,2.39616,NULL,0,1,0,0,100,0),
(1187730,2,764.823,-4902.13,2.41983,NULL,0,1,0,0,100,0),
(1187730,3,759.716,-4902.63,2.06437,NULL,0,1,0,0,100,0),
(1187730,4,754.025,-4903.19,1.98714,NULL,0,1,0,0,100,0),
(1187730,5,748.103,-4903.78,1.93992,NULL,0,1,0,0,100,0),
(1187730,6,743.004,-4904.28,2.84107,NULL,0,1,0,0,100,0),
(1187730,7,738.009,-4904.77,4.80581,NULL,0,1,0,0,100,0),
(1187730,8,732.903,-4905.27,6.31038,NULL,0,1,0,0,100,0),
(1187730,9,727.33,-4905.82,7.23784,NULL,0,1,0,0,100,0),
(1187730,10,722.098,-4906.34,7.86833,NULL,0,1,0,0,100,0),
(1187730,11,716.644,-4906.87,8.25825,NULL,0,1,0,0,100,0),
(1187730,12,711.997,-4907.33,8.24187,NULL,0,1,0,0,100,0),
(1187730,13,708.166,-4907.71,7.87308,NULL,0,1,0,0,100,0),
(1187730,14,707.827,-4912.48,7.9197,NULL,0,1,0,0,100,0),
(1187730,15,707.464,-4917.6,7.62275,NULL,0,1,0,0,100,0),
(1187730,16,707.101,-4922.72,7.25567,NULL,0,1,0,0,100,0),
(1187730,17,706.746,-4927.73,6.97411,NULL,0,1,0,0,100,0),
(1187730,18,706.449,-4931.92,6.74719,NULL,300000,1,0,0,100,0),
(1187730,19,712.147,-4930.67,7.16758,NULL,0,1,0,0,100,0),
(1187730,20,717.507,-4929.49,7.44417,NULL,0,1,0,0,100,0),
(1187730,21,722.861,-4928.32,7.47624,NULL,0,1,0,0,100,0),
(1187730,22,728.666,-4927.04,7.14673,NULL,0,1,0,0,100,0),
(1187730,23,733.91,-4925.9,6.41887,NULL,0,1,0,0,100,0),
(1187730,24,738.259,-4922.97,5.70309,NULL,0,1,0,0,100,0),
(1187730,25,742.421,-4920.16,5.1514,NULL,0,1,0,0,100,0),
(1187730,26,746.195,-4917.62,4.64059,NULL,0,1,0,0,100,0),
(1187730,27,749.579,-4915.34,3.90312,NULL,0,1,0,0,100,0),
(1187730,28,753.934,-4912.41,2.46632,NULL,0,1,0,0,100,0),
(1187730,29,758.096,-4909.6,1.51711,NULL,0,1,0,0,100,0),
(1187730,30,762.257,-4906.8,1.74298,NULL,0,1,0,0,100,0),
(1187730,31,766.222,-4904.13,2.26696,NULL,0,1,0,0,100,0),
-- Dragonflayer Worg
(1205610,1,766.92,-4893.33,2.99759,NULL,0,1,0,0,100,0),
(1205610,2,762.231,-4894.27,2.90948,NULL,0,1,0,0,100,0),
(1205610,3,756.973,-4895.31,2.47338,NULL,0,1,0,0,100,0),
(1205610,4,751.255,-4896.46,2.27151,NULL,0,1,0,0,100,0),
(1205610,5,745.42,-4897.62,2.30006,NULL,0,1,0,0,100,0),
(1205610,6,739.928,-4898.72,3.55794,NULL,0,1,0,0,100,0),
(1205610,7,734.203,-4899.86,5.20665,NULL,0,1,0,0,100,0),
(1205610,8,728.485,-4901,6.36436,NULL,0,1,0,0,100,0),
(1205610,9,722.54,-4902.19,7.3087,NULL,0,1,0,0,100,0),
(1205610,10,716.822,-4903.33,7.966,NULL,0,1,0,0,100,0),
(1205610,11,711.79,-4904.33,8.01309,NULL,0,1,0,0,100,0),
(1205610,12,708.015,-4905.09,7.66869,NULL,0,1,0,0,100,0),
(1205610,13,707.787,-4909.28,7.87288,NULL,0,1,0,0,100,0),
(1205610,14,707.546,-4913.71,7.83045,NULL,0,1,0,0,100,0),
(1205610,15,707.274,-4918.71,7.51802,NULL,0,1,0,0,100,0),
(1205610,16,706.97,-4924.31,7.15345,NULL,0,1,0,0,100,0),
(1205610,17,706.686,-4929.53,6.88878,NULL,300000,1,0,0,100,0),
(1205610,18,711.452,-4929.15,7.26118,NULL,0,1,0,0,100,0),
(1205610,19,716.797,-4928.72,7.50659,NULL,0,1,0,0,100,0),
(1205610,20,722.498,-4928.27,7.49295,NULL,0,1,0,0,100,0),
(1205610,21,727.613,-4927.87,7.20712,NULL,0,1,0,0,100,0),
(1205610,22,732.847,-4927.45,6.56253,NULL,0,1,0,0,100,0),
(1205610,23,737.152,-4927.11,5.97248,NULL,0,1,0,0,100,0),
(1205610,24,740.466,-4923.35,5.53239,NULL,0,1,0,0,100,0),
(1205610,25,743.863,-4919.49,5.02125,NULL,0,1,0,0,100,0),
(1205610,26,747.255,-4915.64,4.20384,NULL,0,1,0,0,100,0),
(1205610,27,750.185,-4912.32,3.19084,NULL,0,1,0,0,100,0),
(1205610,28,753.119,-4908.99,2.03942,NULL,0,1,0,0,100,0),
(1205610,29,756.202,-4905.49,1.70209,NULL,0,1,0,0,100,0),
(1205610,30,759.441,-4901.82,2.15248,NULL,0,1,0,0,100,0),
(1205610,31,763.606,-4897.09,2.83344,NULL,0,1,0,0,100,0),
-- Dragonflayer Worg
(1205600,1,776.056,-4866.82,1.03051,NULL,0,1,0,0,100,0),
(1205600,2,771.831,-4867.72,2.02042,NULL,0,1,0,0,100,0),
(1205600,3,766.813,-4868.79,3.34931,NULL,0,1,0,0,100,0),
(1205600,4,762.363,-4869.74,4.12408,NULL,0,1,0,0,100,0),
(1205600,5,758.83,-4870.49,3.78627,NULL,0,1,0,0,100,0),
(1205600,6,753.354,-4871.66,3.25916,NULL,0,1,0,0,100,0),
(1205600,7,749.549,-4875.44,2.88864,NULL,0,1,0,0,100,0),
(1205600,8,746.573,-4878.41,2.37721,NULL,0,1,0,0,100,0),
(1205600,9,743.016,-4881.95,2.11132,NULL,0,1,0,0,100,0),
(1205600,10,739.629,-4885.32,2.09686,NULL,0,1,0,0,100,0),
(1205600,11,735.385,-4888.22,2.64225,NULL,0,1,0,0,100,0),
(1205600,12,730.95,-4891.24,3.72166,NULL,0,1,0,0,100,0),
(1205600,13,726.231,-4894.46,5.06614,NULL,0,1,0,0,100,0),
(1205600,14,721.316,-4897.81,6.5549,NULL,0,1,0,0,100,0),
(1205600,15,716.884,-4900.84,7.73272,NULL,0,1,0,0,100,0),
(1205600,16,712.836,-4903.6,8.04868,NULL,0,1,0,0,100,0),
(1205600,17,708.401,-4906.62,7.82702,NULL,0,1,0,0,100,0),
(1205600,18,704.451,-4909.32,7.34971,NULL,0,1,0,0,100,0),
(1205600,19,704.519,-4914.32,7.31407,NULL,0,1,0,0,100,0),
(1205600,20,704.588,-4919.45,7.07634,NULL,0,1,0,0,100,0),
(1205600,21,704.652,-4924.12,6.87016,NULL,0,1,0,0,100,0),
(1205600,22,704.711,-4928.55,6.74281,NULL,300000,1,0,0,100,0),
(1205600,23,709.493,-4928.3,7.19307,NULL,0,1,0,0,100,0),
(1205600,24,715.085,-4928.01,7.50986,NULL,0,1,0,0,100,0),
(1205600,25,720.558,-4927.72,7.59453,NULL,0,1,0,0,100,0),
(1205600,26,725.913,-4927.43,7.37666,NULL,0,1,0,0,100,0),
(1205600,27,730.813,-4927.17,6.85905,NULL,0,1,0,0,100,0),
(1205600,28,735.126,-4926.95,6.23153,NULL,0,1,0,0,100,0),
(1205600,29,738.541,-4921.93,5.63659,NULL,0,1,0,0,100,0),
(1205600,30,741.629,-4917.39,4.89796,NULL,0,1,0,0,100,0),
(1205600,31,744.781,-4912.76,3.75463,NULL,0,1,0,0,100,0),
(1205600,32,747.605,-4908.61,2.43446,NULL,0,1,0,0,100,0),
(1205600,33,750.425,-4904.47,1.89245,NULL,0,1,0,0,100,0),
(1205600,34,753.379,-4900.13,2.2893,NULL,0,1,0,0,100,0),
(1205600,35,756.467,-4895.6,2.44793,NULL,0,1,0,0,100,0),
(1205600,36,759.354,-4891.35,2.74472,NULL,0,1,0,0,100,0),
(1205600,37,762.372,-4886.92,3.20401,NULL,0,1,0,0,100,0),
(1205600,38,764.865,-4883.26,3.47906,NULL,0,1,0,0,100,0),
(1205600,39,767.555,-4879.31,3.45742,NULL,0,1,0,0,100,0),
(1205600,40,770.25,-4875.35,2.93693,NULL,0,1,0,0,100,0),
(1205600,41,773.204,-4871.01,1.92424,NULL,0,1,0,0,100,0),
-- Dragonflayer Invader
(1187700,1,773.869,-4856.99,1.28191,NULL,0,1,0,0,100,0),
(1187700,2,768.981,-4858.53,2.61137,NULL,0,1,0,0,100,0),
(1187700,3,764.088,-4860.08,4.03222,NULL,0,1,0,0,100,0),
(1187700,4,759.414,-4861.55,4.60192,NULL,0,1,0,0,100,0),
(1187700,5,755.182,-4862.88,4.10756,NULL,0,1,0,0,100,0),
(1187700,6,750.736,-4864.29,3.78216,NULL,0,1,0,0,100,0),
(1187700,7,746.397,-4865.66,4.67156,NULL,0,1,0,0,100,0),
(1187700,8,741.83,-4867.1,5.41577,NULL,0,1,0,0,100,0),
(1187700,9,737.604,-4868.43,6.31816,NULL,0,1,0,0,100,0),
(1187700,10,734.62,-4871.86,5.80222,NULL,0,1,0,0,100,0),
(1187700,11,734.012,-4876.5,4.10462,NULL,0,1,0,0,100,0),
(1187700,12,733.419,-4881.02,3.09285,NULL,0,1,0,0,100,0),
(1187700,13,732.813,-4885.64,2.99896,NULL,0,1,0,0,100,0),
(1187700,14,729.528,-4888.06,3.44742,NULL,0,1,0,0,100,0),
(1187700,15,725.771,-4890.83,4.29187,NULL,0,1,0,0,100,0),
(1187700,16,721.923,-4893.67,5.34537,NULL,0,1,0,0,100,0),
(1187700,17,718.728,-4896.03,6.67175,NULL,0,1,0,0,100,0),
(1187700,18,715.633,-4898.31,7.71662,NULL,0,1,0,0,100,0),
(1187700,19,712.348,-4900.73,7.97916,NULL,0,1,0,0,100,0),
(1187700,20,709.249,-4903.01,7.69322,NULL,0,1,0,0,100,0),
(1187700,21,705.677,-4905.65,7.40865,NULL,0,1,0,0,100,0),
(1187700,22,706.061,-4909.93,7.6246,NULL,0,1,0,0,100,0),
(1187700,23,706.416,-4913.88,7.64764,NULL,0,1,0,0,100,0),
(1187700,24,706.854,-4918.76,7.45543,NULL,0,1,0,0,100,0),
(1187700,25,707.261,-4923.29,7.24436,NULL,0,1,0,0,100,0),
(1187700,26,707.782,-4929.1,7.01071,NULL,300000,1,0,0,100,0),
(1187700,27,712.152,-4928.32,7.36391,NULL,0,1,0,0,100,0),
(1187700,28,717.321,-4927.41,7.61604,NULL,0,1,0,0,100,0),
(1187700,29,722.138,-4926.55,7.6442,NULL,0,1,0,0,100,0),
(1187700,30,726.963,-4925.69,7.38601,NULL,0,1,0,0,100,0),
(1187700,31,731.904,-4924.81,6.75363,NULL,0,1,0,0,100,0),
(1187700,32,736.267,-4924.04,6.02948,NULL,0,1,0,0,100,0),
(1187700,33,741.677,-4923.08,5.41252,NULL,0,1,0,0,100,0),
(1187700,34,743.823,-4918.67,4.93263,NULL,0,1,0,0,100,0),
(1187700,35,746.018,-4914.17,3.93165,NULL,0,1,0,0,100,0),
(1187700,36,748.213,-4909.66,2.65446,NULL,0,1,0,0,100,0),
(1187700,37,750.257,-4905.46,1.97849,NULL,0,1,0,0,100,0),
(1187700,38,752.455,-4900.95,2.18776,NULL,0,1,0,0,100,0),
(1187700,39,754.859,-4896.02,2.35715,NULL,0,1,0,0,100,0),
(1187700,40,757.005,-4891.61,2.51995,NULL,0,1,0,0,100,0),
(1187700,41,759.356,-4886.78,2.87716,NULL,0,1,0,0,100,0),
(1187700,42,761.499,-4882.39,3.32872,NULL,0,1,0,0,100,0),
(1187700,43,763.491,-4878.29,3.67583,NULL,0,1,0,0,100,0),
(1187700,44,765.588,-4873.99,3.69784,NULL,0,1,0,0,100,0),
(1187700,45,767.682,-4869.69,3.16316,NULL,0,1,0,0,100,0),
(1187700,46,769.522,-4865.91,2.54,NULL,0,1,0,0,100,0),
(1187700,47,771.717,-4861.41,1.79346,NULL,0,1,0,0,100,0),
-- Valgarde Yeoman
(881520,1,594.113,-5085.94,5.45996,NULL,0,0,0,0,100,0),
(881520,2,595.971,-5078.11,5.39459,NULL,0,0,0,0,100,0),
(881520,3,597.368,-5072.22,5.85558,NULL,0,0,0,0,100,0),
(881520,4,598.794,-5063.72,4.04264,NULL,0,0,0,0,100,0),
(881520,5,600.083,-5055.65,2.74329,NULL,0,0,0,0,100,0),
(881520,6,601.247,-5048.36,1.55188,NULL,0,0,0,0,100,0),
(881520,7,601.682,-5040.9,1.06342,NULL,0,0,0,0,100,0),
(881520,8,602.083,-5034.02,1.20345,NULL,2000,0,0,1126,100,0),
(881520,9,601.678,-5040.07,1.0219,NULL,0,0,0,0,100,0),
(881520,10,601.093,-5048.8,1.571,NULL,0,0,0,0,100,0),
(881520,11,600.687,-5054.87,2.57107,NULL,0,0,0,0,100,0),
(881520,12,598.63,-5063.25,3.99771,NULL,0,0,0,0,100,0),
(881520,13,596.463,-5072.07,5.85664,NULL,0,0,0,0,100,0),
(881520,14,594.946,-5078.37,5.37876,NULL,0,0,0,0,100,0),
(881520,15,593.431,-5084.67,5.39858,NULL,0,0,0,0,100,0),
(881520,16,592.159,-5089.95,5.63348,NULL,0,0,0,0,100,0),
(881520,17,586.232,-5091.68,5.50764,NULL,0,0,0,0,100,0),
(881520,18,580.296,-5093.41,5.36443,NULL,0,0,0,0,100,0),
(881520,19,575.729,-5089.78,5.17876,NULL,0,0,0,0,100,0),
(881520,20,572.185,-5086.97,5.11285,NULL,2000,0,0,1125,100,0),
(881520,21,576.185,-5090,5.19592,NULL,0,0,0,0,100,0),
(881520,22,579.722,-5092.68,5.32424,NULL,0,0,0,0,100,0),
(881520,23,583.546,-5095.58,5.29534,NULL,0,0,0,0,100,0),
(881520,24,589.586,-5090.07,5.63275,NULL,0,0,0,0,100,0),
-- Valgarde Yeoman
(881530,1,606.546,-5006.91,3.4717,NULL,0,0,0,0,100,0),
(881530,2,606.652,-5015.22,3.21346,NULL,0,0,0,0,100,0),
(881530,3,607.441,-5019.47,2.89024,NULL,0,0,0,0,100,0),
(881530,4,608.678,-5026.12,1.90984,NULL,0,0,0,0,100,0),
(881530,5,610.12,-5033.88,1.12714,NULL,0,0,0,0,100,0),
(881530,6,609.028,-5040.91,0.831533,NULL,0,0,0,0,100,0),
(881530,7,607.881,-5048.3,1.5109,NULL,0,0,0,0,100,0),
(881530,8,605.783,-5051.18,2.07164,NULL,0,0,0,0,100,0),
(881530,9,602.61,-5055.53,2.60161,NULL,0,0,0,0,100,0),
(881530,10,600.657,-5060.9,3.69707,NULL,0,0,0,0,100,0),
(881530,11,598.344,-5067.26,4.68867,NULL,0,0,0,0,100,0),
(881530,12,596.59,-5072.08,5.85981,NULL,0,0,0,0,100,0),
(881530,13,595.625,-5078.89,5.3671,NULL,0,0,0,0,100,0),
(881530,14,594.48,-5086.97,5.51223,NULL,0,0,0,0,100,0),
(881530,15,593.433,-5094.37,5.44951,NULL,0,0,0,0,100,0),
(881530,16,592.597,-5100.27,5.26059,NULL,0,0,0,0,100,0),
(881530,17,597.788,-5101.96,5.26852,NULL,0,0,0,0,100,0),
(881530,18,603.444,-5103.81,4.90501,NULL,0,0,0,0,100,0),
(881530,19,608.89,-5105.59,4.86868,NULL,0,0,0,0,100,0),
(881530,20,610.388,-5109.32,4.88389,NULL,2000,0,0,1125,100,0),
(881530,21,606.101,-5105.19,4.851,NULL,0,0,0,0,100,0),
(881530,22,600.3,-5099.61,5.32686,NULL,0,0,0,0,100,0),
(881530,23,595.558,-5095.05,5.43825,NULL,0,0,0,0,100,0),
(881530,24,597.182,-5089.57,5.62257,NULL,0,0,0,0,100,0),
(881530,25,599.205,-5082.76,5.35349,NULL,0,0,0,0,100,0),
(881530,26,600.929,-5076.94,5.47006,NULL,0,0,0,0,100,0),
(881530,27,602.101,-5072.99,5.78858,NULL,0,0,0,0,100,0),
(881530,28,603.299,-5067.4,4.45853,NULL,0,0,0,0,100,0),
(881530,29,604.765,-5060.55,3.46863,NULL,0,0,0,0,100,0),
(881530,30,606.309,-5053.35,2.32027,NULL,0,0,0,0,100,0),
(881530,31,607.307,-5048.69,1.56256,NULL,0,0,0,0,100,0),
(881530,32,607.46,-5043.44,0.998689,NULL,0,0,0,0,100,0),
(881530,33,607.667,-5036.34,0.942374,NULL,0,0,0,0,100,0),
(881530,34,607.857,-5029.82,1.48152,NULL,0,0,0,0,100,0),
(881530,35,608.041,-5023.5,2.27868,NULL,0,0,0,0,100,0),
(881530,36,607.778,-5019.66,2.84795,NULL,0,0,0,0,100,0),
(881530,37,607.404,-5014.2,3.16946,NULL,0,0,0,0,100,0),
(881530,38,606.917,-5007.09,3.43167,NULL,0,0,0,0,100,0),
(881530,39,606.464,-5000.48,3.90394,NULL,2000,0,0,1126,100,0),
-- Valgarde Yeoman
(1204180,1,612.736,-5041.03,0.825035,NULL,0,0,0,0,100,0),
(1204180,2,608.253,-5046.38,1.26331,NULL,0,0,0,0,100,0),
(1204180,3,604.539,-5050.81,2.06348,NULL,0,0,0,0,100,0),
(1204180,4,603.042,-5057.17,2.89687,NULL,0,0,0,0,100,0),
(1204180,5,601.359,-5064.32,4.0429,NULL,0,0,0,0,100,0),
(1204180,6,599.415,-5072.59,5.83507,NULL,0,0,0,0,100,0),
(1204180,7,598.19,-5078.29,5.40713,NULL,0,0,0,0,100,0),
(1204180,8,596.632,-5085.54,5.40679,NULL,0,0,0,0,100,0),
(1204180,9,595.359,-5091.47,5.6329,NULL,0,0,0,0,100,0),
(1204180,10,594.371,-5096.07,5.36837,NULL,0,0,0,0,100,0),
(1204180,11,600.946,-5097.02,5.37131,NULL,0,0,0,0,100,0),
(1204180,12,606.952,-5097.89,4.84492,NULL,0,0,0,0,100,0),
(1204180,13,611.395,-5098.53,4.8748,NULL,2000,0,0,1125,100,0),
(1204180,14,606.432,-5097.83,4.84294,NULL,0,0,0,0,100,0),
(1204180,15,600.886,-5097.05,5.37889,NULL,0,0,0,0,100,0),
(1204180,16,595.741,-5096.33,5.37242,NULL,0,0,0,0,100,0),
(1204180,17,596.579,-5091.86,5.6255,NULL,0,0,0,0,100,0),
(1204180,18,597.718,-5085.78,5.4063,NULL,0,0,0,0,100,0),
(1204180,19,599.114,-5078.33,5.41081,NULL,0,0,0,0,100,0),
(1204180,20,600.133,-5072.9,5.85782,NULL,0,0,0,0,100,0),
(1204180,21,601.906,-5066.37,4.29699,NULL,0,0,0,0,100,0),
(1204180,22,604.016,-5058.6,3.12721,NULL,0,0,0,0,100,0),
(1204180,23,606.126,-5050.83,2.0143,NULL,0,0,0,0,100,0),
(1204180,24,608.143,-5047.15,1.36346,NULL,0,0,0,0,100,0),
(1204180,25,610.776,-5042.34,0.866028,NULL,0,0,0,0,100,0),
(1204180,26,613.097,-5038.1,0.861835,NULL,0,0,0,0,100,0),
(1204180,27,618.266,-5035.67,1.14933,NULL,0,0,0,0,100,0),
(1204180,28,624.915,-5032.53,1.75826,NULL,0,0,0,0,100,0),
(1204180,29,632.532,-5028.95,2.72886,NULL,0,0,0,0,100,0),
(1204180,30,638.598,-5026.09,3.52271,NULL,0,0,0,0,100,0),
(1204180,31,644.214,-5028.06,3.71474,NULL,0,0,0,0,100,0),
(1204180,32,648.883,-5029.69,3.79635,NULL,2000,0,0,1126,100,0),
(1204180,33,643.691,-5028.35,3.65197,NULL,0,0,0,0,100,0),
(1204180,34,638.492,-5027.01,3.42279,NULL,0,0,0,0,100,0),
(1204180,35,634.109,-5025.88,3.16187,NULL,0,0,0,0,100,0),
(1204180,36,629.066,-5029.45,2.37269,NULL,0,0,0,0,100,0),
(1204180,37,623.453,-5033.43,1.59102,NULL,0,0,0,0,100,0),
(1204180,38,617.462,-5037.68,0.973545,NULL,0,0,0,0,100,0),
-- Valgarde Yeoman
(2023170,1,594.091,-5070.86,5.71664,NULL,0,0,0,0,100,0),
(2023170,2,592.873,-5075.39,5.46321,NULL,0,0,0,0,100,0),
(2023170,3,590.544,-5084.06,5.4004,NULL,0,0,0,0,100,0),
(2023170,4,588.884,-5090.23,5.62056,NULL,0,0,0,0,100,0),
(2023170,5,581.836,-5093.6,5.42446,NULL,0,0,0,0,100,0),
(2023170,6,574.762,-5096.98,5.19522,NULL,2000,0,0,1125,100,0),
(2023170,7,581.691,-5094.73,5.4427,NULL,0,0,0,0,100,0),
(2023170,8,587.335,-5092.89,5.45502,NULL,0,0,0,0,100,0),
(2023170,9,588.902,-5087.75,5.62533,NULL,0,0,0,0,100,0),
(2023170,10,591.047,-5080.73,5.35364,NULL,0,0,0,0,100,0),
(2023170,11,592.842,-5074.84,5.48203,NULL,0,0,0,0,100,0),
(2023170,12,593.908,-5071.35,5.83641,NULL,0,0,0,0,100,0),
(2023170,13,595.027,-5064.56,4.24829,NULL,0,0,0,0,100,0),
(2023170,14,595.996,-5058.68,3.50871,NULL,0,0,0,0,100,0),
(2023170,15,596.944,-5052.93,2.48234,NULL,0,0,0,0,100,0),
(2023170,16,597.671,-5048.52,1.98665,NULL,0,0,0,0,100,0),
(2023170,17,598.733,-5042.08,1.29267,NULL,0,0,0,0,100,0),
(2023170,18,599.837,-5035.38,1.20603,NULL,2000,0,0,1126,100,0),
(2023170,19,599.346,-5040.73,1.20013,NULL,0,0,0,0,100,0),
(2023170,20,598.803,-5046.65,1.61664,NULL,0,0,0,0,100,0),
(2023170,21,598.416,-5050.87,2.27256,NULL,0,0,0,0,100,0),
(2023170,22,597.355,-5055.78,2.89487,NULL,0,0,0,0,100,0),
(2023170,23,596.197,-5061.13,3.83259,NULL,0,0,0,0,100,0),
(2023170,24,594.917,-5067.04,4.81646,NULL,0,0,0,0,100,0),
-- Macalroy
(1339030,1,589.464,-5095.42,5.3433,4.46764,60000,0,0,0,100,0),
(1339030,2,590.763,-5090.22,5.63276,NULL,0,0,0,0,100,0),
(1339030,3,592.373,-5083.77,5.36277,NULL,0,0,0,0,100,0),
(1339030,4,593.759,-5078.23,5.37387,NULL,0,0,0,0,100,0),
(1339030,5,595.004,-5073.24,5.63328,1.32604,60000,0,0,0,100,0),
(1339030,6,593.759,-5078.23,5.37387,NULL,0,0,0,0,100,0),
(1339030,7,592.373,-5083.77,5.36277,NULL,0,0,0,0,100,0),
(1339030,8,590.763,-5090.22,5.63276,NULL,0,0,0,0,100,0),
-- Valgarde Defender
(1136470,1,655.224,-4943.86,5.69285,NULL,0,0,2,0,100,0),
(1136470,2,653.602,-4938.02,5.76197,NULL,0,0,2,0,100,0),
(1136470,3,651.886,-4931.84,6.22483,NULL,0,0,2,0,100,0),
(1136470,4,649.61,-4923.65,8.00136,NULL,0,0,2,0,100,0),
(1136470,5,647.696,-4916.76,10.5761,NULL,0,0,2,0,100,0),
(1136470,6,645.041,-4911.96,13.2051,NULL,0,0,2,0,100,0),
(1136470,7,641.723,-4905.97,17.5241,NULL,0,0,2,0,100,0),
(1136470,8,639.099,-4901.23,21.0079,NULL,0,0,2,0,100,0),
(1136470,9,637.897,-4896.84,23.7656,NULL,0,0,2,0,100,0),
(1136470,10,636.294,-4890.99,27.6035,NULL,0,0,2,0,100,0),
(1136470,11,635.199,-4887,30.3504,NULL,0,0,2,0,100,0),
(1136470,12,631.469,-4887.98,30.3059,NULL,0,0,2,0,100,0),
(1136470,13,633.736,-4891.92,27.7119,NULL,0,0,2,0,100,0),
(1136470,14,636.884,-4897.38,23.7555,NULL,0,0,2,0,100,0),
(1136470,15,639.099,-4901.23,21.0079,NULL,0,0,2,0,100,0),
(1136470,16,641.723,-4905.97,17.5241,NULL,0,0,2,0,100,0),
(1136470,17,645.041,-4911.96,13.2051,NULL,0,0,2,0,100,0),
(1136470,18,647.696,-4916.76,10.5761,NULL,0,0,2,0,100,0),
(1136470,19,649.61,-4923.65,8.00136,NULL,0,0,2,0,100,0),
(1136470,20,651.886,-4931.84,6.22483,NULL,0,0,2,0,100,0),
(1136470,21,653.602,-4938.02,5.76197,NULL,0,0,2,0,100,0),
(1136470,22,655.224,-4943.86,5.69285,NULL,0,0,2,0,100,0),
(1136470,23,650.892,-4949.06,5.65446,NULL,0,0,2,0,100,0),
(1136470,24,646.265,-4954.62,5.5873,NULL,0,0,2,0,100,0),
(1136470,25,641.562,-4960.27,5.1469,NULL,0,0,2,0,100,0),
(1136470,26,635.887,-4967.08,4.9523,NULL,0,0,2,0,100,0),
(1136470,27,631.255,-4972.64,5.0312,NULL,0,0,2,0,100,0),
(1136470,28,626.776,-4978.02,4.94179,NULL,0,0,2,0,100,0),
(1136470,29,622.444,-4983.22,4.45243,NULL,0,0,2,0,100,0),
(1136470,30,617.788,-4988.82,3.95861,NULL,0,0,2,0,100,0),
(1136470,31,611.262,-4987.05,3.99593,NULL,0,0,2,0,100,0),
(1136470,32,605.067,-4985.37,4.30348,NULL,0,0,2,0,100,0),
(1136470,33,598.311,-4983.53,4.1213,NULL,0,0,2,0,100,0),
(1136470,34,590.879,-4981.52,3.79694,NULL,0,0,2,0,100,0),
(1136470,35,584.684,-4979.84,3.67648,NULL,0,0,2,0,100,0),
(1136470,36,577.82,-4977.98,4.29372,NULL,0,0,2,0,100,0),
(1136470,37,571.124,-4976.16,5.59568,NULL,0,0,2,0,100,0),
(1136470,38,565.673,-4977.42,6.57417,NULL,0,0,2,0,100,0),
(1136470,39,559.651,-4978.81,8.02808,NULL,0,0,2,0,100,0),
(1136470,40,553.237,-4980.3,9.85161,NULL,0,0,2,0,100,0),
(1136470,41,548.496,-4981.39,10.9281,NULL,0,0,2,0,100,0),
(1136470,42,545.328,-4977.35,12.7231,NULL,0,0,2,0,100,0),
(1136470,43,541.805,-4972.85,15.7595,NULL,0,0,2,0,100,0),
(1136470,44,538.81,-4969.03,17.9144,NULL,0,0,2,0,100,0),
(1136470,45,535.402,-4964.68,20.4361,NULL,0,0,0,0,100,0),
(1136470,46,531.025,-4968.08,20.91,NULL,0,0,0,0,100,0),
(1136470,47,535.479,-4971.47,18.2023,NULL,0,0,2,0,100,0),
(1136470,48,539.466,-4974.51,16.0598,NULL,0,0,2,0,100,0),
(1136470,49,544.288,-4978.19,12.8614,NULL,0,0,2,0,100,0),
(1136470,50,548.496,-4981.39,10.9281,NULL,0,0,2,0,100,0),
(1136470,51,553.237,-4980.3,9.8516,NULL,0,0,2,0,100,0),
(1136470,52,559.651,-4978.81,8.02808,NULL,0,0,2,0,100,0),
(1136470,53,565.673,-4977.42,6.57417,NULL,0,0,2,0,100,0),
(1136470,54,571.124,-4976.16,5.59568,NULL,0,0,2,0,100,0),
(1136470,55,577.82,-4977.98,4.29372,NULL,0,0,2,0,100,0),
(1136470,56,584.684,-4979.84,3.67648,NULL,0,0,2,0,100,0),
(1136470,57,590.879,-4981.52,3.79694,NULL,0,0,2,0,100,0),
(1136470,58,598.311,-4983.53,4.1213,NULL,0,0,2,0,100,0),
(1136470,59,605.067,-4985.37,4.30348,NULL,0,0,2,0,100,0),
(1136470,60,611.262,-4987.05,3.99593,NULL,0,0,2,0,100,0),
(1136470,61,617.788,-4988.82,3.95861,NULL,0,0,2,0,100,0),
(1136470,62,622.444,-4983.22,4.45243,NULL,0,0,2,0,100,0),
(1136470,63,626.776,-4978.02,4.94179,NULL,0,0,2,0,100,0),
(1136470,64,631.255,-4972.64,5.0312,NULL,0,0,2,0,100,0),
(1136470,65,635.887,-4967.08,4.9523,NULL,0,0,2,0,100,0),
(1136470,66,641.562,-4960.27,5.1469,NULL,0,0,2,0,100,0),
(1136470,67,646.265,-4954.62,5.5873,NULL,0,0,2,0,100,0),
(1136470,68,650.892,-4949.06,5.65446,NULL,0,0,2,0,100,0),
-- Dragonflayer Vrykul
(1049070,1,832.671,-4845.41,3.56079,NULL,5000,0,0,0,100,0),
(1049070,2,835.317,-4855.46,2.19554,NULL,0,0,0,0,100,0),
(1049070,3,837.671,-4864.41,1.69294,NULL,0,0,0,0,100,0),
(1049070,4,836.751,-4871.34,1.44263,NULL,0,0,0,0,100,0),
(1049070,5,835.554,-4880.36,0.829435,NULL,0,0,0,0,100,0),
(1049070,6,834.481,-4888.45,0.888075,NULL,0,0,0,0,100,0),
(1049070,7,833.469,-4896.07,1.52965,NULL,0,0,0,0,100,0),
(1049070,8,832.82,-4900.96,2.00565,NULL,0,0,0,0,100,0),
(1049070,9,836.239,-4905.82,2.29146,NULL,0,0,0,0,100,0),
(1049070,10,840.193,-4911.45,2.98697,NULL,0,0,0,0,100,0),
(1049070,11,844.016,-4916.89,4.03539,NULL,0,0,0,0,100,0),
(1049070,12,847.836,-4922.33,4.43492,NULL,0,0,0,0,100,0),
(1049070,13,851.727,-4927.86,4.3737,NULL,0,0,0,0,100,0),
(1049070,14,854.943,-4932.44,4.39597,NULL,0,0,0,0,100,0),
(1049070,15,858.63,-4937.69,4.23498,NULL,0,0,0,0,100,0),
(1049070,16,864.735,-4946.37,3.92437,NULL,0,0,0,0,100,0),
(1049070,17,869.243,-4952.79,3.64613,NULL,0,0,0,0,100,0),
(1049070,18,876.913,-4957.64,2.66534,NULL,0,0,0,0,100,0),
(1049070,19,882.705,-4961.3,1.70742,NULL,5000,0,0,0,100,0),
(1049070,20,876.913,-4957.64,2.66534,NULL,0,0,0,0,100,0),
(1049070,21,869.243,-4952.79,3.64613,NULL,0,0,0,0,100,0),
(1049070,22,864.735,-4946.37,3.92437,NULL,0,0,0,0,100,0),
(1049070,23,858.63,-4937.69,4.23498,NULL,0,0,0,0,100,0),
(1049070,24,854.943,-4932.44,4.39597,NULL,0,0,0,0,100,0),
(1049070,25,851.727,-4927.86,4.3737,NULL,0,0,0,0,100,0),
(1049070,26,847.836,-4922.33,4.43492,NULL,0,0,0,0,100,0),
(1049070,27,844.016,-4916.89,4.03539,NULL,0,0,0,0,100,0),
(1049070,28,840.193,-4911.45,2.98697,NULL,0,0,0,0,100,0),
(1049070,29,836.239,-4905.82,2.29146,NULL,0,0,0,0,100,0),
(1049070,30,832.82,-4900.96,2.00565,NULL,0,0,0,0,100,0),
(1049070,31,833.469,-4896.07,1.52965,NULL,0,0,0,0,100,0),
(1049070,32,834.481,-4888.45,0.888075,NULL,0,0,0,0,100,0),
(1049070,33,835.554,-4880.36,0.829435,NULL,0,0,0,0,100,0),
(1049070,34,836.751,-4871.34,1.44263,NULL,0,0,0,0,100,0),
(1049070,35,837.671,-4864.41,1.69294,NULL,0,0,0,0,100,0),
(1049070,36,835.317,-4855.46,2.19554,NULL,0,0,0,0,100,0),
-- Dragonflayer Thane
(1057980,1,924.409,-4838.9,6.2094,NULL,0,0,0,0,100,0),
(1057980,2,924.159,-4840.65,6.13318,NULL,0,0,0,0,100,0),
(1057980,3,920.8,-4840.04,6.1204,NULL,0,0,0,0,100,0),
(1057980,4,916.565,-4839.26,5.94709,NULL,0,0,0,0,100,0),
(1057980,5,912.316,-4838.49,5.83817,NULL,0,0,0,0,100,0),
(1057980,6,910.078,-4834.8,5.90121,NULL,0,0,0,0,100,0),
(1057980,7,907.233,-4830.11,6.21232,NULL,0,0,0,0,100,0),
(1057980,8,903.616,-4829.89,6.26975,NULL,0,0,0,0,100,0),
(1057980,9,899.076,-4829.73,6.08769,NULL,0,0,0,0,100,0),
(1057980,10,897.603,-4833.59,5.37327,NULL,0,0,0,0,100,0),
(1057980,11,896.221,-4838.41,4.69089,NULL,0,0,0,0,100,0),
(1057980,12,900.168,-4840.8,4.80678,NULL,0,0,0,0,100,0),
(1057980,13,904.27,-4843.27,5.09843,NULL,0,0,0,0,100,0),
(1057980,14,908.773,-4845.98,5.3921,NULL,0,0,0,0,100,0),
(1057980,15,912.863,-4848.45,5.43903,NULL,0,0,0,0,100,0),
(1057980,16,917.36,-4851.15,5.19687,NULL,0,0,0,0,100,0),
(1057980,17,921.66,-4853.74,4.71544,NULL,0,0,0,0,100,0),
(1057980,18,922.614,-4848.59,5.34559,NULL,0,0,0,0,100,0),
(1057980,19,923.529,-4843.65,5.94142,NULL,0,0,0,0,100,0),
(1057980,20,924.409,-4838.9,6.2094,NULL,0,0,0,0,100,0),
(1057980,21,924.454,-4835.76,7.73446,NULL,0,0,0,0,100,0),
(1057980,22,924.489,-4833.32,8.83185,NULL,0,0,0,0,100,0),
(1057980,23,924.544,-4829.47,8.88923,NULL,0,0,0,0,100,0),
(1057980,24,925.33,-4826.18,8.84166,NULL,0,0,0,0,100,0),
(1057980,25,926.035,-4823.22,8.84566,NULL,0,0,0,0,100,0),
(1057980,26,926.825,-4819.91,8.84406,NULL,0,0,0,0,100,0),
(1057980,27,927.453,-4817.28,8.84408,NULL,0,0,0,0,100,0),
(1057980,28,923.727,-4816.93,8.84408,NULL,0,0,0,0,100,0),
(1057980,29,923.909,-4819.72,8.84408,NULL,0,0,0,0,100,0),
(1057980,30,924.135,-4823.2,8.84686,NULL,0,0,0,0,100,0),
(1057980,31,924.325,-4826.11,8.84282,NULL,0,0,0,0,100,0),
(1057980,32,924.544,-4829.47,8.88923,NULL,0,0,0,0,100,0),
(1057980,33,924.489,-4833.32,8.83185,NULL,0,0,0,0,100,0),
(1057980,34,924.454,-4835.76,7.73446,NULL,0,0,0,0,100,0),
-- Dragonflayer Thane
(1058010,1,1033.63,-5027.26,10.7677,NULL,0,0,0,0,100,0),
(1058010,2,1035.9,-5034.99,10.7354,NULL,0,0,0,0,100,0),
(1058010,3,1038.16,-5042.72,10.7203,NULL,0,0,0,0,100,0),
(1058010,4,1040.39,-5050.33,10.7284,NULL,0,0,0,0,100,0),
(1058010,5,1042.56,-5057.72,10.7381,NULL,0,0,0,0,100,0),
(1058010,6,1044.79,-5065.33,10.7279,NULL,0,0,0,0,100,0),
(1058010,7,1046.59,-5071.47,10.7198,NULL,0,0,0,0,100,0),
(1058010,8,1050.04,-5070.55,10.6976,NULL,0,0,0,0,100,0),
(1058010,9,1054.17,-5069.45,10.4876,NULL,0,0,0,0,100,0),
(1058010,10,1060.48,-5067.76,10.3833,NULL,0,0,0,0,100,0),
(1058010,11,1066.56,-5066.14,10.3538,NULL,0,0,0,0,100,0),
(1058010,12,1073.33,-5064.33,10.338,NULL,0,0,0,0,100,0),
(1058010,13,1079.21,-5062.77,10.3905,NULL,0,0,0,0,100,0),
(1058010,14,1085.64,-5061.05,10.3905,NULL,0,0,0,0,100,0),
(1058010,15,1092.69,-5059.17,10.2998,NULL,0,0,0,0,100,0),
(1058010,16,1085.64,-5061.05,10.3905,NULL,0,0,0,0,100,0),
(1058010,17,1079.21,-5062.77,10.3905,NULL,0,0,0,0,100,0),
(1058010,18,1073.33,-5064.33,10.338,NULL,0,0,0,0,100,0),
(1058010,19,1066.56,-5066.14,10.3538,NULL,0,0,0,0,100,0),
(1058010,20,1060.48,-5067.76,10.3833,NULL,0,0,0,0,100,0),
(1058010,21,1054.17,-5069.45,10.4876,NULL,0,0,0,0,100,0),
(1058010,22,1050.04,-5070.55,10.6976,NULL,0,0,0,0,100,0),
(1058010,23,1046.59,-5071.47,10.7198,NULL,0,0,0,0,100,0),
(1058010,24,1044.79,-5065.33,10.7279,NULL,0,0,0,0,100,0),
(1058010,25,1042.56,-5057.72,10.7381,NULL,0,0,0,0,100,0),
(1058010,26,1040.39,-5050.33,10.7284,NULL,0,0,0,0,100,0),
(1058010,27,1038.16,-5042.72,10.7203,NULL,0,0,0,0,100,0),
(1058010,28,1035.9,-5034.99,10.7354,NULL,0,0,0,0,100,0),
-- Dragonflayer Thane
(1058030,1,1020.72,-4964.68,8.83811,NULL,0,0,0,0,100,0),
(1058030,2,1017.02,-4970.82,8.41911,NULL,0,0,0,0,100,0),
(1058030,3,1013.74,-4976.27,7.91553,NULL,0,0,0,0,100,0),
(1058030,4,1011.45,-4980.07,7.54065,NULL,0,0,0,0,100,0),
(1058030,5,1006.19,-4978.13,6.84172,NULL,0,0,0,0,100,0),
(1058030,6,1001.71,-4976.47,6.22801,NULL,0,0,0,0,100,0),
(1058030,7,996.896,-4974.69,5.94765,NULL,0,0,0,0,100,0),
(1058030,8,992.859,-4973.19,5.80849,NULL,0,0,0,0,100,0),
(1058030,9,988.678,-4969.29,5.6825,NULL,0,0,0,0,100,0),
(1058030,10,984.759,-4965.63,5.35017,NULL,0,0,0,0,100,0),
(1058030,11,980.373,-4961.53,4.51273,NULL,0,0,0,0,100,0),
(1058030,12,975.129,-4956.64,3.64751,NULL,0,0,0,0,100,0),
(1058030,13,975.769,-4951.08,3.58101,NULL,0,0,0,0,100,0),
(1058030,14,976.609,-4943.77,3.61536,NULL,0,0,0,0,100,0),
(1058030,15,977.411,-4936.8,3.79786,NULL,0,0,0,0,100,0),
(1058030,16,982.056,-4935.67,4.21617,NULL,0,0,0,0,100,0),
(1058030,17,987.042,-4934.46,4.47497,NULL,0,0,0,0,100,0),
(1058030,18,993.611,-4932.86,4.70902,NULL,0,0,0,0,100,0),
(1058030,19,999.24,-4931.49,4.93172,NULL,0,0,0,0,100,0),
(1058030,20,1006.16,-4932.54,5.63959,NULL,0,0,0,0,100,0),
(1058030,21,1012.4,-4933.49,6.51717,NULL,0,0,0,0,100,0),
(1058030,22,1014.68,-4938.44,7.06508,NULL,0,0,0,0,100,0),
(1058030,23,1017.41,-4944.38,7.75974,NULL,0,0,0,0,100,0),
(1058030,24,1019.8,-4949.57,8.5227,NULL,0,0,0,0,100,0),
(1058030,25,1021.95,-4954.23,9.04348,NULL,0,0,0,0,100,0),
(1058030,26,1024.14,-4959,9.34468,NULL,0,0,0,0,100,0),
-- Dragonflayer Thane
(1058060,1,991.106,-4830.96,16.9405,NULL,0,0,0,0,100,0),
(1058060,2,994.37,-4827.4,16.9405,NULL,0,0,0,0,100,0),
(1058060,3,998.006,-4823.44,16.9405,NULL,0,0,0,0,100,0),
(1058060,4,1002.73,-4818.29,16.9405,NULL,0,0,0,0,100,0),
(1058060,5,1007.61,-4812.98,16.9405,NULL,0,0,0,0,100,0),
(1058060,6,1002.73,-4818.29,16.9405,NULL,0,0,0,0,100,0),
(1058060,7,998.006,-4823.44,16.9405,NULL,0,0,0,0,100,0),
(1058060,8,994.37,-4827.4,16.9405,NULL,0,0,0,0,100,0),
(1058060,9,991.106,-4830.96,16.9405,NULL,0,0,0,0,100,0),
(1058060,10,987.555,-4834.83,16.9405,NULL,0,0,0,0,100,0),
-- Dragonflayer Death Weaver
(1055100,1,928.64,-4950.19,2.4755,NULL,0,0,0,0,100,0),
(1055100,2,930.205,-4952.92,2.18753,NULL,30000,0,0,0,100,0),
(1055100,3,925.38,-4954.57,1.73592,NULL,0,0,0,0,100,0),
(1055100,4,924.335,-4957.17,2.77074,NULL,0,0,0,0,100,0),
(1055100,5,923.213,-4959.95,3.35863,NULL,0,0,0,0,100,0),
(1055100,6,921.513,-4964.17,3.20704,NULL,0,0,0,0,100,0),
(1055100,7,919.335,-4969.58,3.21816,NULL,30000,0,0,0,100,0),
(1055100,8,921.513,-4964.17,3.20704,NULL,0,0,0,0,100,0),
(1055100,9,923.213,-4959.95,3.35863,NULL,0,0,0,0,100,0),
(1055100,10,924.335,-4957.17,2.77074,NULL,0,0,0,0,100,0),
(1055100,11,925.38,-4954.57,1.73592,NULL,0,0,0,0,100,0),
(1055100,12,921.148,-4951.09,1.80351,1.2476,60000,0,0,0,100,0);
