DELETE FROM `creature` WHERE `guid` BETWEEN 100861 AND 100865;
INSERT INTO `creature` (`guid`, `id`, `map`, `zoneId`, `areaId`, `spawnMask`, `phaseMask`, `equipment_id`, `position_x`, `position_y`, `position_z`, `orientation`, `spawntimesecs`, `wander_distance`, `curhealth`, `curmana`, `MovementType`, `npcflag`, `unit_flags`, `dynamicflags`, `VerifiedBuild`)
VALUES
(100861,18689,530,0,0,1,1,0,-2993.69,5490.54,-12.2903,0.313398,28800,0,1,0,2,0,0,0,0),
(100862,18689,530,0,0,1,1,0,-2955.27,4754.82,-20.8703,2.52744,28800,0,1,0,2,0,0,0,0),
(100863,18689,530,0,0,1,1,0,-3323.31,4275.22,-19.0502,2.89265,28800,0,1,0,2,0,0,0,0),
(100864,18689,530,0,0,1,1,0,-3505.23,4994.63,-101.396,0.011024,28800,0,1,0,2,0,0,0,0),
(100865,18689,530,0,0,1,1,0,-3745.47,4496.63,-9.39174,1.76946,28800,0,1,0,2,0,0,0,0);

DELETE FROM `creature_addon` WHERE `guid` BETWEEN 100861 AND 100865 OR `guid` = 151903;
INSERT INTO `creature_addon` (`guid`, `path_id`, `mount`, `bytes1`, `bytes2`, `emote`, `isLarge`, `auras`)
VALUES
(100861,1008610,0,0,0,0,0,'38542'),
(100862,1008620,0,0,0,0,0,'38542'),
(100863,1008630,0,0,0,0,0,'38542'),
(100864,1008640,0,0,0,0,0,'38542'),
(100865,1008650,0,0,0,0,0,'38542'),
(151903,0,0,0,0,0,0,'38542');

UPDATE `pool_template` SET `description` = 'Crippler (1 out of 6)' WHERE `entry` = 1076;

DELETE FROM `pool_creature` WHERE `pool_entry` = 1076;
INSERT INTO `pool_creature` (`guid`, `pool_entry`, `chance`, `description`)
VALUES
(151903,1076,0,'Crippler - Spawn 1'),
(100861,1076,0,'Crippler - Spawn 2'),
(100862,1076,0,'Crippler - Spawn 3'),
(100863,1076,0,'Crippler - Spawn 4'),
(100864,1076,0,'Crippler - Spawn 5'),
(100865,1076,0,'Crippler - Spawn 6');

DELETE FROM `waypoint_data` WHERE `id` IN (1008610,1008620,1008630,1008640,1008650);
INSERT INTO `waypoint_data` (`id`, `point`, `position_x`, `position_y`, `position_z`, `orientation`, `delay`, `move_type`, `pathfinding`, `action`, `action_chance`, `wpguid`)
VALUES
(1008610,1,-2993.69,5490.54,-12.2903,NULL,0,0,0,0,100,0),
(1008610,2,-2985.19,5497.65,-10.862,NULL,0,0,0,0,100,0),
(1008610,3,-2976.51,5504.9,-8.91747,NULL,0,0,0,0,100,0),
(1008610,4,-2968.19,5511.86,-7.07983,NULL,0,0,0,0,100,0),
(1008610,5,-2960.15,5518.58,-5.7264,NULL,0,0,0,0,100,0),
(1008610,6,-2947.81,5517.85,-5.35361,NULL,0,0,0,0,100,0),
(1008610,7,-2932.3,5516.94,-4.81505,NULL,0,0,0,0,100,0),
(1008610,8,-2933.57,5505.93,-5.91648,NULL,0,0,0,0,100,0),
(1008610,9,-2934.94,5494.1,-6.96177,NULL,0,0,0,0,100,0),
(1008610,10,-2936.14,5483.79,-7.66786,NULL,0,0,0,0,100,0),
(1008610,11,-2937.6,5471.16,-8.26444,NULL,0,0,0,0,100,0),
(1008610,12,-2939.14,5457.83,-9.06399,NULL,0,0,0,0,100,0),
(1008610,13,-2944.46,5450.6,-9.88889,NULL,0,0,0,0,100,0),
(1008610,14,-2951.66,5440.82,-11.338,NULL,0,0,0,0,100,0),
(1008610,15,-2959.26,5430.49,-12.7345,NULL,0,0,0,0,100,0),
(1008610,16,-2965.62,5421.84,-13.4534,NULL,0,0,0,0,100,0),
(1008610,17,-2972.67,5412.26,-13.9764,NULL,0,0,0,0,100,0),
(1008610,18,-2979.31,5403.24,-14.3228,NULL,0,0,0,0,100,0),
(1008610,19,-2985.33,5395.06,-14.4611,NULL,0,0,0,0,100,0),
(1008610,20,-2991.6,5386.54,-14.587,NULL,0,0,0,0,100,0),
(1008610,21,-2995.6,5379.69,-14.8676,NULL,0,0,0,0,100,0),
(1008610,22,-3000.78,5370.82,-15.5499,NULL,0,0,0,0,100,0),
(1008610,23,-3006.78,5360.55,-16.4142,NULL,0,0,0,0,100,0),
(1008610,24,-3012.31,5351.08,-17.0218,NULL,0,0,0,0,100,0),
(1008610,25,-3018.19,5341,-17.602,NULL,0,0,0,0,100,0),
(1008610,26,-3023.84,5331.33,-18.2822,NULL,0,0,0,0,100,0),
(1008610,27,-3029.55,5321.56,-19.0726,NULL,0,0,0,0,100,0),
(1008610,28,-3035.04,5312.15,-19.842,NULL,0,0,0,0,100,0),
(1008610,29,-3034.41,5303.89,-19.9254,NULL,0,0,0,0,100,0),
(1008610,30,-3033.64,5293.89,-19.9877,NULL,0,0,0,0,100,0),
(1008610,31,-3032.87,5283.77,-20.0785,NULL,0,0,0,0,100,0),
(1008610,32,-3032.12,5274,-20.2349,NULL,0,0,0,0,100,0),
(1008610,33,-3031.28,5263.06,-20.4614,NULL,0,0,0,0,100,0),
(1008610,34,-3030.59,5253.99,-20.6822,NULL,0,0,0,0,100,0),
(1008610,35,-3029.83,5244.07,-20.9786,NULL,0,0,0,0,100,0),
(1008610,36,-3020.62,5241.94,-21.6542,NULL,0,0,0,0,100,0),
(1008610,37,-3013.32,5240.25,-20.5615,NULL,0,0,0,0,100,0),
(1008610,38,-3007.29,5238.86,-19.7155,NULL,0,0,0,0,100,0),
(1008610,39,-2999.33,5237.02,-19.1361,NULL,0,0,0,0,100,0),
(1008610,40,-2993.17,5235.6,-18.7276,NULL,0,0,0,0,100,0),
(1008610,41,-2986,5241.94,-18.0838,NULL,0,0,0,0,100,0),
(1008610,42,-2978.22,5248.81,-17.4598,NULL,0,0,0,0,100,0),
(1008610,43,-2970.87,5255.3,-16.9297,NULL,0,0,0,0,100,0),
(1008610,44,-2963.18,5262.1,-16.3818,NULL,0,0,0,0,100,0),
(1008610,45,-2956.09,5268.36,-15.7314,NULL,0,0,0,0,100,0),
(1008610,46,-2949.53,5274.16,-14.9218,NULL,0,0,0,0,100,0),
(1008610,47,-2941.2,5281.28,-13.8687,NULL,0,0,0,0,100,0),
(1008610,48,-2933.93,5287.5,-13.2881,NULL,0,0,0,0,100,0),
(1008610,49,-2925.68,5294.55,-13.1893,NULL,0,0,0,0,100,0),
(1008610,50,-2916.37,5302.52,-13.2914,NULL,0,0,0,0,100,0),
(1008610,51,-2908.47,5309.27,-13.0258,NULL,0,0,0,0,100,0),
(1008610,52,-2900.58,5316.01,-12.3058,NULL,0,0,0,0,100,0),
(1008610,53,-2893.84,5321.78,-11.5595,NULL,0,0,0,0,100,0),
(1008610,54,-2886.84,5327.77,-10.9301,NULL,0,0,0,0,100,0),
(1008610,55,-2877.71,5335.57,-10.4688,NULL,0,0,0,0,100,0),
(1008610,56,-2870.52,5341.72,-9.88747,NULL,0,0,0,0,100,0),
(1008610,57,-2865.23,5348.09,-8.93799,NULL,0,0,0,0,100,0),
(1008610,58,-2859.78,5354.64,-7.61125,NULL,0,0,0,0,100,0),
(1008610,59,-2854.19,5361.37,-6.41408,NULL,0,0,0,0,100,0),
(1008610,60,-2848.53,5368.19,-5.81219,NULL,0,0,0,0,100,0),
(1008610,61,-2843.61,5374.12,-5.59802,NULL,0,0,0,0,100,0),
(1008610,62,-2838.91,5379.77,-5.299,NULL,0,0,0,0,100,0),
(1008610,63,-2835.22,5384.21,-4.93172,NULL,0,0,0,0,100,0),
(1008610,64,-2839.64,5391.86,-5.51402,NULL,0,0,0,0,100,0),
(1008610,65,-2843.79,5399.04,-6.13162,NULL,0,0,0,0,100,0),
(1008610,66,-2848.29,5406.82,-6.51444,NULL,0,0,0,0,100,0),
(1008610,67,-2852.61,5414.3,-6.27443,NULL,0,0,0,0,100,0),
(1008610,68,-2857.34,5422.48,-5.77462,NULL,0,0,0,0,100,0),
(1008610,69,-2861.78,5430.15,-5.50645,NULL,0,0,0,0,100,0),
(1008610,70,-2865.98,5437.42,-5.35843,NULL,0,0,0,0,100,0),
(1008610,71,-2875.13,5441.23,-6.2029,NULL,0,0,0,0,100,0),
(1008610,72,-2883.63,5444.77,-6.72393,NULL,0,0,0,0,100,0),
(1008610,73,-2893.44,5448.84,-7.14437,NULL,0,0,0,0,100,0),
(1008610,74,-2902.59,5452.65,-7.44835,NULL,0,0,0,0,100,0),
(1008610,75,-2911.32,5456.28,-7.88341,NULL,0,0,0,0,100,0),
(1008610,76,-2920.48,5460.09,-8.33487,NULL,0,0,0,0,100,0),
(1008610,77,-2930.5,5464.26,-8.44514,NULL,0,0,0,0,100,0),
(1008610,78,-2939.55,5468.02,-8.46579,NULL,0,0,0,0,100,0),
(1008610,79,-2948.6,5471.78,-8.72045,NULL,0,0,0,0,100,0),
(1008610,80,-2957.64,5475.55,-9.30634,NULL,0,0,0,0,100,0),
(1008610,81,-2966.59,5479.27,-10.0787,NULL,0,0,0,0,100,0),
(1008610,82,-2973.58,5482.18,-10.6999,NULL,0,0,0,0,100,0),
(1008610,83,-2983.27,5486.21,-11.4877,NULL,0,0,0,0,100,0),

(1008620,1,-2955.27,4754.82,-20.8703,NULL,5000,0,0,0,100,0),
(1008620,2,-2962.2,4757.59,-20.8497,NULL,0,0,0,0,100,0),
(1008620,3,-2972.19,4761.58,-21.1613,NULL,0,0,0,0,100,0),
(1008620,4,-2982.99,4765.89,-21.7608,NULL,0,0,0,0,100,0),
(1008620,5,-2979.67,4774.86,-21.7862,NULL,0,0,0,0,100,0),
(1008620,6,-2975.66,4785.69,-21.751,NULL,0,0,0,0,100,0),
(1008620,7,-2972.13,4795.21,-21.7573,NULL,0,0,0,0,100,0),
(1008620,8,-2969.41,4802.56,-21.7507,NULL,0,0,0,0,100,0),
(1008620,9,-2966.42,4810.65,-21.8017,NULL,0,0,0,0,100,0),
(1008620,10,-2963.59,4818.29,-21.716,NULL,0,0,0,0,100,0),
(1008620,11,-2958.04,4824.28,-21.5051,NULL,0,0,0,0,100,0),
(1008620,12,-2952.25,4830.52,-21.3409,NULL,0,0,0,0,100,0),
(1008620,13,-2946.54,4836.68,-21.5574,NULL,0,0,0,0,100,0),
(1008620,14,-2939.29,4844.51,-21.8427,NULL,0,0,0,0,100,0),
(1008620,15,-2932.23,4852.12,-21.6981,NULL,0,0,0,0,100,0),
(1008620,16,-2927.65,4859.85,-21.2062,NULL,0,0,0,0,100,0),
(1008620,17,-2922.59,4868.38,-20.7818,NULL,0,0,0,0,100,0),
(1008620,18,-2917.95,4876.2,-20.6671,NULL,0,0,0,0,100,0),
(1008620,19,-2913.07,4884.43,-20.7519,NULL,0,0,0,0,100,0),
(1008620,20,-2908.02,4892.95,-20.9219,NULL,0,0,0,0,100,0),
(1008620,21,-2903.08,4901.28,-21.0597,NULL,0,0,0,0,100,0),
(1008620,22,-2896.11,4913.03,-21.2297,NULL,0,0,0,0,100,0),
(1008620,23,-2890.22,4922.97,-21.3442,NULL,0,0,0,0,100,0),
(1008620,24,-2884.74,4931.51,-21.2682,NULL,0,0,0,0,100,0),
(1008620,25,-2879.08,4940.34,-20.9255,NULL,0,0,0,0,100,0),
(1008620,26,-2873.04,4949.77,-20.4433,NULL,0,0,0,0,100,0),
(1008620,27,-2866.86,4959.4,-20.1771,NULL,0,0,0,0,100,0),
(1008620,28,-2859.43,4970.99,-20.2381,NULL,0,0,0,0,100,0),
(1008620,29,-2852.18,4982.29,-20.1091,NULL,0,0,0,0,100,0),
(1008620,30,-2848.99,4992.04,-19.7198,NULL,0,0,0,0,100,0),
(1008620,31,-2846.34,5000.13,-19.1507,NULL,0,0,0,0,100,0),
(1008620,32,-2843.47,5008.89,-18.4425,NULL,0,0,0,0,100,0),
(1008620,33,-2841,5016.43,-17.8675,NULL,5000,0,0,0,100,0),
(1008620,34,-2843.47,5008.89,-18.4425,NULL,0,0,0,0,100,0),
(1008620,35,-2846.34,5000.13,-19.1507,NULL,0,0,0,0,100,0),
(1008620,36,-2848.99,4992.04,-19.7198,NULL,0,0,0,0,100,0),
(1008620,37,-2852.18,4982.29,-20.1091,NULL,0,0,0,0,100,0),
(1008620,38,-2859.43,4970.99,-20.2381,NULL,0,0,0,0,100,0),
(1008620,39,-2866.86,4959.4,-20.1771,NULL,0,0,0,0,100,0),
(1008620,40,-2873.04,4949.77,-20.4433,NULL,0,0,0,0,100,0),
(1008620,41,-2879.08,4940.34,-20.9255,NULL,0,0,0,0,100,0),
(1008620,42,-2884.74,4931.51,-21.2682,NULL,0,0,0,0,100,0),
(1008620,43,-2890.22,4922.97,-21.3442,NULL,0,0,0,0,100,0),
(1008620,44,-2896.11,4913.03,-21.2297,NULL,0,0,0,0,100,0),
(1008620,45,-2903.08,4901.28,-21.0597,NULL,0,0,0,0,100,0),
(1008620,46,-2908.02,4892.95,-20.9219,NULL,0,0,0,0,100,0),
(1008620,47,-2913.07,4884.43,-20.7519,NULL,0,0,0,0,100,0),
(1008620,48,-2917.95,4876.2,-20.6671,NULL,0,0,0,0,100,0),
(1008620,49,-2922.59,4868.38,-20.7818,NULL,0,0,0,0,100,0),
(1008620,50,-2927.65,4859.85,-21.2062,NULL,0,0,0,0,100,0),
(1008620,51,-2932.23,4852.12,-21.6981,NULL,0,0,0,0,100,0),
(1008620,52,-2939.29,4844.51,-21.8427,NULL,0,0,0,0,100,0),
(1008620,53,-2946.54,4836.68,-21.5574,NULL,0,0,0,0,100,0),
(1008620,54,-2952.25,4830.52,-21.3409,NULL,0,0,0,0,100,0),
(1008620,55,-2958.04,4824.28,-21.5051,NULL,0,0,0,0,100,0),
(1008620,56,-2963.59,4818.29,-21.716,NULL,0,0,0,0,100,0),
(1008620,57,-2966.42,4810.65,-21.8017,NULL,0,0,0,0,100,0),
(1008620,58,-2969.41,4802.56,-21.7507,NULL,0,0,0,0,100,0),
(1008620,59,-2972.13,4795.21,-21.7573,NULL,0,0,0,0,100,0),
(1008620,60,-2975.66,4785.69,-21.751,NULL,0,0,0,0,100,0),
(1008620,61,-2979.67,4774.86,-21.7862,NULL,0,0,0,0,100,0),
(1008620,62,-2982.99,4765.89,-21.7608,NULL,0,0,0,0,100,0),
(1008620,63,-2972.19,4761.58,-21.1613,NULL,0,0,0,0,100,0),
(1008620,64,-2962.2,4757.59,-20.8497,NULL,0,0,0,0,100,0),

(1008630,1,-3323.31,4275.22,-19.0502,NULL,5000,0,0,0,100,0),
(1008630,2,-3334.4,4277.47,-19.273,NULL,0,0,0,0,100,0),
(1008630,3,-3345.6,4279.75,-18.8731,NULL,0,0,0,0,100,0),
(1008630,4,-3354.3,4281.52,-18.3768,NULL,0,0,0,0,100,0),
(1008630,5,-3363.67,4283.43,-18.0556,NULL,0,0,0,0,100,0),
(1008630,6,-3374.64,4285.66,-17.9137,NULL,0,0,0,0,100,0),
(1008630,7,-3386.31,4288.03,-17.7318,NULL,0,0,0,0,100,0),
(1008630,8,-3397.28,4290.26,-17.5193,NULL,0,0,0,0,100,0),
(1008630,9,-3408.83,4292.61,-17.4505,NULL,0,0,0,0,100,0),
(1008630,10,-3423.24,4295.54,-17.3294,NULL,0,0,0,0,100,0),
(1008630,11,-3430.03,4301.77,-17.6629,NULL,0,0,0,0,100,0),
(1008630,12,-3437.77,4308.87,-17.6239,NULL,0,0,0,0,100,0),
(1008630,13,-3445.76,4316.21,-17.1261,NULL,0,0,0,0,100,0),
(1008630,14,-3453.06,4322.91,-16.5898,NULL,0,0,0,0,100,0),
(1008630,15,-3458.48,4327.88,-16.4559,NULL,0,0,0,0,100,0),
(1008630,16,-3463.89,4332.85,-16.6608,NULL,0,0,0,0,100,0),
(1008630,17,-3470.08,4338.53,-17.0812,NULL,0,0,0,0,100,0),
(1008630,18,-3476.01,4343.98,-17.3947,NULL,0,0,0,0,100,0),
(1008630,19,-3482.26,4349.71,-17.5507,NULL,0,0,0,0,100,0),
(1008630,20,-3486.89,4357.54,-17.8578,NULL,0,0,0,0,100,0),
(1008630,21,-3491.22,4364.88,-17.5992,NULL,0,0,0,0,100,0),
(1008630,22,-3495.13,4371.48,-16.8607,NULL,0,0,0,0,100,0),
(1008630,23,-3497.5,4375.5,-18.4781,NULL,0,0,0,0,100,0),
(1008630,24,-3499.51,4378.91,-19.196,NULL,0,0,0,0,100,0),
(1008630,25,-3502.36,4383.72,-19.2462,NULL,0,0,0,0,100,0),
(1008630,26,-3505.62,4389.24,-19.0549,NULL,0,0,0,0,100,0),
(1008630,27,-3507.87,4393.06,-19.1839,NULL,0,0,0,0,100,0),
(1008630,28,-3512.5,4400.88,-19.8711,NULL,0,0,0,0,100,0),
(1008630,29,-3516.89,4408.32,-19.646,NULL,0,0,0,0,100,0),
(1008630,30,-3521.23,4415.66,-19.0856,NULL,0,0,0,0,100,0),
(1008630,31,-3525.03,4422.09,-18.7268,NULL,0,0,0,0,100,0),
(1008630,32,-3528.82,4428.51,-18.7204,NULL,0,0,0,0,100,0),
(1008630,33,-3532.62,4434.94,-19.0838,NULL,0,0,0,0,100,0),
(1008630,34,-3536.84,4442.07,-19.7078,NULL,0,0,0,0,100,0),
(1008630,35,-3540.89,4448.93,-20.1783,NULL,0,0,0,0,100,0),
(1008630,36,-3544.2,4456.52,-20.2498,NULL,0,0,0,0,100,0),
(1008630,37,-3547.78,4464.75,-19.7639,NULL,0,0,0,0,100,0),
(1008630,38,-3551.65,4473.62,-19.1416,NULL,0,0,0,0,100,0),
(1008630,39,-3554.96,4481.21,-18.8099,NULL,0,0,0,0,100,0),
(1008630,40,-3558.36,4489.02,-18.7049,NULL,0,0,0,0,100,0),
(1008630,41,-3562.28,4498.01,-18.7619,NULL,0,0,0,0,100,0),
(1008630,42,-3566.63,4508,-18.9195,NULL,0,0,0,0,100,0),
(1008630,43,-3562.77,4515.72,-18.9733,NULL,0,0,0,0,100,0),
(1008630,44,-3558.24,4524.8,-19.3048,NULL,0,0,0,0,100,0),
(1008630,45,-3553.49,4534.29,-19.8386,NULL,0,0,0,0,100,0),
(1008630,46,-3548.7,4543.89,-20.367,NULL,0,0,0,0,100,0),
(1008630,47,-3544.16,4552.97,-20.7849,NULL,0,0,0,0,100,0),
(1008630,48,-3540.35,4560.6,-21.0302,NULL,0,0,0,0,100,0),
(1008630,49,-3536.7,4567.91,-20.9977,NULL,0,0,0,0,100,0),
(1008630,50,-3527.94,4565.45,-20.9259,NULL,0,0,0,0,100,0),
(1008630,51,-3517.83,4562.62,-20.8615,NULL,0,0,0,0,100,0),
(1008630,52,-3508.4,4559.97,-20.7599,NULL,0,0,0,0,100,0),
(1008630,53,-3500.31,4557.7,-20.5105,NULL,0,0,0,0,100,0),
(1008630,54,-3492.53,4555.52,-20.6947,NULL,0,0,0,0,100,0),
(1008630,55,-3481.07,4552.3,-19.7845,NULL,0,0,0,0,100,0),
(1008630,56,-3478.68,4547.11,-19.4368,NULL,0,0,0,0,100,0),
(1008630,57,-3476.24,4541.81,-19.8945,NULL,0,0,0,0,100,0),
(1008630,58,-3473.79,4536.52,-20.5868,NULL,0,0,0,0,100,0),
(1008630,59,-3471.45,4531.43,-20.6716,NULL,0,0,0,0,100,0),
(1008630,60,-3469.25,4526.66,-20.0733,NULL,0,0,0,0,100,0),
(1008630,61,-3467.2,4522.21,-20.0229,NULL,0,0,0,0,100,0),
(1008630,62,-3464.79,4516.98,-20.1464,NULL,0,0,0,0,100,0),
(1008630,63,-3458.55,4518.5,-19.8051,NULL,0,0,0,0,100,0),
(1008630,64,-3450.85,4520.38,-19.5428,NULL,0,0,0,0,100,0),
(1008630,65,-3445.75,4521.62,-18.512,NULL,0,0,0,0,100,0),
(1008630,66,-3441.44,4522.68,-18.292,NULL,0,0,0,0,100,0),
(1008630,67,-3436.23,4523.95,-18.8919,NULL,0,0,0,0,100,0),
(1008630,68,-3429.95,4525.48,-18.9716,NULL,0,0,0,0,100,0),
(1008630,69,-3425.68,4526.52,-20.3895,NULL,0,0,0,0,100,0),
(1008630,70,-3420.58,4527.76,-21.4158,NULL,0,0,0,0,100,0),
(1008630,71,-3413.32,4529.53,-21.6367,NULL,0,0,0,0,100,0),
(1008630,72,-3405.84,4531.36,-21.576,NULL,0,0,0,0,100,0),
(1008630,73,-3398.36,4533.18,-21.4602,NULL,0,0,0,0,100,0),
(1008630,74,-3390.2,4535.17,-21.4449,NULL,0,0,0,0,100,0),
(1008630,75,-3380.23,4537.61,-21.7555,NULL,0,0,0,0,100,0),
(1008630,76,-3372.75,4539.43,-21.95,NULL,0,0,0,0,100,0),
(1008630,77,-3364.07,4541.24,-22.0418,NULL,0,0,0,0,100,0),
(1008630,78,-3355.4,4543.04,-22.0466,NULL,0,0,0,0,100,0),
(1008630,79,-3345.69,4545.06,-22.0396,NULL,0,0,0,0,100,0),
(1008630,80,-3340.97,4537.01,-21.8262,NULL,0,0,0,0,100,0),
(1008630,81,-3336.25,4528.96,-21.5974,NULL,0,0,0,0,100,0),
(1008630,82,-3331.3,4520.51,-21.2923,NULL,0,0,0,0,100,0),
(1008630,83,-3327.29,4513.66,-21.2278,NULL,0,0,0,0,100,0),
(1008630,84,-3322.75,4505.92,-21.3484,NULL,0,0,0,0,100,0),
(1008630,85,-3318.09,4497.97,-21.6463,NULL,0,0,0,0,100,0),
(1008630,86,-3313.55,4490.22,-21.8208,NULL,0,0,0,0,100,0),
(1008630,87,-3309.3,4482.97,-21.982,NULL,0,0,0,0,100,0),
(1008630,88,-3303.99,4473.91,-21.9014,NULL,0,0,0,0,100,0),
(1008630,89,-3299.15,4465.66,-21.7131,NULL,0,0,0,0,100,0),
(1008630,90,-3294.14,4457.11,-21.5333,NULL,0,0,0,0,100,0),
(1008630,91,-3288.71,4447.84,-21.5008,NULL,0,0,0,0,100,0),
(1008630,92,-3292.41,4441.62,-21.4186,NULL,0,0,0,0,100,0),
(1008630,93,-3296.63,4434.5,-21.5819,NULL,0,0,0,0,100,0),
(1008630,94,-3300.57,4427.87,-21.7149,NULL,0,0,0,0,100,0),
(1008630,95,-3305.55,4419.48,-21.8538,NULL,0,0,0,0,100,0),
(1008630,96,-3311.22,4415.59,-21.8201,NULL,0,0,0,0,100,0),
(1008630,97,-3318.14,4410.84,-21.4809,NULL,0,0,0,0,100,0),
(1008630,98,-3325.45,4405.82,-20.8434,NULL,0,0,0,0,100,0),
(1008630,99,-3332.18,4401.21,-20.2903,NULL,0,0,0,0,100,0),
(1008630,100,-3338.72,4396.72,-20.1023,NULL,0,0,0,0,100,0),
(1008630,101,-3344.97,4392.44,-20.3659,NULL,0,0,0,0,100,0),
(1008630,102,-3352.18,4387.49,-21.1355,NULL,0,0,0,0,100,0),
(1008630,103,-3358.53,4383.13,-21.5558,NULL,0,0,0,0,100,0),
(1008630,104,-3365.65,4378.25,-21.813,NULL,0,0,0,0,100,0),
(1008630,105,-3373.53,4372.84,-21.9535,NULL,0,0,0,0,100,0),
(1008630,106,-3381.23,4367.55,-21.845,NULL,0,0,0,0,100,0),
(1008630,107,-3389.12,4362.14,-21.4927,NULL,0,0,0,0,100,0),
(1008630,108,-3397.39,4356.47,-21.0223,NULL,0,0,0,0,100,0),
(1008630,109,-3406.05,4350.53,-20.6196,NULL,0,0,0,0,100,0),
(1008630,110,-3415.67,4343.93,-20.4486,NULL,0,0,0,0,100,0),
(1008630,111,-3425.33,4337.3,-20.3393,NULL,0,0,0,0,100,0),
(1008630,112,-3431.84,4331.29,-19.8855,NULL,0,0,0,0,100,0),
(1008630,113,-3438.18,4325.43,-18.9855,NULL,0,0,0,0,100,0),
(1008630,114,-3444.69,4319.41,-17.5999,NULL,0,0,0,0,100,0),
(1008630,115,-3451.2,4313.4,-15.8947,NULL,0,0,0,0,100,0),
(1008630,116,-3457.11,4307.93,-14.4257,NULL,0,0,0,0,100,0),
(1008630,117,-3463.36,4302.16,-13.3319,NULL,0,0,0,0,100,0),
(1008630,118,-3469.96,4296.06,-12.5672,NULL,0,0,0,0,100,0),
(1008630,119,-3476.65,4289.88,-11.7743,NULL,0,0,0,0,100,0),
(1008630,120,-3483.42,4283.63,-10.6516,NULL,0,0,0,0,100,0),
(1008630,121,-3489.5,4278.01,-9.59995,NULL,0,0,0,0,100,0),
(1008630,122,-3495.41,4272.55,-8.99284,NULL,0,0,0,0,100,0),
(1008630,123,-3501.75,4266.69,-8.75169,NULL,0,0,0,0,100,0),
(1008630,124,-3507.56,4261.32,-8.66706,NULL,0,0,0,0,100,0),
(1008630,125,-3515.59,4263.34,-8.41015,NULL,0,0,0,0,100,0),
(1008630,126,-3523.84,4265.42,-8.08504,NULL,0,0,0,0,100,0),
(1008630,127,-3532.89,4267.7,-7.65811,NULL,0,0,0,0,100,0),
(1008630,128,-3541.94,4269.98,-7.12434,NULL,0,0,0,0,100,0),
(1008630,129,-3551.22,4272.32,-6.54586,NULL,0,0,0,0,100,0),
(1008630,130,-3562.98,4275.29,-6.06019,NULL,0,0,0,0,100,0),
(1008630,131,-3572.33,4277.64,-5.87435,NULL,0,0,0,0,100,0),
(1008630,132,-3581.65,4280.69,-5.62792,NULL,0,0,0,0,100,0),
(1008630,133,-3590.07,4283.45,-5.04637,NULL,0,0,0,0,100,0),
(1008630,134,-3598.4,4286.17,-4.18101,NULL,0,0,0,0,100,0),
(1008630,135,-3608.37,4289.44,-3.11669,NULL,0,0,0,0,100,0),
(1008630,136,-3617.46,4292.41,-2.25678,NULL,0,0,0,0,100,0),
(1008630,137,-3625.67,4295.1,-1.59325,NULL,0,0,0,0,100,0),
(1008630,138,-3632.98,4297.49,-1.07857,NULL,0,0,0,0,100,0),
(1008630,139,-3638.5,4299.3,-0.716573,NULL,0,0,0,0,100,0),
(1008630,140,-3646.73,4307.95,-0.0772875,NULL,0,0,0,0,100,0),
(1008630,141,-3651.01,4312.45,-0.220724,NULL,0,0,0,0,100,0),
(1008630,142,-3657.71,4317.32,-0.81113,NULL,0,0,0,0,100,0),
(1008630,143,-3664.32,4322.12,-0.592078,NULL,0,0,0,0,100,0),
(1008630,144,-3671.39,4327.26,-0.429442,NULL,0,0,0,0,100,0),
(1008630,145,-3679.13,4332.89,-0.411148,NULL,0,0,0,0,100,0),
(1008630,146,-3686.68,4338.38,-0.566374,NULL,0,0,0,0,100,0),
(1008630,147,-3693.57,4343.39,-0.733283,NULL,0,0,0,0,100,0),
(1008630,148,-3699.98,4348.05,-0.796064,NULL,0,0,0,0,100,0),
(1008630,149,-3708.69,4352,-0.45635,NULL,0,0,0,0,100,0),
(1008630,150,-3717.93,4356.2,-0.168892,NULL,0,0,0,0,100,0),
(1008630,151,-3727.18,4360.39,-0.0229533,NULL,0,0,0,0,100,0),
(1008630,152,-3738.23,4365.4,0.129812,NULL,0,0,0,0,100,0),
(1008630,153,-3749.48,4370.51,0.542307,NULL,0,0,0,0,100,0),
(1008630,154,-3757.05,4377.09,0.958452,NULL,0,0,0,0,100,0),
(1008630,155,-3763.22,4382.45,1.35375,NULL,0,0,0,0,100,0),
(1008630,156,-3769.03,4387.5,1.49795,NULL,0,0,0,0,100,0),
(1008630,157,-3775.02,4392.71,1.17876,NULL,0,0,0,0,100,0),
(1008630,158,-3781.36,4398.22,0.284477,NULL,0,0,0,0,100,0),
(1008630,159,-3788.22,4404.19,-1.05173,NULL,0,0,0,0,100,0),
(1008630,160,-3794.95,4410.04,-2.39524,NULL,0,0,0,0,100,0),
(1008630,161,-3802.52,4416.98,-3.5911,NULL,0,0,0,0,100,0),
(1008630,162,-3810.08,4423.93,-4.86897,NULL,0,0,0,0,100,0),
(1008630,163,-3817.65,4430.87,-6.81278,NULL,0,0,0,0,100,0),
(1008630,164,-3823.83,4436.55,-8.86022,NULL,0,0,0,0,100,0),
(1008630,165,-3830.11,4442.31,-10.9841,NULL,0,0,0,0,100,0),
(1008630,166,-3836.56,4448.23,-12.7639,NULL,0,0,0,0,100,0),
(1008630,167,-3841.98,4453.2,-13.2834,NULL,0,0,0,0,100,0),
(1008630,168,-3847.65,4458.41,-13.7519,NULL,0,0,0,0,100,0),
(1008630,169,-3853.63,4463.9,-14.8232,NULL,5000,0,0,0,100,0),
(1008630,170,-3847.65,4458.41,-13.7519,NULL,0,0,0,0,100,0),
(1008630,171,-3841.98,4453.2,-13.2834,NULL,0,0,0,0,100,0),
(1008630,172,-3836.56,4448.23,-12.7639,NULL,0,0,0,0,100,0),
(1008630,173,-3830.11,4442.31,-10.9841,NULL,0,0,0,0,100,0),
(1008630,174,-3823.83,4436.55,-8.86022,NULL,0,0,0,0,100,0),
(1008630,175,-3817.65,4430.87,-6.81278,NULL,0,0,0,0,100,0),
(1008630,176,-3810.08,4423.93,-4.86897,NULL,0,0,0,0,100,0),
(1008630,177,-3802.52,4416.98,-3.5911,NULL,0,0,0,0,100,0),
(1008630,178,-3794.95,4410.04,-2.39524,NULL,0,0,0,0,100,0),
(1008630,179,-3788.22,4404.19,-1.05173,NULL,0,0,0,0,100,0),
(1008630,180,-3781.36,4398.22,0.284477,NULL,0,0,0,0,100,0),
(1008630,181,-3775.02,4392.71,1.17876,NULL,0,0,0,0,100,0),
(1008630,182,-3769.03,4387.5,1.49795,NULL,0,0,0,0,100,0),
(1008630,183,-3763.22,4382.45,1.35375,NULL,0,0,0,0,100,0),
(1008630,184,-3757.05,4377.09,0.958452,NULL,0,0,0,0,100,0),
(1008630,185,-3749.48,4370.51,0.542307,NULL,0,0,0,0,100,0),
(1008630,186,-3738.23,4365.4,0.129812,NULL,0,0,0,0,100,0),
(1008630,187,-3727.18,4360.39,-0.0229533,NULL,0,0,0,0,100,0),
(1008630,188,-3717.93,4356.2,-0.168892,NULL,0,0,0,0,100,0),
(1008630,189,-3708.69,4352,-0.45635,NULL,0,0,0,0,100,0),
(1008630,190,-3699.98,4348.05,-0.796064,NULL,0,0,0,0,100,0),
(1008630,191,-3693.57,4343.39,-0.733283,NULL,0,0,0,0,100,0),
(1008630,192,-3686.68,4338.38,-0.566374,NULL,0,0,0,0,100,0),
(1008630,193,-3679.13,4332.89,-0.411148,NULL,0,0,0,0,100,0),
(1008630,194,-3671.39,4327.26,-0.429442,NULL,0,0,0,0,100,0),
(1008630,195,-3664.32,4322.12,-0.592078,NULL,0,0,0,0,100,0),
(1008630,196,-3657.71,4317.32,-0.81113,NULL,0,0,0,0,100,0),
(1008630,197,-3651.01,4312.45,-0.220724,NULL,0,0,0,0,100,0),
(1008630,198,-3646.73,4307.95,-0.0772875,NULL,0,0,0,0,100,0),
(1008630,199,-3638.5,4299.3,-0.716573,NULL,0,0,0,0,100,0),
(1008630,200,-3632.98,4297.49,-1.07857,NULL,0,0,0,0,100,0),
(1008630,201,-3625.67,4295.1,-1.59325,NULL,0,0,0,0,100,0),
(1008630,202,-3617.46,4292.41,-2.25678,NULL,0,0,0,0,100,0),
(1008630,203,-3608.37,4289.44,-3.11669,NULL,0,0,0,0,100,0),
(1008630,204,-3598.4,4286.17,-4.18101,NULL,0,0,0,0,100,0),
(1008630,205,-3590.07,4283.45,-5.04637,NULL,0,0,0,0,100,0),
(1008630,206,-3581.65,4280.69,-5.62792,NULL,0,0,0,0,100,0),
(1008630,207,-3572.33,4277.64,-5.87435,NULL,0,0,0,0,100,0),
(1008630,208,-3562.98,4275.29,-6.06019,NULL,0,0,0,0,100,0),
(1008630,209,-3551.22,4272.32,-6.54586,NULL,0,0,0,0,100,0),
(1008630,210,-3541.94,4269.98,-7.12434,NULL,0,0,0,0,100,0),
(1008630,211,-3532.89,4267.7,-7.65811,NULL,0,0,0,0,100,0),
(1008630,212,-3523.84,4265.42,-8.08504,NULL,0,0,0,0,100,0),
(1008630,213,-3515.59,4263.34,-8.41015,NULL,0,0,0,0,100,0),
(1008630,214,-3507.56,4261.32,-8.66706,NULL,0,0,0,0,100,0),
(1008630,215,-3501.75,4266.69,-8.75169,NULL,0,0,0,0,100,0),
(1008630,216,-3495.41,4272.55,-8.99284,NULL,0,0,0,0,100,0),
(1008630,217,-3489.5,4278.01,-9.59995,NULL,0,0,0,0,100,0),
(1008630,218,-3483.42,4283.63,-10.6516,NULL,0,0,0,0,100,0),
(1008630,219,-3476.65,4289.88,-11.7743,NULL,0,0,0,0,100,0),
(1008630,220,-3469.96,4296.06,-12.5672,NULL,0,0,0,0,100,0),
(1008630,221,-3463.36,4302.16,-13.3319,NULL,0,0,0,0,100,0),
(1008630,222,-3457.11,4307.93,-14.4257,NULL,0,0,0,0,100,0),
(1008630,223,-3451.2,4313.4,-15.8947,NULL,0,0,0,0,100,0),
(1008630,224,-3444.69,4319.41,-17.5999,NULL,0,0,0,0,100,0),
(1008630,225,-3438.18,4325.43,-18.9855,NULL,0,0,0,0,100,0),
(1008630,226,-3431.84,4331.29,-19.8855,NULL,0,0,0,0,100,0),
(1008630,227,-3425.33,4337.3,-20.3393,NULL,0,0,0,0,100,0),
(1008630,228,-3415.67,4343.93,-20.4486,NULL,0,0,0,0,100,0),
(1008630,229,-3406.05,4350.53,-20.6196,NULL,0,0,0,0,100,0),
(1008630,230,-3397.39,4356.47,-21.0223,NULL,0,0,0,0,100,0),
(1008630,231,-3389.12,4362.14,-21.4927,NULL,0,0,0,0,100,0),
(1008630,232,-3381.23,4367.55,-21.845,NULL,0,0,0,0,100,0),
(1008630,233,-3373.53,4372.84,-21.9535,NULL,0,0,0,0,100,0),
(1008630,234,-3365.65,4378.25,-21.813,NULL,0,0,0,0,100,0),
(1008630,235,-3358.53,4383.13,-21.5558,NULL,0,0,0,0,100,0),
(1008630,236,-3352.18,4387.49,-21.1355,NULL,0,0,0,0,100,0),
(1008630,237,-3344.97,4392.44,-20.3659,NULL,0,0,0,0,100,0),
(1008630,238,-3338.72,4396.72,-20.1023,NULL,0,0,0,0,100,0),
(1008630,239,-3332.18,4401.21,-20.2903,NULL,0,0,0,0,100,0),
(1008630,240,-3325.45,4405.82,-20.8434,NULL,0,0,0,0,100,0),
(1008630,241,-3318.14,4410.84,-21.4809,NULL,0,0,0,0,100,0),
(1008630,242,-3311.22,4415.59,-21.8201,NULL,0,0,0,0,100,0),
(1008630,243,-3305.55,4419.48,-21.8538,NULL,0,0,0,0,100,0),
(1008630,244,-3300.57,4427.87,-21.7149,NULL,0,0,0,0,100,0),
(1008630,245,-3296.63,4434.5,-21.5819,NULL,0,0,0,0,100,0),
(1008630,246,-3292.41,4441.62,-21.4186,NULL,0,0,0,0,100,0),
(1008630,247,-3288.71,4447.84,-21.5008,NULL,0,0,0,0,100,0),
(1008630,248,-3294.14,4457.11,-21.5333,NULL,0,0,0,0,100,0),
(1008630,249,-3299.15,4465.66,-21.7131,NULL,0,0,0,0,100,0),
(1008630,250,-3303.99,4473.91,-21.9014,NULL,0,0,0,0,100,0),
(1008630,251,-3309.3,4482.97,-21.982,NULL,0,0,0,0,100,0),
(1008630,252,-3313.55,4490.22,-21.8208,NULL,0,0,0,0,100,0),
(1008630,253,-3318.09,4497.97,-21.6463,NULL,0,0,0,0,100,0),
(1008630,254,-3322.75,4505.92,-21.3484,NULL,0,0,0,0,100,0),
(1008630,255,-3327.29,4513.66,-21.2278,NULL,0,0,0,0,100,0),
(1008630,256,-3331.3,4520.51,-21.2923,NULL,0,0,0,0,100,0),
(1008630,257,-3336.25,4528.96,-21.5974,NULL,0,0,0,0,100,0),
(1008630,258,-3340.97,4537.01,-21.8262,NULL,0,0,0,0,100,0),
(1008630,259,-3345.69,4545.06,-22.0396,NULL,0,0,0,0,100,0),
(1008630,260,-3355.4,4543.04,-22.0466,NULL,0,0,0,0,100,0),
(1008630,261,-3364.07,4541.24,-22.0418,NULL,0,0,0,0,100,0),
(1008630,262,-3372.75,4539.43,-21.95,NULL,0,0,0,0,100,0),
(1008630,263,-3380.23,4537.61,-21.7555,NULL,0,0,0,0,100,0),
(1008630,264,-3390.2,4535.17,-21.4449,NULL,0,0,0,0,100,0),
(1008630,265,-3398.36,4533.18,-21.4602,NULL,0,0,0,0,100,0),
(1008630,266,-3405.84,4531.36,-21.576,NULL,0,0,0,0,100,0),
(1008630,267,-3413.32,4529.53,-21.6367,NULL,0,0,0,0,100,0),
(1008630,268,-3420.58,4527.76,-21.4158,NULL,0,0,0,0,100,0),
(1008630,269,-3425.68,4526.52,-20.3895,NULL,0,0,0,0,100,0),
(1008630,270,-3429.95,4525.48,-18.9716,NULL,0,0,0,0,100,0),
(1008630,271,-3436.23,4523.95,-18.8919,NULL,0,0,0,0,100,0),
(1008630,272,-3441.44,4522.68,-18.292,NULL,0,0,0,0,100,0),
(1008630,273,-3445.75,4521.62,-18.512,NULL,0,0,0,0,100,0),
(1008630,274,-3450.85,4520.38,-19.5428,NULL,0,0,0,0,100,0),
(1008630,275,-3458.55,4518.5,-19.8051,NULL,0,0,0,0,100,0),
(1008630,276,-3464.79,4516.98,-20.1464,NULL,0,0,0,0,100,0),
(1008630,277,-3467.2,4522.21,-20.0229,NULL,0,0,0,0,100,0),
(1008630,278,-3469.25,4526.66,-20.0733,NULL,0,0,0,0,100,0),
(1008630,279,-3471.45,4531.43,-20.6716,NULL,0,0,0,0,100,0),
(1008630,280,-3473.79,4536.52,-20.5868,NULL,0,0,0,0,100,0),
(1008630,281,-3476.24,4541.81,-19.8945,NULL,0,0,0,0,100,0),
(1008630,282,-3478.68,4547.11,-19.4368,NULL,0,0,0,0,100,0),
(1008630,283,-3481.07,4552.3,-19.7845,NULL,0,0,0,0,100,0),
(1008630,284,-3492.53,4555.52,-20.6947,NULL,0,0,0,0,100,0),
(1008630,285,-3500.31,4557.7,-20.5105,NULL,0,0,0,0,100,0),
(1008630,286,-3508.4,4559.97,-20.7599,NULL,0,0,0,0,100,0),
(1008630,287,-3517.83,4562.62,-20.8615,NULL,0,0,0,0,100,0),
(1008630,288,-3527.94,4565.45,-20.9259,NULL,0,0,0,0,100,0),
(1008630,289,-3536.7,4567.91,-20.9977,NULL,0,0,0,0,100,0),
(1008630,290,-3540.35,4560.6,-21.0302,NULL,0,0,0,0,100,0),
(1008630,291,-3544.16,4552.97,-20.7849,NULL,0,0,0,0,100,0),
(1008630,292,-3548.7,4543.89,-20.367,NULL,0,0,0,0,100,0),
(1008630,293,-3553.49,4534.29,-19.8386,NULL,0,0,0,0,100,0),
(1008630,294,-3558.24,4524.8,-19.3048,NULL,0,0,0,0,100,0),
(1008630,295,-3562.77,4515.72,-18.9733,NULL,0,0,0,0,100,0),
(1008630,296,-3566.63,4508,-18.9195,NULL,0,0,0,0,100,0),
(1008630,297,-3562.28,4498.01,-18.7619,NULL,0,0,0,0,100,0),
(1008630,298,-3558.36,4489.02,-18.7049,NULL,0,0,0,0,100,0),
(1008630,299,-3554.96,4481.21,-18.8099,NULL,0,0,0,0,100,0),
(1008630,300,-3551.65,4473.62,-19.1416,NULL,0,0,0,0,100,0),
(1008630,301,-3547.78,4464.75,-19.7639,NULL,0,0,0,0,100,0),
(1008630,302,-3544.2,4456.52,-20.2498,NULL,0,0,0,0,100,0),
(1008630,303,-3540.89,4448.93,-20.1783,NULL,0,0,0,0,100,0),
(1008630,304,-3536.84,4442.07,-19.7078,NULL,0,0,0,0,100,0),
(1008630,305,-3532.62,4434.94,-19.0838,NULL,0,0,0,0,100,0),
(1008630,306,-3528.82,4428.51,-18.7204,NULL,0,0,0,0,100,0),
(1008630,307,-3525.03,4422.09,-18.7268,NULL,0,0,0,0,100,0),
(1008630,308,-3521.23,4415.66,-19.0856,NULL,0,0,0,0,100,0),
(1008630,309,-3516.89,4408.32,-19.646,NULL,0,0,0,0,100,0),
(1008630,310,-3512.5,4400.88,-19.8711,NULL,0,0,0,0,100,0),
(1008630,311,-3507.87,4393.06,-19.1839,NULL,0,0,0,0,100,0),
(1008630,312,-3505.62,4389.24,-19.0549,NULL,0,0,0,0,100,0),
(1008630,313,-3502.36,4383.72,-19.2462,NULL,0,0,0,0,100,0),
(1008630,314,-3499.51,4378.91,-19.196,NULL,0,0,0,0,100,0),
(1008630,315,-3497.5,4375.5,-18.4781,NULL,0,0,0,0,100,0),
(1008630,316,-3495.13,4371.48,-16.8607,NULL,0,0,0,0,100,0),
(1008630,317,-3491.22,4364.88,-17.5992,NULL,0,0,0,0,100,0),
(1008630,318,-3486.89,4357.54,-17.8578,NULL,0,0,0,0,100,0),
(1008630,319,-3482.26,4349.71,-17.5507,NULL,0,0,0,0,100,0),
(1008630,320,-3476.01,4343.98,-17.3947,NULL,0,0,0,0,100,0),
(1008630,321,-3470.08,4338.53,-17.0812,NULL,0,0,0,0,100,0),
(1008630,322,-3463.89,4332.85,-16.6608,NULL,0,0,0,0,100,0),
(1008630,323,-3458.48,4327.88,-16.4559,NULL,0,0,0,0,100,0),
(1008630,324,-3453.06,4322.91,-16.5898,NULL,0,0,0,0,100,0),
(1008630,325,-3445.76,4316.21,-17.1261,NULL,0,0,0,0,100,0),
(1008630,326,-3437.77,4308.87,-17.6239,NULL,0,0,0,0,100,0),
(1008630,327,-3430.03,4301.77,-17.6629,NULL,0,0,0,0,100,0),
(1008630,328,-3423.24,4295.54,-17.3294,NULL,0,0,0,0,100,0),
(1008630,329,-3408.83,4292.61,-17.4505,NULL,0,0,0,0,100,0),
(1008630,330,-3397.28,4290.26,-17.5193,NULL,0,0,0,0,100,0),
(1008630,331,-3386.31,4288.03,-17.7318,NULL,0,0,0,0,100,0),
(1008630,332,-3374.64,4285.66,-17.9137,NULL,0,0,0,0,100,0),
(1008630,333,-3363.67,4283.43,-18.0556,NULL,0,0,0,0,100,0),
(1008630,334,-3354.3,4281.52,-18.3768,NULL,0,0,0,0,100,0),
(1008630,335,-3345.6,4279.75,-18.8731,NULL,0,0,0,0,100,0),
(1008630,336,-3334.4,4277.47,-19.273,NULL,0,0,0,0,100,0),

(1008640,1,-3505.23,4994.63,-101.396,NULL,0,0,0,0,100,0),
(1008640,2,-3498.3,5003.28,-101.396,NULL,0,0,0,0,100,0),
(1008640,3,-3490.06,5013.58,-101.396,NULL,0,0,0,0,100,0),
(1008640,4,-3481.02,5024.87,-101.391,NULL,0,0,0,0,100,0),
(1008640,5,-3471.42,5036.86,-101.137,NULL,0,0,0,0,100,0),
(1008640,6,-3467.4,5040.75,-100.965,NULL,0,0,0,0,100,0),
(1008640,7,-3460.78,5047.17,-100.775,NULL,0,0,0,0,100,0),
(1008640,8,-3452.12,5055.55,-100.627,NULL,0,0,0,0,100,0),
(1008640,9,-3448.35,5059.2,-100.81,NULL,0,0,0,0,100,0),
(1008640,10,-3440.52,5059.61,-100.814,NULL,0,0,0,0,100,0),
(1008640,11,-3426.81,5060.32,-101.125,NULL,0,0,0,0,100,0),
(1008640,12,-3421.32,5055.98,-101.018,NULL,0,0,0,0,100,0),
(1008640,13,-3414.73,5050.77,-100.992,NULL,0,0,0,0,100,0),
(1008640,14,-3408.23,5045.62,-101.153,NULL,0,0,0,0,100,0),
(1008640,15,-3401.1,5039.98,-101.321,NULL,0,0,0,0,100,0),
(1008640,16,-3393.68,5034.12,-101.383,NULL,0,0,0,0,100,0),
(1008640,17,-3384.44,5026.81,-101.396,NULL,0,0,0,0,100,0),
(1008640,18,-3375.29,5019.57,-101.396,NULL,0,0,0,0,100,0),
(1008640,19,-3366.23,5012.4,-101.396,NULL,0,0,0,0,100,0),
(1008640,20,-3357.18,5005.24,-101.396,NULL,0,0,0,0,100,0),
(1008640,21,-3350.02,4999.58,-101.396,NULL,0,0,0,0,100,0),
(1008640,22,-3343.25,4994.22,-101.396,NULL,0,0,0,0,100,0),
(1008640,23,-3337.12,4989.37,-101.396,NULL,0,0,0,0,100,0),
(1008640,24,-3332.04,4984.9,-101.396,NULL,0,0,0,0,100,0),
(1008640,25,-3322.41,4976.42,-101.396,NULL,0,0,0,0,100,0),
(1008640,26,-3313.04,4968.17,-101.323,NULL,0,0,0,0,100,0),
(1008640,27,-3303.57,4963.11,-101.394,NULL,0,0,0,0,100,0),
(1008640,28,-3292.87,4957.4,-101.396,NULL,0,0,0,0,100,0),
(1008640,29,-3283.51,4952.4,-101.293,NULL,0,0,0,0,100,0),
(1008640,30,-3276.1,4948.44,-101.196,NULL,0,0,0,0,100,0),
(1008640,31,-3269.1,4944.7,-101.15,NULL,0,0,0,0,100,0),
(1008640,32,-3262.83,4941.35,-101.193,NULL,0,0,0,0,100,0),
(1008640,33,-3260.43,4935.9,-101.035,NULL,0,0,0,0,100,0),
(1008640,34,-3257.1,4928.32,-100.948,NULL,0,0,0,0,100,0),
(1008640,35,-3253.76,4920.74,-101.004,NULL,0,0,0,0,100,0),
(1008640,36,-3250.48,4913.27,-101.257,NULL,0,0,0,0,100,0),
(1008640,37,-3247.65,4906.85,-101.393,NULL,0,0,0,0,100,0),
(1008640,38,-3244.55,4899.8,-101.395,NULL,0,0,0,0,100,0),
(1008640,39,-3241.77,4893.49,-101.396,NULL,0,0,0,0,100,0),
(1008640,40,-3243.21,4885.1,-101.396,NULL,0,0,0,0,100,0),
(1008640,41,-3244.88,4875.33,-101.396,NULL,0,0,0,0,100,0),
(1008640,42,-3246.34,4866.82,-101.396,NULL,0,0,0,0,100,0),
(1008640,43,-3248.02,4857.05,-101.396,NULL,0,0,0,0,100,0),
(1008640,44,-3249.34,4849.34,-101.396,NULL,0,0,0,0,100,0),
(1008640,45,-3257.27,4846.95,-101.396,NULL,0,0,0,0,100,0),
(1008640,46,-3266.32,4844.22,-101.362,NULL,0,0,0,0,100,0),
(1008640,47,-3274.14,4841.86,-101.396,NULL,0,0,0,0,100,0),
(1008640,48,-3284.08,4838.86,-101.396,NULL,0,0,0,0,100,0),
(1008640,49,-3294.03,4835.86,-101.396,NULL,0,0,0,0,100,0),
(1008640,50,-3303.74,4832.93,-101.396,NULL,0,0,0,0,100,0),
(1008640,51,-3312.23,4830.36,-101.396,NULL,0,0,0,0,100,0),
(1008640,52,-3319.31,4828.23,-101.396,NULL,0,0,0,0,100,0),
(1008640,53,-3326.55,4834.29,-101.396,NULL,0,0,0,0,100,0),
(1008640,54,-3335.24,4841.55,-101.396,NULL,0,0,0,0,100,0),
(1008640,55,-3343.74,4848.66,-101.396,NULL,0,0,0,0,100,0),
(1008640,56,-3352.06,4855.62,-101.396,NULL,0,0,0,0,100,0),
(1008640,57,-3360.56,4862.74,-101.396,NULL,0,0,0,0,100,0),
(1008640,58,-3368.62,4869.47,-101.305,NULL,0,0,0,0,100,0),
(1008640,59,-3374.17,4874.12,-101.091,NULL,0,0,0,0,100,0),
(1008640,60,-3379.18,4878.31,-101.361,NULL,0,0,0,0,100,0),
(1008640,61,-3385.8,4883.84,-101.396,NULL,0,0,0,0,100,0),
(1008640,62,-3393.49,4890.28,-101.396,NULL,0,0,0,0,100,0),
(1008640,63,-3400.92,4896.49,-101.396,NULL,0,0,0,0,100,0),
(1008640,64,-3406.75,4901.36,-101.396,NULL,0,0,0,0,100,0),
(1008640,65,-3414.26,4907.65,-101.396,NULL,0,0,0,0,100,0),
(1008640,66,-3421.22,4913.47,-101.395,NULL,0,0,0,0,100,0),
(1008640,67,-3428.43,4920.44,-101.395,NULL,0,0,0,0,100,0),
(1008640,68,-3435.9,4927.65,-101.395,NULL,0,0,0,0,100,0),
(1008640,69,-3443.62,4935.11,-101.395,NULL,0,0,0,0,100,0),
(1008640,70,-3451.42,4942.65,-101.395,NULL,0,0,0,0,100,0),
(1008640,71,-3458.3,4949.3,-101.395,NULL,0,0,0,0,100,0),
(1008640,72,-3463.42,4954.24,-101.235,NULL,0,0,0,0,100,0),
(1008640,73,-3469.96,4960.56,-101.395,NULL,0,0,0,0,100,0),
(1008640,74,-3477.51,4967.85,-101.395,NULL,0,0,0,0,100,0),
(1008640,75,-3484.14,4974.26,-101.389,NULL,0,0,0,0,100,0),
(1008640,76,-3490.94,4980.82,-101.395,NULL,0,0,0,0,100,0),
(1008640,77,-3498.66,4988.29,-101.395,NULL,0,0,0,0,100,0),

(1008650,1,-3745.47,4496.63,-9.39174,NULL,0,0,0,0,100,0),
(1008650,2,-3743.29,4505.1,-10.8599,NULL,0,0,0,0,100,0),
(1008650,3,-3740.55,4515.75,-12.6168,NULL,0,0,0,0,100,0),
(1008650,4,-3736.91,4522.14,-13.3885,NULL,0,0,0,0,100,0),
(1008650,5,-3732.75,4529.43,-14.1596,NULL,0,0,0,0,100,0),
(1008650,6,-3728.3,4537.24,-14.8003,NULL,0,0,0,0,100,0),
(1008650,7,-3723.91,4544.94,-15.2087,NULL,0,0,0,0,100,0),
(1008650,8,-3719.29,4553.05,-15.4287,NULL,0,0,0,0,100,0),
(1008650,9,-3714.52,4561.42,-15.5949,NULL,0,0,0,0,100,0),
(1008650,10,-3711.99,4568.82,-15.8662,NULL,0,0,0,0,100,0),
(1008650,11,-3709.11,4577.21,-16.319,NULL,0,0,0,0,100,0),
(1008650,12,-3706.09,4586.03,-16.9024,NULL,0,0,0,0,100,0),
(1008650,13,-3703.21,4594.42,-17.4377,NULL,0,0,0,0,100,0),
(1008650,14,-3700.15,4603.36,-17.8778,NULL,0,0,0,0,100,0),
(1008650,15,-3697.35,4611.53,-18.1038,NULL,0,0,0,0,100,0),
(1008650,16,-3694.36,4620.25,-18.1716,NULL,0,0,0,0,100,0),
(1008650,17,-3691.07,4629.86,-18.0632,NULL,0,0,0,0,100,0),
(1008650,18,-3688.13,4635.83,-17.9124,NULL,0,0,0,0,100,0),
(1008650,19,-3684.68,4642.83,-17.7233,NULL,0,0,0,0,100,0),
(1008650,20,-3681.17,4649.95,-17.614,NULL,0,0,0,0,100,0),
(1008650,21,-3677.87,4656.65,-17.5831,NULL,0,0,0,0,100,0),
(1008650,22,-3674.78,4662.93,-17.2887,NULL,0,0,0,0,100,0),
(1008650,23,-3671.98,4668.61,-17.5237,NULL,0,0,0,0,100,0),
(1008650,24,-3668.94,4674.13,-18.3662,NULL,0,0,0,0,100,0),
(1008650,25,-3665.95,4679.54,-19.0656,NULL,0,0,0,0,100,0),
(1008650,26,-3662.96,4684.95,-19.4721,NULL,0,0,0,0,100,0),
(1008650,27,-3659.5,4691.22,-20.1589,NULL,0,0,0,0,100,0),
(1008650,28,-3660.11,4698.19,-20.1919,NULL,0,0,0,0,100,0),
(1008650,29,-3660.82,4706.32,-20.2253,NULL,0,0,0,0,100,0),
(1008650,30,-3661.6,4715.27,-20.3745,NULL,0,0,0,0,100,0),
(1008650,31,-3662.39,4724.34,-20.682,NULL,0,0,0,0,100,0),
(1008650,32,-3663.01,4731.42,-21.011,NULL,0,0,0,0,100,0),
(1008650,33,-3663.92,4740.59,-21.427,NULL,0,0,0,0,100,0),
(1008650,34,-3664.92,4750.69,-21.7358,NULL,0,0,0,0,100,0),
(1008650,35,-3665.89,4760.57,-21.745,NULL,0,0,0,0,100,0),
(1008650,36,-3666.76,4769.39,-21.5075,NULL,0,0,0,0,100,0),
(1008650,37,-3667.68,4778.68,-21.1764,NULL,0,0,0,0,100,0),
(1008650,38,-3668.35,4785.41,-21.0247,NULL,0,0,0,0,100,0),
(1008650,39,-3669.22,4794.23,-21.0071,NULL,0,0,0,0,100,0),
(1008650,40,-3670.08,4802.94,-21.1462,NULL,0,0,0,0,100,0),
(1008650,41,-3670.96,4811.81,-21.3235,NULL,0,0,0,0,100,0),
(1008650,42,-3677.18,4817.95,-21.3739,NULL,0,0,0,0,100,0),
(1008650,43,-3685.78,4826.43,-21.3668,NULL,0,0,0,0,100,0),
(1008650,44,-3692.4,4832.97,-21.3243,NULL,0,0,0,0,100,0),
(1008650,45,-3701.17,4834.89,-21.2459,NULL,0,0,0,0,100,0),
(1008650,46,-3709.49,4836.71,-21.0771,NULL,0,0,0,0,100,0),
(1008650,47,-3717.24,4838.4,-20.8621,NULL,0,0,0,0,100,0),
(1008650,48,-3728.05,4840.77,-20.5296,NULL,0,0,0,0,100,0),
(1008650,49,-3737.69,4842.88,-19.617,NULL,0,0,0,0,100,0),
(1008650,50,-3742.57,4843.31,-19.4714,NULL,0,0,0,0,100,0),
(1008650,51,-3750.81,4844.04,-19.7001,NULL,0,0,0,0,100,0),
(1008650,52,-3758.59,4844.73,-19.4301,NULL,0,0,0,0,100,0),
(1008650,53,-3766.26,4845.41,-19.2952,NULL,0,0,0,0,100,0),
(1008650,54,-3771.48,4845.87,-19.3476,NULL,0,0,0,0,100,0),
(1008650,55,-3773.14,4838.72,-19.2676,NULL,0,0,0,0,100,0),
(1008650,56,-3775.31,4829.4,-19.3672,NULL,0,0,0,0,100,0),
(1008650,57,-3777.15,4821.46,-19.6761,NULL,0,0,0,0,100,0),
(1008650,58,-3778.56,4815.43,-20.1848,NULL,0,0,0,0,100,0),
(1008650,59,-3780.03,4809.07,-20.1198,NULL,0,0,0,0,100,0),
(1008650,60,-3782.68,4797.71,-20.31,NULL,0,0,0,0,100,0),
(1008650,61,-3784.54,4789.69,-20.5939,NULL,0,0,0,0,100,0),
(1008650,62,-3787.2,4785.56,-20.9125,NULL,0,0,0,0,100,0),
(1008650,63,-3791.55,4778.8,-21.9827,NULL,0,0,0,0,100,0),
(1008650,64,-3794.57,4774.11,-22.5007,NULL,0,0,0,0,100,0),
(1008650,65,-3797.8,4769.1,-23.3378,NULL,0,0,0,0,100,0),
(1008650,66,-3802.6,4761.64,-24.8047,NULL,0,0,0,0,100,0),
(1008650,67,-3805.7,4756.83,-25.7269,NULL,0,0,0,0,100,0),
(1008650,68,-3804.31,4750.81,-25.7158,NULL,0,0,0,0,100,0),
(1008650,69,-3802.96,4745.01,-25.382,NULL,0,0,0,0,100,0),
(1008650,70,-3801.44,4738.42,-24.7695,NULL,0,0,0,0,100,0),
(1008650,71,-3799.91,4731.83,-24.2545,NULL,0,0,0,0,100,0),
(1008650,72,-3798.25,4724.68,-24.0765,NULL,0,0,0,0,100,0),
(1008650,73,-3796.46,4716.94,-24.3906,NULL,0,0,0,0,100,0),
(1008650,74,-3799.15,4710.46,-25.1228,NULL,0,0,0,0,100,0),
(1008650,75,-3802.1,4703.35,-26.0528,NULL,0,0,0,0,100,0),
(1008650,76,-3805.18,4695.91,-27.0733,NULL,0,0,0,0,100,0),
(1008650,77,-3808.18,4688.69,-27.8153,NULL,0,0,0,0,100,0),
(1008650,78,-3810.5,4683.08,-28.117,NULL,0,0,0,0,100,0),
(1008650,79,-3813.58,4675.65,-27.8824,NULL,0,0,0,0,100,0),
(1008650,80,-3815.91,4670.04,-27.4691,NULL,0,0,0,0,100,0),
(1008650,81,-3816.69,4661.56,-26.5668,NULL,0,0,0,0,100,0),
(1008650,82,-3817.42,4653.66,-25.4652,NULL,0,0,0,0,100,0),
(1008650,83,-3817.97,4647.73,-24.9574,NULL,0,0,0,0,100,0),
(1008650,84,-3818.37,4643.43,-24.2391,NULL,0,0,0,0,100,0),
(1008650,85,-3818.79,4638.91,-23.4878,NULL,0,0,0,0,100,0),
(1008650,86,-3819.23,4634.15,-23.1436,NULL,0,0,0,0,100,0),
(1008650,87,-3819.76,4628.34,-22.9154,NULL,0,0,0,0,100,0),
(1008650,88,-3820.31,4622.41,-22.6241,NULL,0,0,0,0,100,0),
(1008650,89,-3820.96,4615.44,-22.1964,NULL,0,0,0,0,100,0),
(1008650,90,-3821.61,4608.38,-21.6523,NULL,0,0,0,0,100,0),
(1008650,91,-3819.04,4602.5,-20.8012,NULL,0,0,0,0,100,0),
(1008650,92,-3816,4595.55,-19.8264,NULL,0,0,0,0,100,0),
(1008650,93,-3812.73,4588.07,-18.9608,NULL,0,0,0,0,100,0),
(1008650,94,-3809.51,4580.7,-18.2513,NULL,0,0,0,0,100,0),
(1008650,95,-3807.01,4574.98,-17.8086,NULL,0,0,0,0,100,0),
(1008650,96,-3805.41,4568.65,-17.5387,NULL,0,0,0,0,100,0),
(1008650,97,-3803.7,4561.87,-17.4788,NULL,0,0,0,0,100,0),
(1008650,98,-3802.16,4555.76,-17.7088,NULL,0,0,0,0,100,0),
(1008650,99,-3800.57,4549.48,-18.1872,NULL,0,0,0,0,100,0),
(1008650,100,-3799.73,4542.54,-18.6846,NULL,0,0,0,0,100,0),
(1008650,101,-3798.75,4534.43,-19.185,NULL,0,0,0,0,100,0),
(1008650,102,-3797.92,4527.53,-19.3659,NULL,0,0,0,0,100,0),
(1008650,103,-3797.03,4520.12,-19.3187,NULL,0,0,0,0,100,0),
(1008650,104,-3796.15,4512.84,-19.2235,NULL,0,0,0,0,100,0),
(1008650,105,-3797.06,4504.85,-19.0922,NULL,0,0,0,0,100,0),
(1008650,106,-3797.86,4497.9,-18.3357,NULL,0,0,0,0,100,0),
(1008650,107,-3798.7,4490.48,-16.9303,NULL,0,0,0,0,100,0),
(1008650,108,-3799.5,4483.53,-15.5467,NULL,0,0,0,0,100,0),
(1008650,109,-3800.35,4475.99,-14.1243,NULL,0,0,0,0,100,0),
(1008650,110,-3801.02,4470.16,-13.1805,NULL,0,0,0,0,100,0),
(1008650,111,-3796.53,4467.04,-11.9556,NULL,0,0,0,0,100,0),
(1008650,112,-3790.68,4462.97,-10.4522,NULL,0,0,0,0,100,0),
(1008650,113,-3784.83,4458.91,-9.20017,NULL,0,0,0,0,100,0),
(1008650,114,-3780.62,4455.98,-8.47128,NULL,0,0,0,0,100,0),
(1008650,115,-3776.01,4452.77,-7.8152,NULL,0,0,0,0,100,0),
(1008650,116,-3771.69,4449.77,-7.30134,NULL,0,0,0,0,100,0),
(1008650,117,-3765.38,4447.66,-6.86745,NULL,0,0,0,0,100,0),
(1008650,118,-3757.18,4444.92,-6.57873,NULL,0,0,0,0,100,0),
(1008650,119,-3748.88,4442.15,-6.44532,NULL,0,0,0,0,100,0),
(1008650,120,-3740.8,4439.46,-6.44866,NULL,0,0,0,0,100,0),
(1008650,121,-3731.62,4436.39,-6.61891,NULL,0,0,0,0,100,0),
(1008650,122,-3723.32,4433.62,-6.86637,NULL,0,0,0,0,100,0),
(1008650,123,-3714.69,4430.73,-7.15803,NULL,0,0,0,0,100,0),
(1008650,124,-3707.55,4428.35,-7.42426,NULL,0,0,0,0,100,0),
(1008650,125,-3698.45,4428.46,-8.20511,NULL,0,0,0,0,100,0),
(1008650,126,-3688.88,4428.57,-9.16259,NULL,0,0,0,0,100,0),
(1008650,127,-3679.2,4428.69,-10.3147,NULL,0,0,0,0,100,0),
(1008650,128,-3670.43,4428.79,-11.5316,NULL,0,0,0,0,100,0),
(1008650,129,-3663.57,4433.63,-12.7408,NULL,0,0,0,0,100,0),
(1008650,130,-3656.51,4438.6,-13.9538,NULL,0,0,0,0,100,0),
(1008650,131,-3648.98,4443.92,-15.0989,NULL,0,0,0,0,100,0),
(1008650,132,-3642.84,4448.24,-15.8488,NULL,0,0,0,0,100,0),
(1008650,133,-3635.98,4453.08,-16.5192,NULL,0,0,0,0,100,0),
(1008650,134,-3630.64,4456.85,-16.9659,NULL,0,0,0,0,100,0),
(1008650,135,-3624.46,4461.24,-17.409,NULL,0,0,0,0,100,0),
(1008650,136,-3616.76,4466.7,-17.7665,NULL,0,0,0,0,100,0),
(1008650,137,-3610.1,4471.42,-17.8551,NULL,0,0,0,0,100,0),
(1008650,138,-3602.31,4476.95,-17.8464,NULL,0,0,0,0,100,0),
(1008650,139,-3595.74,4481.61,-17.9237,NULL,0,0,0,0,100,0),
(1008650,140,-3589.27,4486.2,-18.2187,NULL,0,0,0,0,100,0),
(1008650,141,-3581.66,4491.6,-18.7124,NULL,0,0,0,0,100,0),
(1008650,142,-3574.61,4496.6,-19.0056,NULL,0,0,0,0,100,0),
(1008650,143,-3567.28,4501.8,-18.9295,NULL,0,0,0,0,100,0),
(1008650,144,-3560.53,4506.59,-18.7042,NULL,0,0,0,0,100,0),
(1008650,145,-3555.26,4510.33,-18.66,NULL,0,0,0,0,100,0),
(1008650,146,-3556.93,4517.37,-18.9747,NULL,0,0,0,0,100,0),
(1008650,147,-3558.97,4526,-19.3491,NULL,0,0,0,0,100,0),
(1008650,148,-3561.1,4534.96,-19.6485,NULL,0,0,0,0,100,0),
(1008650,149,-3563.11,4543.47,-19.7925,NULL,0,0,0,0,100,0),
(1008650,150,-3565.18,4552.21,-19.8967,NULL,0,0,0,0,100,0),
(1008650,151,-3567.39,4561.52,-20.1505,NULL,0,0,0,0,100,0),
(1008650,152,-3569.54,4570.6,-20.6433,NULL,0,0,0,0,100,0),
(1008650,153,-3571.25,4577.81,-21.0895,NULL,0,0,0,0,100,0),
(1008650,154,-3578.34,4582.52,-21.0948,NULL,0,0,0,0,100,0),
(1008650,155,-3585.14,4587.05,-20.8386,NULL,0,0,0,0,100,0),
(1008650,156,-3592.42,4591.89,-20.5578,NULL,0,0,0,0,100,0),
(1008650,157,-3597.28,4595.12,-20.5279,NULL,0,0,0,0,100,0),
(1008650,158,-3602.62,4591.57,-20.3875,NULL,0,0,0,0,100,0),
(1008650,159,-3609.13,4587.25,-19.9508,NULL,0,0,0,0,100,0),
(1008650,160,-3615.44,4583.05,-19.3152,NULL,0,0,0,0,100,0),
(1008650,161,-3622.15,4578.59,-18.6121,NULL,0,0,0,0,100,0),
(1008650,162,-3628.46,4574.4,-18.1086,NULL,0,0,0,0,100,0),
(1008650,163,-3634.58,4570.33,-17.8544,NULL,0,0,0,0,100,0),
(1008650,164,-3641.68,4565.61,-17.7612,NULL,0,0,0,0,100,0),
(1008650,165,-3648.67,4560.96,-17.7048,NULL,0,0,0,0,100,0),
(1008650,166,-3654.99,4556.77,-17.5444,NULL,0,0,0,0,100,0),
(1008650,167,-3661.2,4552.64,-17.0346,NULL,0,0,0,0,100,0),
(1008650,168,-3667.23,4548.63,-16.6481,NULL,0,0,0,0,100,0),
(1008650,169,-3673.54,4544.43,-16.3897,NULL,0,0,0,0,100,0),
(1008650,170,-3680.83,4539.59,-15.9919,NULL,0,0,0,0,100,0),
(1008650,171,-3688.41,4534.55,-15.7104,NULL,0,0,0,0,100,0),
(1008650,172,-3695.5,4529.84,-15.4526,NULL,0,0,0,0,100,0),
(1008650,173,-3702.01,4525.51,-15.0155,NULL,0,0,0,0,100,0),
(1008650,174,-3708.62,4521.12,-14.2439,NULL,0,0,0,0,100,0),
(1008650,175,-3715.03,4516.86,-13.244,NULL,0,0,0,0,100,0),
(1008650,176,-3722.22,4512.08,-12.0645,NULL,0,0,0,0,100,0),
(1008650,177,-3729.03,4507.56,-11.0837,NULL,0,0,0,0,100,0),
(1008650,178,-3734.02,4504.24,-10.4833,NULL,0,0,0,0,100,0),
(1008650,179,-3740.14,4500.17,-9.83444,NULL,0,0,0,0,100,0);
