DELETE FROM `creature` WHERE `guid` IN (78189,78190,78191,78192,78193,78194,78195,78196,78197,78198,78199,78200,78201,78202,78203,78204,78205,78206);
INSERT INTO `creature` (`guid`, `id`, `map`, `zoneId`, `areaId`, `spawnMask`, `phaseMask`, `modelid`, `equipment_id`, `position_x`, `position_y`, `position_z`, `orientation`, `spawntimesecs`, `wander_distance`, `curhealth`, `curmana`, `MovementType`, `npcflag`, `unit_flags`, `dynamicflags`, `VerifiedBuild`)
VALUES
(78189,22254,530,0,0,1,1,0,1,2985.46,6809.22,369.858,2.38122,300,0,1,0,2,0,0,0,0),
(78190,22254,530,0,0,1,1,0,1,2988.61,6810.86,369.915,2.45191,300,0,1,0,0,0,0,0,0),
(78191,22254,530,0,0,1,1,0,1,2990.59,7066.01,369.962,1.75751,300,0,1,0,2,0,0,0,0),
(78192,22254,530,0,0,1,1,0,1,2987.22,7066.95,370.699,6.02546,300,0,1,0,0,0,0,0,0),
(78193,22254,530,0,0,1,1,0,1,2531.22,7227.48,365.305,0.419603,300,0,1,0,2,0,0,0,0),
(78194,22254,530,0,0,1,1,0,1,2529.16,7230.8,365.052,5.47089,300,0,1,0,0,0,0,0,0),
(78195,22254,530,0,0,1,1,0,1,2978.47,6836.52,374.589,0.925025,300,0,1,0,0,0,0,0,0),
(78196,22254,530,0,0,1,1,0,1,2977.2,6857.27,374.794,5.63741,300,0,1,0,0,0,0,0,0),
(78197,22254,530,0,0,1,1,0,1,2997.83,6857.98,374.17,3.87463,300,0,1,0,0,0,0,0,0),
(78198,22254,530,0,0,1,1,0,1,2999.86,6838.99,374.672,2.42601,300,0,1,0,0,0,0,0,0);

DELETE FROM `creature_addon` WHERE `guid` IN (78189,78191,78193,78195,78196,78197,78198);
INSERT INTO `creature_addon` (`guid`, `path_id`, `mount`, `bytes1`, `bytes2`, `emote`, `isLarge`, `auras`)
VALUES
(78189,781890,0,0,1,0,0,NULL),
(78191,781910,0,0,1,0,0,NULL),
(78193,781930,0,0,1,0,0,NULL),
(78195,0,0,8,0,0,0,NULL),
(78196,0,0,8,0,0,0,NULL),
(78197,0,0,8,0,0,0,NULL),
(78198,0,0,8,0,0,0,NULL);

DELETE FROM `creature_formations` WHERE `leaderGUID` IN (78189,78191,78193);
INSERT INTO `creature_formations` (`leaderGUID`, `memberGUID`, `dist`, `angle`, `groupAI`)
VALUES
(78189,78189,0,0,2),
(78189,78190,4,90,2),

(78191,78191,0,0,2),
(78191,78192,4,270,2),

(78193,78193,0,0,2),
(78193,78194,4,270,2);

DELETE FROM `smart_scripts` WHERE `source_type` = 0 AND `entryorguid` = 22254 AND `id` > 2;
INSERT INTO `smart_scripts` (`entryorguid`, `source_type`, `id`, `link`, `event_type`, `event_phase_mask`, `event_chance`, `event_flags`, `event_param1`, `event_param2`, `event_param3`, `event_param4`, `event_param5`, `action_type`, `action_param1`, `action_param2`, `action_param3`, `action_param4`, `action_param5`, `action_param6`, `target_type`, `target_param1`, `target_param2`, `target_param3`, `target_param4`, `target_x`, `target_y`, `target_z`, `target_o`, `comment`)
VALUES
(22254,0,3,0,1,0,100,0,0,0,3000,3000,0,11,40350,34,0,0,0,0,19,22175,13,0,0,0,0,0,0,'Wrath Corruptor - OOC - Cast ''Corrupting Plague'' (Apexis Flayer)'),
(22254,0,4,0,1,0,100,0,1000,1000,3000,3000,0,11,40350,34,0,0,0,0,19,22181,13,0,0,0,0,0,0,'Wrath Corruptor - OOC - Cast ''Corrupting Plague'' (Aether Ray)'),
(22254,0,5,0,1,0,100,0,2000,2000,3000,3000,0,11,40350,34,0,0,0,0,19,22180,13,0,0,0,0,0,0,'Wrath Corruptor - OOC - Cast ''Corrupting Plague'' (Shard-Hide Boar)');

DELETE FROM `conditions` WHERE `SourceTypeOrReferenceId` = 13 AND `SourceEntry` = 40350;
INSERT INTO `conditions` (`SourceTypeOrReferenceId`, `SourceGroup`, `SourceEntry`, `SourceId`, `ElseGroup`, `ConditionTypeOrReference`, `ConditionTarget`, `ConditionValue1`, `ConditionValue2`, `ConditionValue3`, `NegativeCondition`, `ErrorType`, `ErrorTextId`, `Comment`)
VALUES
(13,1,40350,0,0,31,0,3,22175,0,0,0,0,'Spell ''Corrupting Plague'' - Group 0: Implicit target creature ''Apexis Flayer'''),
(13,1,40350,0,1,31,0,3,22181,0,0,0,0,'Spell ''Corrupting Plague'' - Group 1: Implicit target creature ''Aether Ray'''),
(13,1,40350,0,2,31,0,3,22180,0,0,0,0,'Spell ''Corrupting Plague'' - Group 2: Implicit target creature ''Shard-Hide Boar''');

DELETE FROM `waypoint_data` WHERE `id` IN (781890,781910,781930);
INSERT INTO `waypoint_data` (`id`, `point`, `position_x`, `position_y`, `position_z`, `orientation`, `delay`, `move_type`, `pathfinding`, `action`, `action_chance`, `wpguid`)
VALUES
(781930,1,2531.22,7227.48,365.222,NULL,0,0,0,0,100,0),
(781930,2,2536.44,7229.81,364.593,NULL,0,0,0,0,100,0),
(781930,3,2540.82,7231.76,364.845,NULL,0,0,0,0,100,0),
(781930,4,2544.97,7233.62,365.53,NULL,0,0,0,0,100,0),
(781930,5,2548.59,7235.23,365.621,NULL,0,0,0,0,100,0),
(781930,6,2551.95,7236.73,365.124,NULL,0,0,0,0,100,0),
(781930,7,2554.96,7236.95,364.641,NULL,0,0,0,0,100,0),
(781930,8,2557.99,7237.17,365.025,NULL,0,0,0,0,100,0),
(781930,9,2561.47,7237.43,365.91,NULL,0,0,0,0,100,0),
(781930,10,2564.96,7237.68,366.239,NULL,0,0,0,0,100,0),
(781930,11,2568.46,7237.94,365.944,NULL,0,0,0,0,100,0),
(781930,12,2572.29,7238.22,365.173,NULL,0,0,0,0,100,0),
(781930,13,2575.9,7238.48,364.61,NULL,0,0,0,0,100,0),
(781930,14,2579.16,7238.72,364.636,NULL,0,0,0,0,100,0),
(781930,15,2582.51,7238.97,364.478,NULL,0,0,0,0,100,0),
(781930,16,2586.47,7239.18,364.398,NULL,0,0,0,0,100,0),
(781930,17,2591.02,7239.41,364.735,NULL,0,0,0,0,100,0),
(781930,18,2594.98,7239.62,364.849,NULL,0,0,0,0,100,0),
(781930,19,2598.83,7239.82,364.979,NULL,0,0,0,0,100,0),
(781930,20,2603.13,7240.04,364.892,NULL,0,0,0,0,100,0),
(781930,21,2607.33,7240.26,364.584,NULL,0,0,0,0,100,0),
(781930,22,2612.22,7240.51,364.567,NULL,0,0,0,0,100,0),
(781930,23,2616.88,7240.75,365.384,NULL,0,0,0,0,100,0),
(781930,24,2620.84,7240.96,365.84,NULL,0,0,0,0,100,0),
(781930,25,2624.21,7239.65,365.952,NULL,0,0,0,0,100,0),
(781930,26,2627.26,7238.47,365.49,NULL,0,0,0,0,100,0),
(781930,27,2630.85,7237.07,364.64,NULL,0,0,0,0,100,0),
(781930,28,2634.55,7235.63,364.163,NULL,0,0,0,0,100,0),
(781930,29,2638.57,7234.07,364.489,NULL,0,0,0,0,100,0),
(781930,30,2642.48,7232.55,364.792,NULL,0,0,0,0,100,0),
(781930,31,2646.5,7230.99,365.05,NULL,0,0,0,0,100,0),
(781930,32,2650.31,7229.51,365.025,NULL,0,0,0,0,100,0),
(781930,33,2654.87,7227.74,364.851,NULL,0,0,0,0,100,0),
(781930,34,2658.68,7226.26,364.998,NULL,0,0,0,0,100,0),
(781930,35,2662.36,7224.83,365.192,NULL,0,0,0,0,100,0),
(781930,36,2666.37,7223.26,365.221,NULL,0,0,0,0,100,0),
(781930,37,2670.83,7221.51,365.049,NULL,0,0,0,0,100,0),
(781930,38,2675.62,7219.64,365.295,NULL,0,0,0,0,100,0),
(781930,39,2680.45,7217.74,365.726,NULL,0,0,0,0,100,0),
(781930,40,2684.66,7216.35,365.761,NULL,0,0,0,0,100,0),
(781930,41,2689.75,7214.66,365.446,NULL,0,0,0,0,100,0),
(781930,42,2694.62,7213.04,365.753,NULL,0,0,0,0,100,0),
(781930,43,2699.37,7211.46,366.494,NULL,0,0,0,0,100,0),
(781930,44,2704.03,7209.92,367.118,NULL,0,0,0,0,100,0),
(781930,45,2709.12,7208.23,367.176,NULL,0,0,0,0,100,0),
(781930,46,2714.16,7206.56,366.828,NULL,0,0,0,0,100,0),
(781930,47,2719.21,7205.67,366.93,NULL,0,0,0,0,100,0),
(781930,48,2723.24,7204.96,367.322,NULL,0,0,0,0,100,0),
(781930,49,2727.37,7204.23,367.543,NULL,0,0,0,0,100,0),
(781930,50,2731.86,7203.43,367.31,NULL,0,0,0,0,100,0),
(781930,51,2736.46,7202.62,366.684,NULL,0,0,0,0,100,0),
(781930,52,2740.49,7201.91,366.231,NULL,0,0,0,0,100,0),
(781930,53,2744.85,7201.14,366.083,NULL,0,0,0,0,100,0),
(781930,54,2750.14,7200.21,366.098,NULL,0,0,0,0,100,0),
(781930,55,2754.98,7199.35,365.935,NULL,0,0,0,0,100,0),
(781930,56,2759.83,7198.07,365.647,NULL,0,0,0,0,100,0),
(781930,57,2764.67,7196.79,365.418,NULL,0,0,0,0,100,0),
(781930,58,2769.18,7195.6,365.617,NULL,0,0,0,0,100,0),
(781930,59,2773.92,7194.35,365.846,NULL,0,0,0,0,100,0),
(781930,60,2780.01,7192.74,365.962,NULL,0,0,0,0,100,0),
(781930,61,2784.56,7191.54,365.93,NULL,0,0,0,0,100,0),
(781930,62,2788.92,7190.75,365.572,NULL,0,0,0,0,100,0),
(781930,63,2794.09,7189.81,365.045,NULL,0,0,0,0,100,0),
(781930,64,2797.99,7189.11,365.398,NULL,0,0,0,0,100,0),
(781930,65,2802.24,7188.34,366.162,NULL,0,0,0,0,100,0),
(781930,66,2806.71,7187.53,366.584,NULL,0,0,0,0,100,0),
(781930,67,2811.3,7186.7,366.642,NULL,0,0,0,0,100,0),
(781930,68,2817.5,7185.57,367.042,NULL,0,0,0,0,100,0),
(781930,69,2822.94,7184.59,367.729,NULL,0,0,0,0,100,0),
(781930,70,2825.86,7180.94,367.18,NULL,0,0,0,0,100,0),
(781930,71,2828.99,7177.02,366.164,NULL,0,0,0,0,100,0),
(781930,72,2831.98,7173.28,365.578,NULL,0,0,0,0,100,0),
(781930,73,2834.61,7170,365.611,NULL,0,0,0,0,100,0),
(781930,74,2837.08,7166.91,366.675,NULL,0,0,0,0,100,0),
(781930,75,2839.56,7163.81,367.101,NULL,0,0,0,0,100,0),
(781930,76,2842.41,7160.25,367.099,NULL,0,0,0,0,100,0),
(781930,77,2845.1,7156.89,366.754,NULL,0,0,0,0,100,0),
(781930,78,2847.87,7153.42,365.857,NULL,0,0,0,0,100,0),
(781930,79,2850.75,7149.82,365.305,NULL,0,0,0,0,100,0),
(781930,80,2853.54,7147.52,365.564,NULL,0,0,0,0,100,0),
(781930,81,2856.78,7144.86,365.761,NULL,0,0,0,0,100,0),
(781930,82,2860.65,7141.67,365.706,NULL,0,0,0,0,100,0),
(781930,83,2864.98,7138.11,365.633,NULL,0,0,0,0,100,0),
(781930,84,2869.03,7134.78,365.668,NULL,0,0,0,0,100,0),
(781930,85,2872.63,7131.81,366.006,NULL,0,0,0,0,100,0),
(781930,86,2876.24,7128.84,365.816,NULL,0,0,0,0,100,0),
(781930,87,2881.79,7124.27,365.288,NULL,0,0,0,0,100,0),
(781930,88,2886.28,7120.58,364.732,NULL,0,0,0,0,100,0),
(781930,89,2888.64,7116.28,364.504,NULL,0,0,0,0,100,0),
(781930,90,2890.49,7112.91,364.971,NULL,0,0,0,0,100,0),
(781930,91,2893.03,7108.28,365.995,NULL,0,0,0,0,100,0),
(781930,92,2895.84,7103.16,365.685,NULL,0,0,0,0,100,0),
(781930,93,2898.09,7099.07,365.563,NULL,0,0,0,0,100,0),
(781930,94,2900.16,7095.29,365.945,NULL,0,0,0,0,100,0),
(781930,95,2902.12,7091.71,365.933,NULL,0,0,0,0,100,0),
(781930,96,2903.9,7088.47,365.562,NULL,0,0,0,0,100,0),
(781930,97,2907.06,7085.2,365.273,NULL,0,0,0,0,100,0),
(781930,98,2910.38,7081.75,364.859,NULL,0,0,0,0,100,0),
(781930,99,2913.94,7078.06,364.568,NULL,0,0,0,0,100,0),
(781930,100,2917.1,7074.79,364.776,NULL,0,0,0,0,100,0),
(781930,101,2920.09,7071.68,365.094,NULL,0,0,0,0,100,0),
(781930,102,2922.92,7068.74,365.402,NULL,0,0,0,0,100,0),
(781930,103,2926.22,7065.33,365.629,NULL,0,0,0,0,100,0),
(781930,104,2929.78,7061.63,365.069,NULL,0,0,0,0,100,0),
(781930,105,2933.59,7057.69,368.565,NULL,0,0,0,0,100,0),
(781930,106,2936.49,7054.68,369.768,NULL,0,0,0,0,100,0),
(781930,107,2940.29,7050.1,369.8,NULL,0,0,0,0,100,0),
(781930,108,2943.41,7046.33,368.536,NULL,0,0,0,0,100,0),
(781930,109,2946.16,7043.01,368.176,NULL,0,0,0,0,100,0),
(781930,110,2949.74,7038.7,367.936,NULL,0,0,0,0,100,0),
(781930,111,2954.2,7033.31,367.422,NULL,0,0,0,0,100,0),
(781930,112,2958.07,7028.64,364.177,NULL,0,0,0,0,100,0),
(781930,113,2960.53,7025.68,364.721,NULL,0,0,0,0,100,0),
(781930,114,2963.96,7021.54,365.33,NULL,0,0,0,0,100,0),
(781930,115,2966.53,7018.44,365.257,NULL,0,0,0,0,100,0),
(781930,116,2969.45,7014.37,365.09,NULL,0,0,0,0,100,0),
(781930,117,2972.52,7010.1,365.118,NULL,0,0,0,0,100,0),
(781930,118,2975.3,7006.22,365.277,NULL,0,0,0,0,100,0),
(781930,119,2978.02,7002.44,365.538,NULL,0,0,0,0,100,0),
(781930,120,2979.86,6999.88,365.465,NULL,0,0,0,0,100,0),
(781930,121,2982.59,6996.08,364.24,NULL,0,0,0,0,100,0),
(781930,122,2985.58,6991.92,364.203,NULL,0,0,0,0,100,0),
(781930,123,2987.96,6988.6,364.475,NULL,0,0,0,0,100,0),
(781930,124,2990.28,6984.56,364.811,NULL,0,0,0,0,100,0),
(781930,125,2992.77,6980.2,365.142,NULL,0,0,0,0,100,0),
(781930,126,2995.16,6976.05,365.242,NULL,0,0,0,0,100,0),
(781930,127,2997.77,6971.49,364.958,NULL,0,0,0,0,100,0),
(781930,128,3000.32,6967.04,364.85,NULL,0,0,0,0,100,0),
(781930,129,3002.81,6962.69,365.237,NULL,0,0,0,0,100,0),
(781930,130,3005.19,6958.54,364.946,NULL,0,0,0,0,100,0),
(781930,131,3007.4,6954.69,364.419,NULL,0,0,0,0,100,0),
(781930,132,3009.75,6950.59,364.338,NULL,0,0,0,0,100,0),
(781930,133,3007.11,6945.65,363.907,NULL,0,0,0,0,100,0),
(781930,134,3004.86,6941.43,364.246,NULL,0,0,0,0,100,0),
(781930,135,3002.66,6937.31,365.086,NULL,0,0,0,0,100,0),
(781930,136,3000.02,6932.37,366.338,NULL,0,0,0,0,100,0),
(781930,137,2997.6,6927.84,366.05,NULL,0,0,0,0,100,0),
(781930,138,2995.55,6924.01,365.985,NULL,0,0,0,0,100,0),
(781930,139,2995.81,6920.17,366.257,NULL,0,0,0,0,100,0),
(781930,140,2996.05,6916.68,365.993,NULL,0,0,0,0,100,0),
(781930,141,2996.34,6912.37,364.926,NULL,0,0,0,0,100,0),
(781930,142,2996.67,6907.48,364.69,NULL,0,0,0,0,100,0),
(781930,143,2997.02,6902.36,365.027,NULL,0,0,0,0,100,0),
(781930,144,2997.33,6897.82,364.961,NULL,0,0,0,0,100,0),
(781930,145,2997.55,6894.56,365.813,NULL,0,0,0,0,100,0),
(781930,146,2997.79,6891.07,367.579,NULL,0,0,0,0,100,0),
(781930,147,2998.05,6887.23,369.184,NULL,0,0,0,0,100,0),
(781930,148,2998.3,6883.62,369.491,NULL,0,0,0,0,100,0),
(781930,149,2998.59,6879.29,370.001,NULL,0,0,0,0,100,0),
(781930,150,3000.36,6875.61,370.666,NULL,0,0,0,0,100,0),
(781930,151,3002.53,6871.09,370.81,NULL,0,0,0,0,100,0),
(781930,152,3004.71,6866.56,370.595,NULL,0,0,0,0,100,0),
(781930,153,3006.78,6862.26,370.484,NULL,0,0,0,0,100,0),
(781930,154,3008.6,6858.47,370.303,NULL,0,0,0,0,100,0),
(781930,155,3010.72,6854.05,369.592,NULL,0,0,0,0,100,0),
(781930,156,3013.02,6849.27,369.013,NULL,0,0,0,0,100,0),
(781930,157,3011.32,6844.23,369.376,NULL,0,0,0,0,100,0),
(781930,158,3009.91,6840.02,369.306,NULL,0,0,0,0,100,0),
(781930,159,3007.86,6833.94,370.127,NULL,0,0,0,0,100,0),
(781930,160,3006.29,6829.3,370.427,NULL,0,0,0,0,100,0),
(781930,161,3004.95,6825.32,370.903,NULL,0,0,0,0,100,0),
(781930,162,3003.49,6820.99,372.473,NULL,0,0,0,0,100,0),
(781930,163,3002.35,6817.59,372.093,NULL,0,0,0,0,100,0),
(781930,164,3003.49,6820.99,372.473,NULL,0,0,0,0,100,0),
(781930,165,3004.95,6825.32,370.903,NULL,0,0,0,0,100,0),
(781930,166,3006.29,6829.3,370.427,NULL,0,0,0,0,100,0),
(781930,167,3007.86,6833.94,370.127,NULL,0,0,0,0,100,0),
(781930,168,3009.91,6840.02,369.306,NULL,0,0,0,0,100,0),
(781930,169,3011.32,6844.23,369.376,NULL,0,0,0,0,100,0),
(781930,170,3013.02,6849.27,369.013,NULL,0,0,0,0,100,0),
(781930,171,3010.72,6854.05,369.592,NULL,0,0,0,0,100,0),
(781930,172,3008.6,6858.47,370.303,NULL,0,0,0,0,100,0),
(781930,173,3006.78,6862.26,370.484,NULL,0,0,0,0,100,0),
(781930,174,3004.71,6866.56,370.595,NULL,0,0,0,0,100,0),
(781930,175,3002.53,6871.09,370.81,NULL,0,0,0,0,100,0),
(781930,176,3000.36,6875.61,370.666,NULL,0,0,0,0,100,0),
(781930,177,2998.59,6879.29,370.001,NULL,0,0,0,0,100,0),
(781930,178,2998.3,6883.62,369.491,NULL,0,0,0,0,100,0),
(781930,179,2998.05,6887.23,369.184,NULL,0,0,0,0,100,0),
(781930,180,2997.79,6891.07,367.579,NULL,0,0,0,0,100,0),
(781930,181,2997.55,6894.56,365.813,NULL,0,0,0,0,100,0),
(781930,182,2997.33,6897.82,364.961,NULL,0,0,0,0,100,0),
(781930,183,2997.02,6902.36,365.027,NULL,0,0,0,0,100,0),
(781930,184,2996.67,6907.48,364.69,NULL,0,0,0,0,100,0),
(781930,185,2996.34,6912.37,364.926,NULL,0,0,0,0,100,0),
(781930,186,2996.05,6916.68,365.993,NULL,0,0,0,0,100,0),
(781930,187,2995.81,6920.17,366.257,NULL,0,0,0,0,100,0),
(781930,188,2995.55,6924.01,365.985,NULL,0,0,0,0,100,0),
(781930,189,2997.6,6927.84,366.05,NULL,0,0,0,0,100,0),
(781930,190,3000.02,6932.37,366.338,NULL,0,0,0,0,100,0),
(781930,191,3002.66,6937.31,365.086,NULL,0,0,0,0,100,0),
(781930,192,3004.86,6941.43,364.246,NULL,0,0,0,0,100,0),
(781930,193,3007.11,6945.65,363.907,NULL,0,0,0,0,100,0),
(781930,194,3009.75,6950.59,364.338,NULL,0,0,0,0,100,0),
(781930,195,3007.4,6954.69,364.419,NULL,0,0,0,0,100,0),
(781930,196,3005.19,6958.54,364.946,NULL,0,0,0,0,100,0),
(781930,197,3002.81,6962.69,365.237,NULL,0,0,0,0,100,0),
(781930,198,3000.32,6967.04,364.85,NULL,0,0,0,0,100,0),
(781930,199,2997.77,6971.49,364.958,NULL,0,0,0,0,100,0),
(781930,200,2995.16,6976.05,365.242,NULL,0,0,0,0,100,0),
(781930,201,2992.77,6980.2,365.142,NULL,0,0,0,0,100,0),
(781930,202,2990.28,6984.56,364.811,NULL,0,0,0,0,100,0),
(781930,203,2987.96,6988.6,364.475,NULL,0,0,0,0,100,0),
(781930,204,2985.58,6991.92,364.203,NULL,0,0,0,0,100,0),
(781930,205,2982.59,6996.08,364.24,NULL,0,0,0,0,100,0),
(781930,206,2979.86,6999.88,365.465,NULL,0,0,0,0,100,0),
(781930,207,2978.02,7002.44,365.538,NULL,0,0,0,0,100,0),
(781930,208,2975.3,7006.22,365.277,NULL,0,0,0,0,100,0),
(781930,209,2972.52,7010.1,365.118,NULL,0,0,0,0,100,0),
(781930,210,2969.45,7014.37,365.09,NULL,0,0,0,0,100,0),
(781930,211,2966.53,7018.44,365.257,NULL,0,0,0,0,100,0),
(781930,212,2963.96,7021.54,365.33,NULL,0,0,0,0,100,0),
(781930,213,2960.53,7025.68,364.721,NULL,0,0,0,0,100,0),
(781930,214,2958.07,7028.64,364.177,NULL,0,0,0,0,100,0),
(781930,215,2954.2,7033.31,367.422,NULL,0,0,0,0,100,0),
(781930,216,2949.74,7038.7,367.936,NULL,0,0,0,0,100,0),
(781930,217,2946.16,7043.01,368.176,NULL,0,0,0,0,100,0),
(781930,218,2943.41,7046.33,368.536,NULL,0,0,0,0,100,0),
(781930,219,2940.29,7050.1,369.8,NULL,0,0,0,0,100,0),
(781930,220,2936.49,7054.68,369.768,NULL,0,0,0,0,100,0),
(781930,221,2933.59,7057.69,368.565,NULL,0,0,0,0,100,0),
(781930,222,2929.78,7061.63,365.069,NULL,0,0,0,0,100,0),
(781930,223,2926.22,7065.33,365.629,NULL,0,0,0,0,100,0),
(781930,224,2922.92,7068.74,365.402,NULL,0,0,0,0,100,0),
(781930,225,2920.09,7071.68,365.094,NULL,0,0,0,0,100,0),
(781930,226,2917.1,7074.79,364.776,NULL,0,0,0,0,100,0),
(781930,227,2913.94,7078.06,364.568,NULL,0,0,0,0,100,0),
(781930,228,2910.38,7081.75,364.859,NULL,0,0,0,0,100,0),
(781930,229,2907.06,7085.2,365.273,NULL,0,0,0,0,100,0),
(781930,230,2903.9,7088.47,365.562,NULL,0,0,0,0,100,0),
(781930,231,2902.12,7091.71,365.933,NULL,0,0,0,0,100,0),
(781930,232,2900.16,7095.29,365.945,NULL,0,0,0,0,100,0),
(781930,233,2898.09,7099.07,365.563,NULL,0,0,0,0,100,0),
(781930,234,2895.84,7103.16,365.685,NULL,0,0,0,0,100,0),
(781930,235,2893.03,7108.28,365.995,NULL,0,0,0,0,100,0),
(781930,236,2890.49,7112.91,364.971,NULL,0,0,0,0,100,0),
(781930,237,2888.64,7116.28,364.504,NULL,0,0,0,0,100,0),
(781930,238,2886.28,7120.58,364.732,NULL,0,0,0,0,100,0),
(781930,239,2881.79,7124.27,365.288,NULL,0,0,0,0,100,0),
(781930,240,2876.24,7128.84,365.816,NULL,0,0,0,0,100,0),
(781930,241,2872.63,7131.81,366.006,NULL,0,0,0,0,100,0),
(781930,242,2869.03,7134.78,365.668,NULL,0,0,0,0,100,0),
(781930,243,2864.98,7138.11,365.633,NULL,0,0,0,0,100,0),
(781930,244,2860.65,7141.67,365.706,NULL,0,0,0,0,100,0),
(781930,245,2856.78,7144.86,365.761,NULL,0,0,0,0,100,0),
(781930,246,2853.54,7147.52,365.564,NULL,0,0,0,0,100,0),
(781930,247,2850.75,7149.82,365.305,NULL,0,0,0,0,100,0),
(781930,248,2847.87,7153.42,365.857,NULL,0,0,0,0,100,0),
(781930,249,2845.1,7156.89,366.754,NULL,0,0,0,0,100,0),
(781930,250,2842.41,7160.25,367.099,NULL,0,0,0,0,100,0),
(781930,251,2839.56,7163.81,367.101,NULL,0,0,0,0,100,0),
(781930,252,2837.08,7166.91,366.675,NULL,0,0,0,0,100,0),
(781930,253,2834.61,7170,365.611,NULL,0,0,0,0,100,0),
(781930,254,2831.98,7173.28,365.578,NULL,0,0,0,0,100,0),
(781930,255,2828.99,7177.02,366.164,NULL,0,0,0,0,100,0),
(781930,256,2825.86,7180.94,367.18,NULL,0,0,0,0,100,0),
(781930,257,2822.94,7184.59,367.729,NULL,0,0,0,0,100,0),
(781930,258,2817.5,7185.57,367.042,NULL,0,0,0,0,100,0),
(781930,259,2811.3,7186.7,366.642,NULL,0,0,0,0,100,0),
(781930,260,2806.71,7187.53,366.584,NULL,0,0,0,0,100,0),
(781930,261,2802.24,7188.34,366.162,NULL,0,0,0,0,100,0),
(781930,262,2797.99,7189.11,365.398,NULL,0,0,0,0,100,0),
(781930,263,2794.09,7189.81,365.045,NULL,0,0,0,0,100,0),
(781930,264,2788.92,7190.75,365.572,NULL,0,0,0,0,100,0),
(781930,265,2784.56,7191.54,365.93,NULL,0,0,0,0,100,0),
(781930,266,2780.01,7192.74,365.962,NULL,0,0,0,0,100,0),
(781930,267,2773.92,7194.35,365.846,NULL,0,0,0,0,100,0),
(781930,268,2769.18,7195.6,365.617,NULL,0,0,0,0,100,0),
(781930,269,2764.67,7196.79,365.418,NULL,0,0,0,0,100,0),
(781930,270,2759.83,7198.07,365.647,NULL,0,0,0,0,100,0),
(781930,271,2754.98,7199.35,365.935,NULL,0,0,0,0,100,0),
(781930,272,2750.14,7200.21,366.098,NULL,0,0,0,0,100,0),
(781930,273,2744.85,7201.14,366.083,NULL,0,0,0,0,100,0),
(781930,274,2740.49,7201.91,366.231,NULL,0,0,0,0,100,0),
(781930,275,2736.46,7202.62,366.684,NULL,0,0,0,0,100,0),
(781930,276,2731.86,7203.43,367.31,NULL,0,0,0,0,100,0),
(781930,277,2727.37,7204.23,367.543,NULL,0,0,0,0,100,0),
(781930,278,2723.24,7204.96,367.322,NULL,0,0,0,0,100,0),
(781930,279,2719.21,7205.67,366.93,NULL,0,0,0,0,100,0),
(781930,280,2714.16,7206.56,366.828,NULL,0,0,0,0,100,0),
(781930,281,2709.12,7208.23,367.176,NULL,0,0,0,0,100,0),
(781930,282,2704.03,7209.92,367.118,NULL,0,0,0,0,100,0),
(781930,283,2699.37,7211.46,366.494,NULL,0,0,0,0,100,0),
(781930,284,2694.62,7213.04,365.753,NULL,0,0,0,0,100,0),
(781930,285,2689.75,7214.66,365.446,NULL,0,0,0,0,100,0),
(781930,286,2684.66,7216.35,365.761,NULL,0,0,0,0,100,0),
(781930,287,2680.45,7217.74,365.726,NULL,0,0,0,0,100,0),
(781930,288,2675.62,7219.64,365.295,NULL,0,0,0,0,100,0),
(781930,289,2670.83,7221.51,365.049,NULL,0,0,0,0,100,0),
(781930,290,2666.37,7223.26,365.221,NULL,0,0,0,0,100,0),
(781930,291,2662.36,7224.83,365.192,NULL,0,0,0,0,100,0),
(781930,292,2658.68,7226.26,364.998,NULL,0,0,0,0,100,0),
(781930,293,2654.87,7227.74,364.851,NULL,0,0,0,0,100,0),
(781930,294,2650.31,7229.51,365.025,NULL,0,0,0,0,100,0),
(781930,295,2646.5,7230.99,365.05,NULL,0,0,0,0,100,0),
(781930,296,2642.48,7232.55,364.792,NULL,0,0,0,0,100,0),
(781930,297,2638.57,7234.07,364.489,NULL,0,0,0,0,100,0),
(781930,298,2634.55,7235.63,364.163,NULL,0,0,0,0,100,0),
(781930,299,2630.85,7237.07,364.64,NULL,0,0,0,0,100,0),
(781930,300,2627.26,7238.47,365.49,NULL,0,0,0,0,100,0),
(781930,301,2624.21,7239.65,365.952,NULL,0,0,0,0,100,0),
(781930,302,2620.84,7240.96,365.84,NULL,0,0,0,0,100,0),
(781930,303,2616.88,7240.75,365.384,NULL,0,0,0,0,100,0),
(781930,304,2612.22,7240.51,364.567,NULL,0,0,0,0,100,0),
(781930,305,2607.33,7240.26,364.584,NULL,0,0,0,0,100,0),
(781930,306,2603.13,7240.04,364.892,NULL,0,0,0,0,100,0),
(781930,307,2598.83,7239.82,364.979,NULL,0,0,0,0,100,0),
(781930,308,2594.98,7239.62,364.849,NULL,0,0,0,0,100,0),
(781930,309,2591.02,7239.41,364.735,NULL,0,0,0,0,100,0),
(781930,310,2586.47,7239.18,364.398,NULL,0,0,0,0,100,0),
(781930,311,2582.51,7238.97,364.478,NULL,0,0,0,0,100,0),
(781930,312,2579.16,7238.72,364.636,NULL,0,0,0,0,100,0),
(781930,313,2575.9,7238.48,364.61,NULL,0,0,0,0,100,0),
(781930,314,2572.29,7238.22,365.173,NULL,0,0,0,0,100,0),
(781930,315,2568.46,7237.94,365.944,NULL,0,0,0,0,100,0),
(781930,316,2564.96,7237.68,366.239,NULL,0,0,0,0,100,0),
(781930,317,2561.47,7237.43,365.91,NULL,0,0,0,0,100,0),
(781930,318,2557.99,7237.17,365.025,NULL,0,0,0,0,100,0),
(781930,319,2554.96,7236.95,364.641,NULL,0,0,0,0,100,0),
(781930,320,2551.95,7236.73,365.124,NULL,0,0,0,0,100,0),
(781930,321,2548.59,7235.23,365.621,NULL,0,0,0,0,100,0),
(781930,322,2544.97,7233.62,365.53,NULL,0,0,0,0,100,0),
(781930,323,2540.82,7231.76,364.845,NULL,0,0,0,0,100,0),
(781930,324,2536.44,7229.81,364.593,NULL,0,0,0,0,100,0),

(781910,1,2990.59,7066.01,369.879,NULL,0,0,0,0,100,0),
(781910,2,2989.81,7070.15,369.198,NULL,0,0,0,0,100,0),
(781910,3,2989.29,7072.9,368.736,NULL,0,0,0,0,100,0),
(781910,4,2988.7,7075.99,367.201,NULL,0,0,0,0,100,0),
(781910,5,2988.1,7079.2,364.475,NULL,0,0,0,0,100,0),
(781910,6,2987.45,7082.64,364.054,NULL,0,0,0,0,100,0),
(781910,7,2986.69,7086.65,363.977,NULL,0,0,0,0,100,0),
(781910,8,2985.81,7091.29,364.497,NULL,0,0,0,0,100,0),
(781910,9,2984.01,7095.97,365.103,NULL,0,0,0,0,100,0),
(781910,10,2982.29,7100.44,365.01,NULL,0,0,0,0,100,0),
(781910,11,2980.36,7105.45,364.496,NULL,0,0,0,0,100,0),
(781910,12,2978.73,7109.69,364.799,NULL,0,0,0,0,100,0),
(781910,13,2977.39,7113.18,365.188,NULL,0,0,0,0,100,0),
(781910,14,2975.51,7118.07,364.9,NULL,0,0,0,0,100,0),
(781910,15,2973.73,7122.68,364.464,NULL,0,0,0,0,100,0),
(781910,16,2971.51,7126.91,364.767,NULL,0,0,0,0,100,0),
(781910,17,2969.28,7131.15,365.055,NULL,0,0,0,0,100,0),
(781910,18,2966.83,7135.8,364.799,NULL,0,0,0,0,100,0),
(781910,19,2964.39,7140.44,364.428,NULL,0,0,0,0,100,0),
(781910,20,2962.11,7144.78,364.493,NULL,0,0,0,0,100,0),
(781910,21,2959.89,7149.01,365.086,NULL,0,0,0,0,100,0),
(781910,22,2957.33,7153.87,365.414,NULL,0,0,0,0,100,0),
(781910,23,2955.02,7158.27,365.186,NULL,0,0,0,0,100,0),
(781910,24,2952.01,7161.36,365.243,NULL,0,0,0,0,100,0),
(781910,25,2949.25,7164.2,365.669,NULL,0,0,0,0,100,0),
(781910,26,2946.41,7167.13,366.266,NULL,0,0,0,0,100,0),
(781910,27,2943.48,7170.15,366.575,NULL,0,0,0,0,100,0),
(781910,28,2940.8,7172.91,366.415,NULL,0,0,0,0,100,0),
(781910,29,2937.79,7176,365.676,NULL,0,0,0,0,100,0),
(781910,30,2934.7,7179.18,364.958,NULL,0,0,0,0,100,0),
(781910,31,2932.34,7181.61,365.33,NULL,0,0,0,0,100,0),
(781910,32,2930.23,7183.78,365.83,NULL,0,0,0,0,100,0),
(781910,33,2926.96,7185.58,366.148,NULL,0,0,0,0,100,0),
(781910,34,2924.4,7186.98,366.055,NULL,0,0,0,0,100,0),
(781910,35,2920.62,7189.06,365.013,NULL,0,0,0,0,100,0),
(781910,36,2916.43,7191.37,364.794,NULL,0,0,0,0,100,0),
(781910,37,2912.44,7193.56,365.239,NULL,0,0,0,0,100,0),
(781910,38,2908.25,7195.86,364.967,NULL,0,0,0,0,100,0),
(781910,39,2903.55,7198.45,364.797,NULL,0,0,0,0,100,0),
(781910,40,2899.42,7200.72,365.461,NULL,0,0,0,0,100,0),
(781910,41,2894.88,7202.86,365.826,NULL,0,0,0,0,100,0),
(781910,42,2890.87,7204.74,365.922,NULL,0,0,0,0,100,0),
(781910,43,2886.75,7206.68,365.941,NULL,0,0,0,0,100,0),
(781910,44,2882.74,7208.56,365.726,NULL,0,0,0,0,100,0),
(781910,45,2878.62,7210.5,366.252,NULL,0,0,0,0,100,0),
(781910,46,2875.35,7212.04,366.696,NULL,0,0,0,0,100,0),
(781910,47,2872.08,7213.58,365.722,NULL,0,0,0,0,100,0),
(781910,48,2868.28,7215.36,365.379,NULL,0,0,0,0,100,0),
(781910,49,2863.84,7217.45,365.244,NULL,0,0,0,0,100,0),
(781910,50,2859.09,7219.68,365.201,NULL,0,0,0,0,100,0),
(781910,51,2854.46,7221.86,365.628,NULL,0,0,0,0,100,0),
(781910,52,2850.66,7221.24,365.979,NULL,0,0,0,0,100,0),
(781910,53,2847.67,7220.76,365.897,NULL,0,0,0,0,100,0),
(781910,54,2843.41,7220.07,365.278,NULL,0,0,0,0,100,0),
(781910,55,2839.62,7219.45,365.076,NULL,0,0,0,0,100,0),
(781910,56,2835.59,7218.8,365.643,NULL,0,0,0,0,100,0),
(781910,57,2832.02,7218.22,366.154,NULL,0,0,0,0,100,0),
(781910,58,2828.45,7217.64,366.179,NULL,0,0,0,0,100,0),
(781910,59,2825,7217.08,365.51,NULL,0,0,0,0,100,0),
(781910,60,2821.31,7216.49,365,NULL,0,0,0,0,100,0),
(781910,61,2816.83,7215.76,364.612,NULL,0,0,0,0,100,0),
(781910,62,2812.54,7215.25,364.659,NULL,0,0,0,0,100,0),
(781910,63,2808.25,7214.74,364.991,NULL,0,0,0,0,100,0),
(781910,64,2804.08,7214.24,365.407,NULL,0,0,0,0,100,0),
(781910,65,2800.03,7213.76,365.28,NULL,0,0,0,0,100,0),
(781910,66,2794.82,7213.14,365.329,NULL,0,0,0,0,100,0),
(781910,67,2789.95,7212.57,365.542,NULL,0,0,0,0,100,0),
(781910,68,2785.43,7212.03,365.326,NULL,0,0,0,0,100,0),
(781910,69,2780.8,7211.48,364.843,NULL,0,0,0,0,100,0),
(781910,70,2774.67,7210.75,364.569,NULL,0,0,0,0,100,0),
(781910,71,2769.65,7209.64,365.05,NULL,0,0,0,0,100,0),
(781910,72,2764.76,7208.56,365.696,NULL,0,0,0,0,100,0),
(781910,73,2760.32,7207.57,366.127,NULL,0,0,0,0,100,0),
(781910,74,2754.75,7206.34,366.427,NULL,0,0,0,0,100,0),
(781910,75,2750.29,7205.35,366.352,NULL,0,0,0,0,100,0),
(781910,76,2745.3,7205.78,366.04,NULL,0,0,0,0,100,0),
(781910,77,2740.3,7206.22,366.146,NULL,0,0,0,0,100,0),
(781910,78,2735.42,7206.64,367.008,NULL,0,0,0,0,100,0),
(781910,79,2731.71,7206.97,367.622,NULL,0,0,0,0,100,0),
(781910,80,2727.76,7207.31,367.843,NULL,0,0,0,0,100,0),
(781910,81,2723.81,7207.65,367.594,NULL,0,0,0,0,100,0),
(781910,82,2717.75,7208.18,366.89,NULL,0,0,0,0,100,0),
(781910,83,2714.2,7209.67,366.893,NULL,0,0,0,0,100,0),
(781910,84,2710.32,7211.28,367.241,NULL,0,0,0,0,100,0),
(781910,85,2706.12,7213.04,367.353,NULL,0,0,0,0,100,0),
(781910,86,2702.46,7214.57,367.027,NULL,0,0,0,0,100,0),
(781910,87,2698.7,7216.14,366.392,NULL,0,0,0,0,100,0),
(781910,88,2695.15,7217.63,365.747,NULL,0,0,0,0,100,0),
(781910,89,2690.84,7219.43,365.414,NULL,0,0,0,0,100,0),
(781910,90,2686.22,7221.36,365.512,NULL,0,0,0,0,100,0),
(781910,91,2682.9,7224.11,365.468,NULL,0,0,0,0,100,0),
(781910,92,2678.95,7227.39,365.233,NULL,0,0,0,0,100,0),
(781910,93,2674.56,7231.04,365.012,NULL,0,0,0,0,100,0),
(781910,94,2670.88,7234.09,365.122,NULL,0,0,0,0,100,0),
(781910,95,2667.11,7237.22,365.63,NULL,0,0,0,0,100,0),
(781910,96,2662.89,7240.72,365.728,NULL,0,0,0,0,100,0),
(781910,97,2658.13,7244.67,364.87,NULL,0,0,0,0,100,0),
(781910,98,2654.14,7247.98,364.296,NULL,0,0,0,0,100,0),
(781910,99,2651.44,7252.48,364.137,NULL,0,0,0,0,100,0),
(781910,100,2648.86,7256.78,364.311,NULL,0,0,0,0,100,0),
(781910,101,2646.11,7261.38,364.65,NULL,0,0,0,0,100,0),
(781910,102,2643.64,7265.49,365.114,NULL,0,0,0,0,100,0),
(781910,103,2641.12,7269.69,365.565,NULL,0,0,0,0,100,0),
(781910,104,2638.51,7274.05,365.828,NULL,0,0,0,0,100,0),
(781910,105,2633.91,7275.75,365.406,NULL,0,0,0,0,100,0),
(781910,106,2629.43,7277.4,364.837,NULL,0,0,0,0,100,0),
(781910,107,2624.72,7279.14,364.678,NULL,0,0,0,0,100,0),
(781910,108,2619.79,7280.96,365.465,NULL,0,0,0,0,100,0),
(781910,109,2615.73,7282.46,366.07,NULL,0,0,0,0,100,0),
(781910,110,2611.76,7281.51,366.415,NULL,0,0,0,0,100,0),
(781910,111,2607.56,7280.51,366.653,NULL,0,0,0,0,100,0),
(781910,112,2603.14,7279.45,366.534,NULL,0,0,0,0,100,0),
(781910,113,2597.57,7278.12,365.668,NULL,0,0,0,0,100,0),
(781910,114,2592.19,7276.83,364.553,NULL,0,0,0,0,100,0),
(781910,115,2588.57,7273.88,364.568,NULL,0,0,0,0,100,0),
(781910,116,2585.13,7271.09,364.911,NULL,0,0,0,0,100,0),
(781910,117,2581.69,7268.29,365.026,NULL,0,0,0,0,100,0),
(781910,118,2577.98,7265.27,364.838,NULL,0,0,0,0,100,0),
(781910,119,2573.99,7262.03,364.534,NULL,0,0,0,0,100,0),
(781910,120,2571.19,7259.75,365.001,NULL,0,0,0,0,100,0),
(781910,121,2567.85,7257.03,366.095,NULL,0,0,0,0,100,0),
(781910,122,2564.68,7254.46,366.069,NULL,0,0,0,0,100,0),
(781910,123,2561.65,7251.99,365.37,NULL,0,0,0,0,100,0),
(781910,124,2559.21,7248.57,364.266,NULL,0,0,0,0,100,0),
(781910,125,2556.5,7244.78,363.953,NULL,0,0,0,0,100,0),
(781910,126,2553.93,7241.17,364.431,NULL,0,0,0,0,100,0),
(781910,127,2551.15,7237.28,365.394,NULL,0,0,0,0,100,0),
(781910,128,2548.91,7234.15,365.392,NULL,0,0,0,0,100,0),
(781910,129,2546.61,7230.92,364.671,NULL,0,0,0,0,100,0),
(781910,130,2543.7,7226.84,363.959,NULL,0,0,0,0,100,0),
(781910,131,2540.06,7221.74,364.263,NULL,0,0,0,0,100,0),
(781910,132,2538.2,7217.21,364.415,NULL,0,0,0,0,100,0),
(781910,133,2536.29,7212.56,364.306,NULL,0,0,0,0,100,0),
(781910,134,2534.57,7208.36,364.619,NULL,0,0,0,0,100,0),
(781910,135,2532.71,7203.82,364.956,NULL,0,0,0,0,100,0),
(781910,136,2531.02,7199.72,364.533,NULL,0,0,0,0,100,0),
(781910,137,2529.25,7195.4,364.55,NULL,0,0,0,0,100,0),
(781910,138,2527.52,7191.19,365.365,NULL,0,0,0,0,100,0),
(781910,139,2526.06,7187.63,366.043,NULL,0,0,0,0,100,0),
(781910,140,2524.96,7184.93,366.272,NULL,0,0,0,0,100,0),
(781910,141,2523.99,7182.58,366.019,NULL,0,0,0,0,100,0),
(781910,142,2523.59,7178.63,365.133,NULL,0,0,0,0,100,0),
(781910,143,2523.22,7174.92,364.134,NULL,0,0,0,0,100,0),
(781910,144,2522.83,7171.08,364.29,NULL,0,0,0,0,100,0),
(781910,145,2522.37,7166.56,364.429,NULL,0,0,0,0,100,0),
(781910,146,2521.93,7162.15,364.744,NULL,0,0,0,0,100,0),
(781910,147,2521.52,7158.09,365.565,NULL,0,0,0,0,100,0),
(781910,148,2521.09,7153.86,366.36,NULL,0,0,0,0,100,0),
(781910,149,2519.14,7150.68,366.375,NULL,0,0,0,0,100,0),
(781910,150,2516.89,7146.99,365.828,NULL,0,0,0,0,100,0),
(781910,151,2514.45,7143.01,364.934,NULL,0,0,0,0,100,0),
(781910,152,2512.2,7139.33,364.654,NULL,0,0,0,0,100,0),
(781910,153,2509.71,7135.25,364.63,NULL,0,0,0,0,100,0),
(781910,154,2507.21,7131.18,364.268,NULL,0,0,0,0,100,0),
(781910,155,2504.53,7126.79,364.087,NULL,0,0,0,0,100,0),
(781910,156,2501.97,7122.61,364.368,NULL,0,0,0,0,100,0),
(781910,157,2499.52,7118.61,364.553,NULL,0,0,0,0,100,0),
(781910,158,2495.64,7116.02,364.502,NULL,0,0,0,0,100,0),
(781910,159,2491.37,7113.17,364.5,NULL,0,0,0,0,100,0),
(781910,160,2487.2,7110.38,365.039,NULL,0,0,0,0,100,0),
(781910,161,2483.41,7107.85,365.683,NULL,0,0,0,0,100,0),
(781910,162,2479.54,7105.26,365.936,NULL,0,0,0,0,100,0),
(781910,163,2474.98,7102.22,366.278,NULL,0,0,0,0,100,0),
(781910,164,2471.22,7099.71,366.427,NULL,0,0,0,0,100,0),
(781910,165,2466.8,7099.43,365.503,NULL,0,0,0,0,100,0),
(781910,166,2462.84,7099.18,364.826,NULL,0,0,0,0,100,0),
(781910,167,2458.65,7098.92,365.169,NULL,0,0,0,0,100,0),
(781910,168,2453.87,7098.62,365.842,NULL,0,0,0,0,100,0),
(781910,169,2450.03,7098.38,366.471,NULL,0,0,0,0,100,0),
(781910,170,2445.42,7098.09,366.736,NULL,0,0,0,0,100,0),
(781910,171,2440.28,7097.77,365.641,NULL,0,0,0,0,100,0),
(781910,172,2436.25,7098.97,365.425,NULL,0,0,0,0,100,0),
(781910,173,2431.78,7100.29,365.937,NULL,0,0,0,0,100,0),
(781910,174,2427.98,7101.42,366.211,NULL,0,0,0,0,100,0),
(781910,175,2423.73,7102.68,365.618,NULL,0,0,0,0,100,0),
(781910,176,2419.37,7103.98,364.907,NULL,0,0,0,0,100,0),
(781910,177,2414.68,7105.37,364.879,NULL,0,0,0,0,100,0),
(781910,178,2409.53,7106.9,365.029,NULL,0,0,0,0,100,0),
(781910,179,2405.18,7108.19,365.274,NULL,0,0,0,0,100,0),
(781910,180,2402.22,7109.58,365.894,NULL,0,0,0,0,100,0),
(781910,181,2398.84,7111.17,366.806,NULL,0,0,0,0,100,0),
(781910,182,2395.25,7112.85,367.311,NULL,0,0,0,0,100,0),
(781910,183,2391.87,7114.44,366.909,NULL,0,0,0,0,100,0),
(781910,184,2388.6,7115.97,365.953,NULL,0,0,0,0,100,0),
(781910,185,2385.22,7117.56,364.987,NULL,0,0,0,0,100,0),
(781910,186,2381.52,7119.29,364.958,NULL,0,0,0,0,100,0),
(781910,187,2377.44,7121.21,365.638,NULL,0,0,0,0,100,0),
(781910,188,2373.24,7121.03,365.648,NULL,0,0,0,0,100,0),
(781910,189,2368.82,7120.84,365.594,NULL,0,0,0,0,100,0),
(781910,190,2364.27,7120.65,365.779,NULL,0,0,0,0,100,0),
(781910,191,2360.89,7120.51,365.747,NULL,0,0,0,0,100,0),
(781910,192,2355.87,7120.29,365.013,NULL,0,0,0,0,100,0),
(781910,193,2350.74,7120.08,364.285,NULL,0,0,0,0,100,0),
(781910,194,2346.78,7119.91,364.896,NULL,0,0,0,0,100,0),
(781910,195,2341.88,7119.7,366.278,NULL,0,0,0,0,100,0),
(781910,196,2338.09,7119.54,366.781,NULL,0,0,0,0,100,0),
(781910,197,2334.01,7119.36,366.841,NULL,0,0,0,0,100,0),
(781910,198,2329.34,7119.16,366.728,NULL,0,0,0,0,100,0),
(781910,199,2324.56,7118.95,366.911,NULL,0,0,0,0,100,0),
(781910,200,2320.36,7118.77,367.314,NULL,0,0,0,0,100,0),
(781910,201,2315.47,7118.55,367.702,NULL,0,0,0,0,100,0),
(781910,202,2311.03,7118.36,367.766,NULL,0,0,0,0,100,0),
(781910,203,2306.84,7118.18,367.563,NULL,0,0,0,0,100,0),
(781910,204,2303.73,7118.04,367.289,NULL,0,0,0,0,100,0),
(781910,205,2298.85,7118.43,366.752,NULL,0,0,0,0,100,0),
(781910,206,2293.62,7118.85,366.345,NULL,0,0,0,0,100,0),
(781910,207,2288.73,7119.24,366.123,NULL,0,0,0,0,100,0),
(781910,208,2283.97,7119.62,365.839,NULL,0,0,0,0,100,0),
(781910,209,2279.2,7120,365.29,NULL,0,0,0,0,100,0),
(781910,210,2274.21,7120.4,365.007,NULL,0,0,0,0,100,0),
(781910,211,2269.67,7120.76,365.345,NULL,0,0,0,0,100,0),
(781910,212,2265.14,7121.12,365.816,NULL,0,0,0,0,100,0),
(781910,213,2261.18,7121.44,366.03,NULL,0,0,0,0,100,0),
(781910,214,2257.89,7121.7,365.891,NULL,0,0,0,0,100,0),
(781910,215,2261.18,7121.44,366.03,NULL,0,0,0,0,100,0),
(781910,216,2265.14,7121.12,365.816,NULL,0,0,0,0,100,0),
(781910,217,2269.67,7120.76,365.345,NULL,0,0,0,0,100,0),
(781910,218,2274.21,7120.4,365.007,NULL,0,0,0,0,100,0),
(781910,219,2279.2,7120,365.29,NULL,0,0,0,0,100,0),
(781910,220,2283.97,7119.62,365.839,NULL,0,0,0,0,100,0),
(781910,221,2288.73,7119.24,366.123,NULL,0,0,0,0,100,0),
(781910,222,2293.62,7118.85,366.345,NULL,0,0,0,0,100,0),
(781910,223,2298.85,7118.43,366.752,NULL,0,0,0,0,100,0),
(781910,224,2303.73,7118.04,367.289,NULL,0,0,0,0,100,0),
(781910,225,2306.84,7118.18,367.563,NULL,0,0,0,0,100,0),
(781910,226,2311.03,7118.36,367.766,NULL,0,0,0,0,100,0),
(781910,227,2315.47,7118.55,367.702,NULL,0,0,0,0,100,0),
(781910,228,2320.36,7118.77,367.314,NULL,0,0,0,0,100,0),
(781910,229,2324.56,7118.95,366.911,NULL,0,0,0,0,100,0),
(781910,230,2329.34,7119.16,366.728,NULL,0,0,0,0,100,0),
(781910,231,2334.01,7119.36,366.841,NULL,0,0,0,0,100,0),
(781910,232,2338.09,7119.54,366.781,NULL,0,0,0,0,100,0),
(781910,233,2341.88,7119.7,366.278,NULL,0,0,0,0,100,0),
(781910,234,2346.78,7119.91,364.896,NULL,0,0,0,0,100,0),
(781910,235,2350.74,7120.08,364.285,NULL,0,0,0,0,100,0),
(781910,236,2355.87,7120.29,365.013,NULL,0,0,0,0,100,0),
(781910,237,2360.89,7120.51,365.747,NULL,0,0,0,0,100,0),
(781910,238,2364.27,7120.65,365.779,NULL,0,0,0,0,100,0),
(781910,239,2368.82,7120.84,365.594,NULL,0,0,0,0,100,0),
(781910,240,2373.24,7121.03,365.648,NULL,0,0,0,0,100,0),
(781910,241,2377.44,7121.21,365.638,NULL,0,0,0,0,100,0),
(781910,242,2381.52,7119.29,364.958,NULL,0,0,0,0,100,0),
(781910,243,2385.22,7117.56,364.987,NULL,0,0,0,0,100,0),
(781910,244,2388.6,7115.97,365.953,NULL,0,0,0,0,100,0),
(781910,245,2391.87,7114.44,366.909,NULL,0,0,0,0,100,0),
(781910,246,2395.25,7112.85,367.311,NULL,0,0,0,0,100,0),
(781910,247,2398.84,7111.17,366.806,NULL,0,0,0,0,100,0),
(781910,248,2402.22,7109.58,365.894,NULL,0,0,0,0,100,0),
(781910,249,2405.18,7108.19,365.274,NULL,0,0,0,0,100,0),
(781910,250,2409.53,7106.9,365.029,NULL,0,0,0,0,100,0),
(781910,251,2414.68,7105.37,364.879,NULL,0,0,0,0,100,0),
(781910,252,2419.37,7103.98,364.907,NULL,0,0,0,0,100,0),
(781910,253,2423.73,7102.68,365.618,NULL,0,0,0,0,100,0),
(781910,254,2427.98,7101.42,366.211,NULL,0,0,0,0,100,0),
(781910,255,2431.78,7100.29,365.937,NULL,0,0,0,0,100,0),
(781910,256,2436.25,7098.97,365.425,NULL,0,0,0,0,100,0),
(781910,257,2440.28,7097.77,365.641,NULL,0,0,0,0,100,0),
(781910,258,2445.42,7098.09,366.736,NULL,0,0,0,0,100,0),
(781910,259,2450.03,7098.38,366.471,NULL,0,0,0,0,100,0),
(781910,260,2453.87,7098.62,365.842,NULL,0,0,0,0,100,0),
(781910,261,2458.65,7098.92,365.169,NULL,0,0,0,0,100,0),
(781910,262,2462.84,7099.18,364.826,NULL,0,0,0,0,100,0),
(781910,263,2466.8,7099.43,365.503,NULL,0,0,0,0,100,0),
(781910,264,2471.22,7099.71,366.427,NULL,0,0,0,0,100,0),
(781910,265,2474.98,7102.22,366.278,NULL,0,0,0,0,100,0),
(781910,266,2479.54,7105.26,365.936,NULL,0,0,0,0,100,0),
(781910,267,2483.41,7107.85,365.683,NULL,0,0,0,0,100,0),
(781910,268,2487.2,7110.38,365.039,NULL,0,0,0,0,100,0),
(781910,269,2491.37,7113.17,364.5,NULL,0,0,0,0,100,0),
(781910,270,2495.64,7116.02,364.502,NULL,0,0,0,0,100,0),
(781910,271,2499.52,7118.61,364.553,NULL,0,0,0,0,100,0),
(781910,272,2501.97,7122.61,364.368,NULL,0,0,0,0,100,0),
(781910,273,2504.53,7126.79,364.087,NULL,0,0,0,0,100,0),
(781910,274,2507.21,7131.18,364.268,NULL,0,0,0,0,100,0),
(781910,275,2509.71,7135.25,364.63,NULL,0,0,0,0,100,0),
(781910,276,2512.2,7139.33,364.654,NULL,0,0,0,0,100,0),
(781910,277,2514.45,7143.01,364.934,NULL,0,0,0,0,100,0),
(781910,278,2516.89,7146.99,365.828,NULL,0,0,0,0,100,0),
(781910,279,2519.14,7150.68,366.375,NULL,0,0,0,0,100,0),
(781910,280,2521.09,7153.86,366.36,NULL,0,0,0,0,100,0),
(781910,281,2521.52,7158.09,365.565,NULL,0,0,0,0,100,0),
(781910,282,2521.93,7162.15,364.744,NULL,0,0,0,0,100,0),
(781910,283,2522.37,7166.56,364.429,NULL,0,0,0,0,100,0),
(781910,284,2522.83,7171.08,364.29,NULL,0,0,0,0,100,0),
(781910,285,2523.22,7174.92,364.134,NULL,0,0,0,0,100,0),
(781910,286,2523.59,7178.63,365.133,NULL,0,0,0,0,100,0),
(781910,287,2523.99,7182.58,366.019,NULL,0,0,0,0,100,0),
(781910,288,2524.96,7184.93,366.272,NULL,0,0,0,0,100,0),
(781910,289,2526.06,7187.63,366.043,NULL,0,0,0,0,100,0),
(781910,290,2527.52,7191.19,365.365,NULL,0,0,0,0,100,0),
(781910,291,2529.25,7195.4,364.55,NULL,0,0,0,0,100,0),
(781910,292,2531.02,7199.72,364.533,NULL,0,0,0,0,100,0),
(781910,293,2532.71,7203.82,364.956,NULL,0,0,0,0,100,0),
(781910,294,2534.57,7208.36,364.619,NULL,0,0,0,0,100,0),
(781910,295,2536.29,7212.56,364.306,NULL,0,0,0,0,100,0),
(781910,296,2538.2,7217.21,364.415,NULL,0,0,0,0,100,0),
(781910,297,2540.06,7221.74,364.263,NULL,0,0,0,0,100,0),
(781910,298,2543.7,7226.84,363.959,NULL,0,0,0,0,100,0),
(781910,299,2546.61,7230.92,364.671,NULL,0,0,0,0,100,0),
(781910,300,2548.91,7234.15,365.392,NULL,0,0,0,0,100,0),
(781910,301,2551.15,7237.28,365.394,NULL,0,0,0,0,100,0),
(781910,302,2553.93,7241.17,364.431,NULL,0,0,0,0,100,0),
(781910,303,2556.5,7244.78,363.953,NULL,0,0,0,0,100,0),
(781910,304,2559.21,7248.57,364.266,NULL,0,0,0,0,100,0),
(781910,305,2561.65,7251.99,365.37,NULL,0,0,0,0,100,0),
(781910,306,2564.68,7254.46,366.069,NULL,0,0,0,0,100,0),
(781910,307,2567.85,7257.03,366.095,NULL,0,0,0,0,100,0),
(781910,308,2571.19,7259.75,365.001,NULL,0,0,0,0,100,0),
(781910,309,2573.99,7262.03,364.534,NULL,0,0,0,0,100,0),
(781910,310,2577.98,7265.27,364.838,NULL,0,0,0,0,100,0),
(781910,311,2581.69,7268.29,365.026,NULL,0,0,0,0,100,0),
(781910,312,2585.13,7271.09,364.911,NULL,0,0,0,0,100,0),
(781910,313,2588.57,7273.88,364.568,NULL,0,0,0,0,100,0),
(781910,314,2592.19,7276.83,364.553,NULL,0,0,0,0,100,0),
(781910,315,2597.57,7278.12,365.668,NULL,0,0,0,0,100,0),
(781910,316,2603.14,7279.45,366.534,NULL,0,0,0,0,100,0),
(781910,317,2607.56,7280.51,366.653,NULL,0,0,0,0,100,0),
(781910,318,2611.76,7281.51,366.415,NULL,0,0,0,0,100,0),
(781910,319,2615.73,7282.46,366.07,NULL,0,0,0,0,100,0),
(781910,320,2619.79,7280.96,365.465,NULL,0,0,0,0,100,0),
(781910,321,2624.72,7279.14,364.678,NULL,0,0,0,0,100,0),
(781910,322,2629.43,7277.4,364.837,NULL,0,0,0,0,100,0),
(781910,323,2633.91,7275.75,365.406,NULL,0,0,0,0,100,0),
(781910,324,2638.51,7274.05,365.828,NULL,0,0,0,0,100,0),
(781910,325,2641.12,7269.69,365.565,NULL,0,0,0,0,100,0),
(781910,326,2643.64,7265.49,365.114,NULL,0,0,0,0,100,0),
(781910,327,2646.11,7261.38,364.65,NULL,0,0,0,0,100,0),
(781910,328,2648.86,7256.78,364.311,NULL,0,0,0,0,100,0),
(781910,329,2651.44,7252.48,364.137,NULL,0,0,0,0,100,0),
(781910,330,2654.14,7247.98,364.296,NULL,0,0,0,0,100,0),
(781910,331,2658.13,7244.67,364.87,NULL,0,0,0,0,100,0),
(781910,332,2662.89,7240.72,365.728,NULL,0,0,0,0,100,0),
(781910,333,2667.11,7237.22,365.63,NULL,0,0,0,0,100,0),
(781910,334,2670.88,7234.09,365.122,NULL,0,0,0,0,100,0),
(781910,335,2674.56,7231.04,365.012,NULL,0,0,0,0,100,0),
(781910,336,2678.95,7227.39,365.233,NULL,0,0,0,0,100,0),
(781910,337,2682.9,7224.11,365.468,NULL,0,0,0,0,100,0),
(781910,338,2686.22,7221.36,365.512,NULL,0,0,0,0,100,0),
(781910,339,2690.84,7219.43,365.414,NULL,0,0,0,0,100,0),
(781910,340,2695.15,7217.63,365.747,NULL,0,0,0,0,100,0),
(781910,341,2698.7,7216.14,366.392,NULL,0,0,0,0,100,0),
(781910,342,2702.46,7214.57,367.027,NULL,0,0,0,0,100,0),
(781910,343,2706.12,7213.04,367.353,NULL,0,0,0,0,100,0),
(781910,344,2710.32,7211.28,367.241,NULL,0,0,0,0,100,0),
(781910,345,2714.2,7209.67,366.893,NULL,0,0,0,0,100,0),
(781910,346,2717.75,7208.18,366.89,NULL,0,0,0,0,100,0),
(781910,347,2723.81,7207.65,367.594,NULL,0,0,0,0,100,0),
(781910,348,2727.76,7207.31,367.843,NULL,0,0,0,0,100,0),
(781910,349,2731.71,7206.97,367.622,NULL,0,0,0,0,100,0),
(781910,350,2735.42,7206.64,367.008,NULL,0,0,0,0,100,0),
(781910,351,2740.3,7206.22,366.146,NULL,0,0,0,0,100,0),
(781910,352,2745.3,7205.78,366.04,NULL,0,0,0,0,100,0),
(781910,353,2750.29,7205.35,366.352,NULL,0,0,0,0,100,0),
(781910,354,2754.75,7206.34,366.427,NULL,0,0,0,0,100,0),
(781910,355,2760.32,7207.57,366.127,NULL,0,0,0,0,100,0),
(781910,356,2764.76,7208.56,365.696,NULL,0,0,0,0,100,0),
(781910,357,2769.65,7209.64,365.05,NULL,0,0,0,0,100,0),
(781910,358,2774.67,7210.75,364.569,NULL,0,0,0,0,100,0),
(781910,359,2780.8,7211.48,364.843,NULL,0,0,0,0,100,0),
(781910,360,2785.43,7212.03,365.326,NULL,0,0,0,0,100,0),
(781910,361,2789.95,7212.57,365.542,NULL,0,0,0,0,100,0),
(781910,362,2794.82,7213.14,365.329,NULL,0,0,0,0,100,0),
(781910,363,2800.03,7213.76,365.28,NULL,0,0,0,0,100,0),
(781910,364,2804.08,7214.24,365.407,NULL,0,0,0,0,100,0),
(781910,365,2808.25,7214.74,364.991,NULL,0,0,0,0,100,0),
(781910,366,2812.54,7215.25,364.659,NULL,0,0,0,0,100,0),
(781910,367,2816.83,7215.76,364.612,NULL,0,0,0,0,100,0),
(781910,368,2821.31,7216.49,365,NULL,0,0,0,0,100,0),
(781910,369,2825,7217.08,365.51,NULL,0,0,0,0,100,0),
(781910,370,2828.45,7217.64,366.179,NULL,0,0,0,0,100,0),
(781910,371,2832.02,7218.22,366.154,NULL,0,0,0,0,100,0),
(781910,372,2835.59,7218.8,365.643,NULL,0,0,0,0,100,0),
(781910,373,2839.62,7219.45,365.076,NULL,0,0,0,0,100,0),
(781910,374,2843.41,7220.07,365.278,NULL,0,0,0,0,100,0),
(781910,375,2847.67,7220.76,365.897,NULL,0,0,0,0,100,0),
(781910,376,2850.66,7221.24,365.979,NULL,0,0,0,0,100,0),
(781910,377,2854.46,7221.86,365.628,NULL,0,0,0,0,100,0),
(781910,378,2859.09,7219.68,365.201,NULL,0,0,0,0,100,0),
(781910,379,2863.84,7217.45,365.244,NULL,0,0,0,0,100,0),
(781910,380,2868.28,7215.36,365.379,NULL,0,0,0,0,100,0),
(781910,381,2872.08,7213.58,365.722,NULL,0,0,0,0,100,0),
(781910,382,2875.35,7212.04,366.696,NULL,0,0,0,0,100,0),
(781910,383,2878.62,7210.5,366.252,NULL,0,0,0,0,100,0),
(781910,384,2882.74,7208.56,365.726,NULL,0,0,0,0,100,0),
(781910,385,2886.75,7206.68,365.941,NULL,0,0,0,0,100,0),
(781910,386,2890.87,7204.74,365.922,NULL,0,0,0,0,100,0),
(781910,387,2894.88,7202.86,365.826,NULL,0,0,0,0,100,0),
(781910,388,2899.42,7200.72,365.461,NULL,0,0,0,0,100,0),
(781910,389,2903.55,7198.45,364.797,NULL,0,0,0,0,100,0),
(781910,390,2908.25,7195.86,364.967,NULL,0,0,0,0,100,0),
(781910,391,2912.44,7193.56,365.239,NULL,0,0,0,0,100,0),
(781910,392,2916.43,7191.37,364.794,NULL,0,0,0,0,100,0),
(781910,393,2920.62,7189.06,365.013,NULL,0,0,0,0,100,0),
(781910,394,2924.4,7186.98,366.055,NULL,0,0,0,0,100,0),
(781910,395,2926.96,7185.58,366.148,NULL,0,0,0,0,100,0),
(781910,396,2930.23,7183.78,365.83,NULL,0,0,0,0,100,0),
(781910,397,2932.34,7181.61,365.33,NULL,0,0,0,0,100,0),
(781910,398,2934.7,7179.18,364.958,NULL,0,0,0,0,100,0),
(781910,399,2937.79,7176,365.676,NULL,0,0,0,0,100,0),
(781910,400,2940.8,7172.91,366.415,NULL,0,0,0,0,100,0),
(781910,401,2943.48,7170.15,366.575,NULL,0,0,0,0,100,0),
(781910,402,2946.41,7167.13,366.266,NULL,0,0,0,0,100,0),
(781910,403,2949.25,7164.2,365.669,NULL,0,0,0,0,100,0),
(781910,404,2952.01,7161.36,365.243,NULL,0,0,0,0,100,0),
(781910,405,2955.02,7158.27,365.186,NULL,0,0,0,0,100,0),
(781910,406,2957.33,7153.87,365.414,NULL,0,0,0,0,100,0),
(781910,407,2959.89,7149.01,365.086,NULL,0,0,0,0,100,0),
(781910,408,2962.11,7144.78,364.493,NULL,0,0,0,0,100,0),
(781910,409,2964.39,7140.44,364.428,NULL,0,0,0,0,100,0),
(781910,410,2966.83,7135.8,364.799,NULL,0,0,0,0,100,0),
(781910,411,2969.28,7131.15,365.055,NULL,0,0,0,0,100,0),
(781910,412,2971.51,7126.91,364.767,NULL,0,0,0,0,100,0),
(781910,413,2973.73,7122.68,364.464,NULL,0,0,0,0,100,0),
(781910,414,2975.51,7118.07,364.9,NULL,0,0,0,0,100,0),
(781910,415,2977.39,7113.18,365.188,NULL,0,0,0,0,100,0),
(781910,416,2978.73,7109.69,364.799,NULL,0,0,0,0,100,0),
(781910,417,2980.36,7105.45,364.496,NULL,0,0,0,0,100,0),
(781910,418,2982.29,7100.44,365.01,NULL,0,0,0,0,100,0),
(781910,419,2984.01,7095.97,365.103,NULL,0,0,0,0,100,0),
(781910,420,2985.81,7091.29,364.497,NULL,0,0,0,0,100,0),
(781910,421,2986.69,7086.65,363.977,NULL,0,0,0,0,100,0),
(781910,422,2987.45,7082.64,364.054,NULL,0,0,0,0,100,0),
(781910,423,2988.1,7079.2,364.475,NULL,0,0,0,0,100,0),
(781910,424,2988.7,7075.99,367.201,NULL,0,0,0,0,100,0),
(781910,425,2989.29,7072.9,368.736,NULL,0,0,0,0,100,0),
(781910,426,2989.81,7070.15,369.198,NULL,0,0,0,0,100,0),

(781890,1,2985.46,6809.22,369.858,NULL,0,0,0,0,100,0),
(781890,2,2982,6812.52,370.009,NULL,0,0,0,0,100,0),
(781890,3,2977.85,6816.46,369.642,NULL,0,0,0,0,100,0),
(781890,4,2973.87,6820.24,369.49,NULL,0,0,0,0,100,0),
(781890,5,2970.04,6823.89,369.862,NULL,0,0,0,0,100,0),
(781890,6,2966.41,6827.34,369.694,NULL,0,0,0,0,100,0),
(781890,7,2963.15,6830.44,369.203,NULL,0,0,0,0,100,0),
(781890,8,2960.8,6836.16,369.522,NULL,0,0,0,0,100,0),
(781890,9,2958.59,6841.55,370.195,NULL,0,0,0,0,100,0),
(781890,10,2957.04,6845.33,370.408,NULL,0,0,0,0,100,0),
(781890,11,2955.53,6849.01,370.414,NULL,0,0,0,0,100,0),
(781890,12,2953.96,6852.83,369.987,NULL,0,0,0,0,100,0),
(781890,13,2950.39,6854.82,369.615,NULL,0,0,0,0,100,0),
(781890,14,2946.42,6857.04,367.676,NULL,0,0,0,0,100,0),
(781890,15,2943.77,6858.52,366.681,NULL,0,0,0,0,100,0),
(781890,16,2941.32,6859.89,365.288,NULL,0,0,0,0,100,0),
(781890,17,2937.27,6862.15,365.145,NULL,0,0,0,0,100,0),
(781890,18,2933.4,6864.31,364.794,NULL,0,0,0,0,100,0),
(781890,19,2929.52,6866.48,364.338,NULL,0,0,0,0,100,0),
(781890,20,2928.58,6870.53,364.219,NULL,0,0,0,0,100,0),
(781890,21,2927.78,6873.93,364.674,NULL,0,0,0,0,100,0),
(781890,22,2926.96,6877.46,365.064,NULL,0,0,0,0,100,0),
(781890,23,2926.19,6880.75,364.722,NULL,0,0,0,0,100,0),
(781890,24,2925.29,6884.61,363.948,NULL,0,0,0,0,100,0),
(781890,25,2924.1,6889.72,363.659,NULL,0,0,0,0,100,0),
(781890,26,2922.78,6895.4,363.857,NULL,0,0,0,0,100,0),
(781890,27,2920.8,6901.26,363.853,NULL,0,0,0,0,100,0),
(781890,28,2918.97,6906.67,363.981,NULL,0,0,0,0,100,0),
(781890,29,2917.11,6912.2,364.494,NULL,0,0,0,0,100,0),
(781890,30,2915.77,6916.18,364.579,NULL,0,0,0,0,100,0),
(781890,31,2913.82,6921.93,364.497,NULL,0,0,0,0,100,0),
(781890,32,2912.14,6926.93,364.63,NULL,0,0,0,0,100,0),
(781890,33,2909.8,6933.85,364.596,NULL,0,0,0,0,100,0),
(781890,34,2909.69,6939.57,364.527,NULL,0,0,0,0,100,0),
(781890,35,2909.57,6945.75,364.33,NULL,0,0,0,0,100,0),
(781890,36,2909.49,6949.95,364.71,NULL,0,0,0,0,100,0),
(781890,37,2909.42,6953.91,365.926,NULL,0,0,0,0,100,0),
(781890,38,2909.35,6957.65,366.546,NULL,0,0,0,0,100,0),
(781890,39,2909.27,6961.73,366.645,NULL,0,0,0,0,100,0),
(781890,40,2909.18,6966.32,366.169,NULL,0,0,0,0,100,0),
(781890,41,2906.83,6970.08,365.15,NULL,0,0,0,0,100,0),
(781890,42,2904.48,6973.83,364.382,NULL,0,0,0,0,100,0),
(781890,43,2902.31,6977.29,364.722,NULL,0,0,0,0,100,0),
(781890,44,2899.9,6981.14,365.192,NULL,0,0,0,0,100,0),
(781890,45,2897.67,6984.7,365.27,NULL,0,0,0,0,100,0),
(781890,46,2895.38,6988.36,365.181,NULL,0,0,0,0,100,0),
(781890,47,2893.15,6991.92,364.874,NULL,0,0,0,0,100,0),
(781890,48,2890.74,6995.78,364.957,NULL,0,0,0,0,100,0),
(781890,49,2889.66,6999.47,365.284,NULL,0,0,0,0,100,0),
(781890,50,2888.48,7003.5,365.213,NULL,0,0,0,0,100,0),
(781890,51,2887.36,7007.3,364.495,NULL,0,0,0,0,100,0),
(781890,52,2886.09,7011.67,364.045,NULL,0,0,0,0,100,0),
(781890,53,2884.97,7015.47,363.877,NULL,0,0,0,0,100,0),
(781890,54,2883.79,7019.51,363.807,NULL,0,0,0,0,100,0),
(781890,55,2882.55,7023.52,364.198,NULL,0,0,0,0,100,0),
(781890,56,2881.42,7027.2,364.363,NULL,0,0,0,0,100,0),
(781890,57,2880.01,7031.76,364.198,NULL,0,0,0,0,100,0),
(781890,58,2878.81,7035.66,364.248,NULL,0,0,0,0,100,0),
(781890,59,2877.43,7040.12,364.732,NULL,0,0,0,0,100,0),
(781890,60,2876.47,7043.24,364.801,NULL,0,0,0,0,100,0),
(781890,61,2874.96,7048.15,364.498,NULL,0,0,0,0,100,0),
(781890,62,2873.59,7052.58,364.584,NULL,0,0,0,0,100,0),
(781890,63,2870.7,7054.94,365.055,NULL,0,0,0,0,100,0),
(781890,64,2867.36,7057.66,365.663,NULL,0,0,0,0,100,0),
(781890,65,2864.19,7060.24,365.707,NULL,0,0,0,0,100,0),
(781890,66,2859.85,7063.78,365.342,NULL,0,0,0,0,100,0),
(781890,67,2855.96,7066.95,365.381,NULL,0,0,0,0,100,0),
(781890,68,2852.16,7070.04,365.722,NULL,0,0,0,0,100,0),
(781890,69,2848.45,7073.07,365.926,NULL,0,0,0,0,100,0),
(781890,70,2845.1,7075.8,365.867,NULL,0,0,0,0,100,0),
(781890,71,2841.95,7078.37,365.669,NULL,0,0,0,0,100,0),
(781890,72,2837.15,7081.25,365.569,NULL,0,0,0,0,100,0),
(781890,73,2832.98,7083.75,365.602,NULL,0,0,0,0,100,0),
(781890,74,2828.75,7082.09,365.715,NULL,0,0,0,0,100,0),
(781890,75,2824.73,7080.52,365.374,NULL,0,0,0,0,100,0),
(781890,76,2820.38,7078.82,364.69,NULL,0,0,0,0,100,0),
(781890,77,2816.25,7077.2,364.086,NULL,0,0,0,0,100,0),
(781890,78,2812.77,7075.84,364.658,NULL,0,0,0,0,100,0),
(781890,79,2808.65,7074.23,365.075,NULL,0,0,0,0,100,0),
(781890,80,2803.54,7072.23,364.739,NULL,0,0,0,0,100,0),
(781890,81,2799.28,7070.56,364.591,NULL,0,0,0,0,100,0),
(781890,82,2795.51,7067.43,364.648,NULL,0,0,0,0,100,0),
(781890,83,2791.91,7064.45,365.218,NULL,0,0,0,0,100,0),
(781890,84,2788.06,7061.25,365.488,NULL,0,0,0,0,100,0),
(781890,85,2784.38,7058.2,365.37,NULL,0,0,0,0,100,0),
(781890,86,2780.43,7054.93,365.158,NULL,0,0,0,0,100,0),
(781890,87,2776.57,7051.73,365.072,NULL,0,0,0,0,100,0),
(781890,88,2772.62,7048.45,364.695,NULL,0,0,0,0,100,0),
(781890,89,2769.03,7045.47,364.579,NULL,0,0,0,0,100,0),
(781890,90,2766.77,7043.6,364.492,NULL,0,0,0,0,100,0),
(781890,91,2762.55,7042.24,365.339,NULL,0,0,0,0,100,0),
(781890,92,2757.88,7040.74,365.164,NULL,0,0,0,0,100,0),
(781890,93,2753.33,7039.28,365.637,NULL,0,0,0,0,100,0),
(781890,94,2748.89,7037.85,365.654,NULL,0,0,0,0,100,0),
(781890,95,2744.56,7036.46,365.198,NULL,0,0,0,0,100,0),
(781890,96,2740.33,7035.1,364.769,NULL,0,0,0,0,100,0),
(781890,97,2736.22,7033.78,364.608,NULL,0,0,0,0,100,0),
(781890,98,2732.57,7032.6,364.775,NULL,0,0,0,0,100,0),
(781890,99,2728.84,7033.22,365.17,NULL,0,0,0,0,100,0),
(781890,100,2724.24,7033.98,364.897,NULL,0,0,0,0,100,0),
(781890,101,2719.41,7034.78,365.007,NULL,0,0,0,0,100,0),
(781890,102,2715.04,7035.51,365.338,NULL,0,0,0,0,100,0),
(781890,103,2711.36,7036.12,365.475,NULL,0,0,0,0,100,0),
(781890,104,2706.87,7036.87,365.098,NULL,0,0,0,0,100,0),
(781890,105,2702.73,7037.55,364.702,NULL,0,0,0,0,100,0),
(781890,106,2697.89,7038.35,364.976,NULL,0,0,0,0,100,0),
(781890,107,2694.21,7038.97,365.244,NULL,0,0,0,0,100,0),
(781890,108,2690.03,7039.66,365.351,NULL,0,0,0,0,100,0),
(781890,109,2685.58,7038.26,365.56,NULL,0,0,0,0,100,0),
(781890,110,2681.12,7036.86,365.709,NULL,0,0,0,0,100,0),
(781890,111,2677.33,7035.68,365.419,NULL,0,0,0,0,100,0),
(781890,112,2673.99,7034.63,364.834,NULL,0,0,0,0,100,0),
(781890,113,2670.65,7033.58,364.173,NULL,0,0,0,0,100,0),
(781890,114,2667.32,7032.53,364.607,NULL,0,0,0,0,100,0),
(781890,115,2663.75,7031.41,365.368,NULL,0,0,0,0,100,0),
(781890,116,2660.3,7030.33,365.976,NULL,0,0,0,0,100,0),
(781890,117,2656.88,7029.26,366.419,NULL,0,0,0,0,100,0),
(781890,118,2653.54,7028.21,366.67,NULL,0,0,0,0,100,0),
(781890,119,2651.03,7027.42,366.921,NULL,0,0,0,0,100,0),
(781890,120,2646.96,7027.1,367.682,NULL,0,0,0,0,100,0),
(781890,121,2643.7,7026.85,368.349,NULL,0,0,0,0,100,0),
(781890,122,2639.63,7026.53,369.058,NULL,0,0,0,0,100,0),
(781890,123,2636.14,7026.26,369.505,NULL,0,0,0,0,100,0),
(781890,124,2632.19,7025.95,369.808,NULL,0,0,0,0,100,0),
(781890,125,2627.88,7025.61,369.905,NULL,0,0,0,0,100,0),
(781890,126,2624.27,7025.33,369.907,NULL,0,0,0,0,100,0),
(781890,127,2621.01,7025.07,369.511,NULL,0,0,0,0,100,0),
(781890,128,2618.22,7024.85,368.257,NULL,0,0,0,0,100,0),
(781890,129,2615.13,7024.61,366.893,NULL,0,0,0,0,100,0),
(781890,130,2613.06,7026.12,365.317,NULL,0,0,0,0,100,0),
(781890,131,2611.46,7027.29,363.529,NULL,0,0,0,0,100,0),
(781890,132,2608.91,7029.15,361.964,NULL,0,0,0,0,100,0),
(781890,133,2605.24,7031.82,361.674,NULL,0,0,0,0,100,0),
(781890,134,2601.37,7034.65,361.79,NULL,0,0,0,0,100,0),
(781890,135,2597.41,7037.53,361.737,NULL,0,0,0,0,100,0),
(781890,136,2593.54,7040.35,361.621,NULL,0,0,0,0,100,0),
(781890,137,2589.49,7043.31,362.171,NULL,0,0,0,0,100,0),
(781890,138,2585.89,7045.93,363.145,NULL,0,0,0,0,100,0),
(781890,139,2583.73,7048.98,363.742,NULL,0,0,0,0,100,0),
(781890,140,2581.51,7052.12,364.187,NULL,0,0,0,0,100,0),
(781890,141,2578.95,7055.73,364.582,NULL,0,0,0,0,100,0),
(781890,142,2576.39,7059.35,364.82,NULL,0,0,0,0,100,0),
(781890,143,2573.62,7063.26,364.806,NULL,0,0,0,0,100,0),
(781890,144,2571.06,7066.87,365.041,NULL,0,0,0,0,100,0),
(781890,145,2568.43,7070.59,365.908,NULL,0,0,0,0,100,0),
(781890,146,2565.8,7074.3,366.58,NULL,0,0,0,0,100,0),
(781890,147,2563.31,7077.82,366.505,NULL,0,0,0,0,100,0),
(781890,148,2559.94,7082.58,366.145,NULL,0,0,0,0,100,0),
(781890,149,2557.31,7086.29,365.973,NULL,0,0,0,0,100,0),
(781890,150,2553.4,7088.84,365.79,NULL,0,0,0,0,100,0),
(781890,151,2549.58,7091.32,366.402,NULL,0,0,0,0,100,0),
(781890,152,2545.77,7093.8,366.947,NULL,0,0,0,0,100,0),
(781890,153,2542.35,7096.03,366.057,NULL,0,0,0,0,100,0),
(781890,154,2538.54,7098.51,364.629,NULL,0,0,0,0,100,0),
(781890,155,2535.81,7100.29,364.267,NULL,0,0,0,0,100,0),
(781890,156,2531.8,7102.9,364.61,NULL,0,0,0,0,100,0),
(781890,157,2528.28,7105.19,365.383,NULL,0,0,0,0,100,0),
(781890,158,2525.93,7106.72,365.958,NULL,0,0,0,0,100,0),
(781890,159,2523.98,7107.99,366.086,NULL,0,0,0,0,100,0),
(781890,160,2521.63,7109.52,365.615,NULL,0,0,0,0,100,0),
(781890,161,2518.65,7111.47,364.876,NULL,0,0,0,0,100,0),
(781890,162,2515.62,7113.44,365.004,NULL,0,0,0,0,100,0),
(781890,163,2518.65,7111.47,364.876,NULL,0,0,0,0,100,0),
(781890,164,2521.63,7109.52,365.615,NULL,0,0,0,0,100,0),
(781890,165,2523.98,7107.99,366.086,NULL,0,0,0,0,100,0),
(781890,166,2525.93,7106.72,365.958,NULL,0,0,0,0,100,0),
(781890,167,2528.28,7105.19,365.383,NULL,0,0,0,0,100,0),
(781890,168,2531.8,7102.9,364.61,NULL,0,0,0,0,100,0),
(781890,169,2535.81,7100.29,364.267,NULL,0,0,0,0,100,0),
(781890,170,2538.54,7098.51,364.629,NULL,0,0,0,0,100,0),
(781890,171,2542.35,7096.03,366.057,NULL,0,0,0,0,100,0),
(781890,172,2545.77,7093.8,366.947,NULL,0,0,0,0,100,0),
(781890,173,2549.58,7091.32,366.402,NULL,0,0,0,0,100,0),
(781890,174,2553.4,7088.84,365.79,NULL,0,0,0,0,100,0),
(781890,175,2557.31,7086.29,365.973,NULL,0,0,0,0,100,0),
(781890,176,2559.94,7082.58,366.145,NULL,0,0,0,0,100,0),
(781890,177,2563.31,7077.82,366.505,NULL,0,0,0,0,100,0),
(781890,178,2565.8,7074.3,366.58,NULL,0,0,0,0,100,0),
(781890,179,2568.43,7070.59,365.908,NULL,0,0,0,0,100,0),
(781890,180,2571.06,7066.87,365.041,NULL,0,0,0,0,100,0),
(781890,181,2573.62,7063.26,364.806,NULL,0,0,0,0,100,0),
(781890,182,2576.39,7059.35,364.82,NULL,0,0,0,0,100,0),
(781890,183,2578.95,7055.73,364.582,NULL,0,0,0,0,100,0),
(781890,184,2581.51,7052.12,364.187,NULL,0,0,0,0,100,0),
(781890,185,2583.73,7048.98,363.742,NULL,0,0,0,0,100,0),
(781890,186,2585.89,7045.93,363.145,NULL,0,0,0,0,100,0),
(781890,187,2589.49,7043.31,362.171,NULL,0,0,0,0,100,0),
(781890,188,2593.54,7040.35,361.621,NULL,0,0,0,0,100,0),
(781890,189,2597.41,7037.53,361.737,NULL,0,0,0,0,100,0),
(781890,190,2601.37,7034.65,361.79,NULL,0,0,0,0,100,0),
(781890,191,2605.24,7031.82,361.674,NULL,0,0,0,0,100,0),
(781890,192,2608.91,7029.15,361.964,NULL,0,0,0,0,100,0),
(781890,193,2611.46,7027.29,363.529,NULL,0,0,0,0,100,0),
(781890,194,2613.06,7026.12,365.317,NULL,0,0,0,0,100,0),
(781890,195,2615.13,7024.61,366.893,NULL,0,0,0,0,100,0),
(781890,196,2618.22,7024.85,368.257,NULL,0,0,0,0,100,0),
(781890,197,2621.01,7025.07,369.511,NULL,0,0,0,0,100,0),
(781890,198,2624.27,7025.33,369.907,NULL,0,0,0,0,100,0),
(781890,199,2627.88,7025.61,369.905,NULL,0,0,0,0,100,0),
(781890,200,2632.19,7025.95,369.808,NULL,0,0,0,0,100,0),
(781890,201,2636.14,7026.26,369.505,NULL,0,0,0,0,100,0),
(781890,202,2639.63,7026.53,369.058,NULL,0,0,0,0,100,0),
(781890,203,2643.7,7026.85,368.349,NULL,0,0,0,0,100,0),
(781890,204,2646.96,7027.1,367.682,NULL,0,0,0,0,100,0),
(781890,205,2651.03,7027.42,366.921,NULL,0,0,0,0,100,0),
(781890,206,2653.54,7028.21,366.67,NULL,0,0,0,0,100,0),
(781890,207,2656.88,7029.26,366.419,NULL,0,0,0,0,100,0),
(781890,208,2660.3,7030.33,365.976,NULL,0,0,0,0,100,0),
(781890,209,2663.75,7031.41,365.368,NULL,0,0,0,0,100,0),
(781890,210,2667.32,7032.53,364.607,NULL,0,0,0,0,100,0),
(781890,211,2670.65,7033.58,364.173,NULL,0,0,0,0,100,0),
(781890,212,2673.99,7034.63,364.834,NULL,0,0,0,0,100,0),
(781890,213,2677.33,7035.68,365.419,NULL,0,0,0,0,100,0),
(781890,214,2681.12,7036.86,365.709,NULL,0,0,0,0,100,0),
(781890,215,2685.58,7038.26,365.56,NULL,0,0,0,0,100,0),
(781890,216,2690.03,7039.66,365.351,NULL,0,0,0,0,100,0),
(781890,217,2694.21,7038.97,365.244,NULL,0,0,0,0,100,0),
(781890,218,2697.89,7038.35,364.976,NULL,0,0,0,0,100,0),
(781890,219,2702.73,7037.55,364.702,NULL,0,0,0,0,100,0),
(781890,220,2706.87,7036.87,365.098,NULL,0,0,0,0,100,0),
(781890,221,2711.36,7036.12,365.475,NULL,0,0,0,0,100,0),
(781890,222,2715.04,7035.51,365.338,NULL,0,0,0,0,100,0),
(781890,223,2719.41,7034.78,365.007,NULL,0,0,0,0,100,0),
(781890,224,2724.24,7033.98,364.897,NULL,0,0,0,0,100,0),
(781890,225,2728.84,7033.22,365.17,NULL,0,0,0,0,100,0),
(781890,226,2732.57,7032.6,364.775,NULL,0,0,0,0,100,0),
(781890,227,2736.22,7033.78,364.608,NULL,0,0,0,0,100,0),
(781890,228,2740.33,7035.1,364.769,NULL,0,0,0,0,100,0),
(781890,229,2744.56,7036.46,365.198,NULL,0,0,0,0,100,0),
(781890,230,2748.89,7037.85,365.654,NULL,0,0,0,0,100,0),
(781890,231,2753.33,7039.28,365.637,NULL,0,0,0,0,100,0),
(781890,232,2757.88,7040.74,365.164,NULL,0,0,0,0,100,0),
(781890,233,2762.55,7042.24,365.339,NULL,0,0,0,0,100,0),
(781890,234,2766.77,7043.6,364.492,NULL,0,0,0,0,100,0),
(781890,235,2769.03,7045.47,364.579,NULL,0,0,0,0,100,0),
(781890,236,2772.62,7048.45,364.695,NULL,0,0,0,0,100,0),
(781890,237,2776.57,7051.73,365.072,NULL,0,0,0,0,100,0),
(781890,238,2780.43,7054.93,365.158,NULL,0,0,0,0,100,0),
(781890,239,2784.38,7058.2,365.37,NULL,0,0,0,0,100,0),
(781890,240,2788.06,7061.25,365.488,NULL,0,0,0,0,100,0),
(781890,241,2791.91,7064.45,365.218,NULL,0,0,0,0,100,0),
(781890,242,2795.51,7067.43,364.648,NULL,0,0,0,0,100,0),
(781890,243,2799.28,7070.56,364.591,NULL,0,0,0,0,100,0),
(781890,244,2803.54,7072.23,364.739,NULL,0,0,0,0,100,0),
(781890,245,2808.65,7074.23,365.075,NULL,0,0,0,0,100,0),
(781890,246,2812.77,7075.84,364.658,NULL,0,0,0,0,100,0),
(781890,247,2816.25,7077.2,364.086,NULL,0,0,0,0,100,0),
(781890,248,2820.38,7078.82,364.69,NULL,0,0,0,0,100,0),
(781890,249,2824.73,7080.52,365.374,NULL,0,0,0,0,100,0),
(781890,250,2828.75,7082.09,365.715,NULL,0,0,0,0,100,0),
(781890,251,2832.98,7083.75,365.602,NULL,0,0,0,0,100,0),
(781890,252,2837.15,7081.25,365.569,NULL,0,0,0,0,100,0),
(781890,253,2841.95,7078.37,365.669,NULL,0,0,0,0,100,0),
(781890,254,2845.1,7075.8,365.867,NULL,0,0,0,0,100,0),
(781890,255,2848.45,7073.07,365.926,NULL,0,0,0,0,100,0),
(781890,256,2852.16,7070.04,365.722,NULL,0,0,0,0,100,0),
(781890,257,2855.96,7066.95,365.381,NULL,0,0,0,0,100,0),
(781890,258,2859.85,7063.78,365.342,NULL,0,0,0,0,100,0),
(781890,259,2864.19,7060.24,365.707,NULL,0,0,0,0,100,0),
(781890,260,2867.36,7057.66,365.663,NULL,0,0,0,0,100,0),
(781890,261,2870.7,7054.94,365.055,NULL,0,0,0,0,100,0),
(781890,262,2873.59,7052.58,364.584,NULL,0,0,0,0,100,0),
(781890,263,2874.96,7048.15,364.498,NULL,0,0,0,0,100,0),
(781890,264,2876.47,7043.24,364.801,NULL,0,0,0,0,100,0),
(781890,265,2877.43,7040.12,364.732,NULL,0,0,0,0,100,0),
(781890,266,2878.81,7035.66,364.248,NULL,0,0,0,0,100,0),
(781890,267,2880.01,7031.76,364.198,NULL,0,0,0,0,100,0),
(781890,268,2881.42,7027.2,364.363,NULL,0,0,0,0,100,0),
(781890,269,2882.55,7023.52,364.198,NULL,0,0,0,0,100,0),
(781890,270,2883.79,7019.51,363.807,NULL,0,0,0,0,100,0),
(781890,271,2884.97,7015.47,363.877,NULL,0,0,0,0,100,0),
(781890,272,2886.09,7011.67,364.045,NULL,0,0,0,0,100,0),
(781890,273,2887.36,7007.3,364.495,NULL,0,0,0,0,100,0),
(781890,274,2888.48,7003.5,365.213,NULL,0,0,0,0,100,0),
(781890,275,2889.66,6999.47,365.284,NULL,0,0,0,0,100,0),
(781890,276,2890.74,6995.78,364.957,NULL,0,0,0,0,100,0),
(781890,277,2893.15,6991.92,364.874,NULL,0,0,0,0,100,0),
(781890,278,2895.38,6988.36,365.181,NULL,0,0,0,0,100,0),
(781890,279,2897.67,6984.7,365.27,NULL,0,0,0,0,100,0),
(781890,280,2899.9,6981.14,365.192,NULL,0,0,0,0,100,0),
(781890,281,2902.31,6977.29,364.722,NULL,0,0,0,0,100,0),
(781890,282,2904.48,6973.83,364.382,NULL,0,0,0,0,100,0),
(781890,283,2906.83,6970.08,365.15,NULL,0,0,0,0,100,0),
(781890,284,2909.18,6966.32,366.169,NULL,0,0,0,0,100,0),
(781890,285,2909.27,6961.73,366.645,NULL,0,0,0,0,100,0),
(781890,286,2909.35,6957.65,366.546,NULL,0,0,0,0,100,0),
(781890,287,2909.42,6953.91,365.926,NULL,0,0,0,0,100,0),
(781890,288,2909.49,6949.95,364.71,NULL,0,0,0,0,100,0),
(781890,289,2909.57,6945.75,364.33,NULL,0,0,0,0,100,0),
(781890,290,2909.69,6939.57,364.527,NULL,0,0,0,0,100,0),
(781890,291,2909.8,6933.85,364.596,NULL,0,0,0,0,100,0),
(781890,292,2912.14,6926.93,364.63,NULL,0,0,0,0,100,0),
(781890,293,2913.82,6921.93,364.497,NULL,0,0,0,0,100,0),
(781890,294,2915.77,6916.18,364.579,NULL,0,0,0,0,100,0),
(781890,295,2917.11,6912.2,364.494,NULL,0,0,0,0,100,0),
(781890,296,2918.97,6906.67,363.981,NULL,0,0,0,0,100,0),
(781890,297,2920.8,6901.26,363.853,NULL,0,0,0,0,100,0),
(781890,298,2922.78,6895.4,363.857,NULL,0,0,0,0,100,0),
(781890,299,2924.1,6889.72,363.659,NULL,0,0,0,0,100,0),
(781890,300,2925.29,6884.61,363.948,NULL,0,0,0,0,100,0),
(781890,301,2926.19,6880.75,364.722,NULL,0,0,0,0,100,0),
(781890,302,2926.96,6877.46,365.064,NULL,0,0,0,0,100,0),
(781890,303,2927.78,6873.93,364.674,NULL,0,0,0,0,100,0),
(781890,304,2928.58,6870.53,364.219,NULL,0,0,0,0,100,0),
(781890,305,2929.52,6866.48,364.338,NULL,0,0,0,0,100,0),
(781890,306,2933.4,6864.31,364.794,NULL,0,0,0,0,100,0),
(781890,307,2937.27,6862.15,365.145,NULL,0,0,0,0,100,0),
(781890,308,2941.32,6859.89,365.288,NULL,0,0,0,0,100,0),
(781890,309,2943.77,6858.52,366.681,NULL,0,0,0,0,100,0),
(781890,310,2946.42,6857.04,367.676,NULL,0,0,0,0,100,0),
(781890,311,2950.39,6854.82,369.615,NULL,0,0,0,0,100,0),
(781890,312,2953.96,6852.83,369.987,NULL,0,0,0,0,100,0),
(781890,313,2955.53,6849.01,370.414,NULL,0,0,0,0,100,0),
(781890,314,2957.04,6845.33,370.408,NULL,0,0,0,0,100,0),
(781890,315,2958.59,6841.55,370.195,NULL,0,0,0,0,100,0),
(781890,316,2960.8,6836.16,369.522,NULL,0,0,0,0,100,0),
(781890,317,2963.15,6830.44,369.203,NULL,0,0,0,0,100,0),
(781890,318,2966.41,6827.34,369.694,NULL,0,0,0,0,100,0),
(781890,319,2970.04,6823.89,369.862,NULL,0,0,0,0,100,0),
(781890,320,2973.87,6820.24,369.49,NULL,0,0,0,0,100,0),
(781890,321,2977.85,6816.46,369.642,NULL,0,0,0,0,100,0),
(781890,322,2982,6812.52,370.009,NULL,0,0,0,0,100,0);
