DELETE FROM `creature` WHERE `guid` IN (23741,23743,23745,24181,24182,24183,24184,24185,24186);
INSERT INTO `creature` (`guid`, `id`, `map`, `zoneId`, `areaId`, `spawnMask`, `phaseMask`, `modelid`, `equipment_id`, `position_x`, `position_y`, `position_z`, `orientation`, `spawntimesecs`, `wander_distance`, `curhealth`, `curmana`, `MovementType`, `npcflag`, `unit_flags`, `dynamicflags`)
VALUES
(24181,6498,1,0,0,1,1,0,0,-6782.55,-2216.16,-272.002,0.00770665,600,0,1,0,2,0,0,0),
(24182,6498,1,0,0,1,1,0,0,-6828.09,-1847.44,-272.222,2.74193,600,0,1,0,2,0,0,0),
(24183,6498,1,0,0,1,1,0,0,-7823.67,-1614.99,-268.294,3.35453,600,0,1,0,2,0,0,0),
(24184,6498,1,0,0,1,1,0,0,-7780.71,-1447.62,-270.842,3.5305,600,0,1,0,2,0,0,0),
(24185,6498,1,0,0,1,1,0,0,-6864.71,-619.128,-271.371,1.14371,600,0,1,0,2,0,0,0),
(24186,6498,1,0,0,1,1,0,0,-6522.98,-750.173,-271.114,0.0190329,600,0,1,0,2,0,0,0);

DELETE FROM `creature_addon` WHERE `guid` IN (23741,23743,23745,24181,24182,24183,24184,24185,24186);
INSERT INTO `creature_addon` (`guid`, `path_id`, `mount`, `bytes1`, `bytes2`, `emote`, `isLarge`, `maxAggroRadius`, `auras`)
VALUES
(24181,241810,0,0,0,0,1,NULL,NULL),
(24182,241820,0,0,0,0,1,NULL,NULL),
(24183,241830,0,0,0,0,1,NULL,NULL),
(24184,241840,0,0,0,0,1,NULL,NULL),
(24185,241850,0,0,0,0,1,NULL,NULL),
(24186,241860,0,0,0,0,1,NULL,NULL);

DELETE FROM `creature_id_chance` WHERE `guid` IN (24181,24182,24183,24184,24185,24186);
INSERT INTO `creature_id_chance` (`guid`, `id`, `chance`)
VALUES
(24181,6499,100/3),
(24181,6500,100/3),
(24182,6499,100/3),
(24182,6500,100/3),
(24183,6499,100/3),
(24183,6500,100/3),
(24184,6499,100/3),
(24184,6500,100/3),
(24185,6499,100/3),
(24185,6500,100/3),
(24186,6499,100/3),
(24186,6500,100/3);

DELETE FROM `pool_template` WHERE `entry` IN (388,389,390);
INSERT INTO `pool_template` (`entry`, `max_limit`, `description`)
VALUES
(388,1,'Un''Goro Devilsaur Pool 1 (1 out of 2)'),
(389,1,'Un''Goro Devilsaur Pool 2 (1 out of 2)'),
(390,1,'Un''Goro Devilsaur Pool 3 (1 out of 2)');

DELETE FROM `pool_creature` WHERE `pool_entry` IN (388,389,390);
INSERT INTO `pool_creature` (`guid`, `pool_entry`, `chance`, `description`)
VALUES
(24181,388,0,'Un''Goro Devilsaur Pool 1 - Spawn 1'),
(24182,388,0,'Un''Goro Devilsaur Pool 1 - Spawn 2'),
(24183,389,0,'Un''Goro Devilsaur Pool 2 - Spawn 1'),
(24184,389,0,'Un''Goro Devilsaur Pool 2 - Spawn 2'),
(24185,390,0,'Un''Goro Devilsaur Pool 3 - Spawn 1'),
(24186,390,0,'Un''Goro Devilsaur Pool 3 - Spawn 2');

DELETE FROM `waypoint_data` WHERE `id` IN (237410,237430,237450,241810,241820,241830,241840,241850,241860,244370);
INSERT INTO `waypoint_data` (`id`, `point`, `position_x`, `position_y`, `position_z`, `orientation`, `delay`, `move_type`, `pathfinding`, `action`, `action_chance`, `wpguid`)
VALUES
(244370,1,-6857.04,-769.772,-271.013,NULL,0,0,3,0,100,0),
(244370,2,-6855.4,-762.599,-271.55,NULL,0,0,4,0,100,0),
(244370,3,-6853.92,-756.109,-271.43,NULL,0,0,4,0,100,0),
(244370,4,-6852.31,-749.056,-270.874,NULL,0,0,4,0,100,0),
(244370,5,-6850.76,-742.239,-270.969,NULL,0,0,4,0,100,0),
(244370,6,-6849.15,-735.189,-271.926,NULL,0,0,4,0,100,0),
(244370,7,-6847.41,-727.566,-272.604,NULL,0,0,4,0,100,0),
(244370,8,-6845.85,-720.742,-272.066,NULL,0,0,4,0,100,0),
(244370,9,-6844.29,-713.917,-271.697,NULL,0,0,4,0,100,0),
(244370,10,-6842.7,-706.97,-271.668,NULL,0,0,3,0,100,0),
(244370,11,-6836.32,-703.332,-271.513,NULL,0,0,4,0,100,0),
(244370,12,-6830.23,-699.864,-271.572,NULL,0,0,4,0,100,0),
(244370,13,-6823.85,-696.228,-271.121,NULL,0,0,4,0,100,0),
(244370,14,-6817.56,-692.65,-271.434,NULL,0,0,4,0,100,0),
(244370,15,-6811.48,-689.186,-271.257,NULL,0,0,4,0,100,0),
(244370,16,-6805.7,-685.894,-270.982,NULL,0,0,4,0,100,0),
(244370,17,-6799.82,-682.544,-271.752,NULL,0,0,4,0,100,0),
(244370,18,-6793.74,-679.079,-272.106,NULL,0,0,4,0,100,0),
(244370,19,-6788.06,-675.843,-272.221,NULL,0,0,4,0,100,0),
(244370,20,-6782.18,-672.493,-272.221,NULL,0,0,3,0,100,0),
(244370,21,-6776.41,-677.047,-272.221,NULL,0,0,4,0,100,0),
(244370,22,-6769.72,-682.322,-272.158,NULL,0,0,4,0,100,0),
(244370,23,-6763.58,-687.166,-272.093,NULL,0,0,4,0,100,0),
(244370,24,-6757.62,-691.872,-272.066,NULL,0,0,4,0,100,0),
(244370,25,-6751.49,-696.712,-271.968,NULL,0,0,4,0,100,0),
(244370,26,-6745.17,-701.699,-271.99,NULL,0,0,4,0,100,0),
(244370,27,-6739.13,-706.469,-272.101,NULL,0,0,4,0,100,0),
(244370,28,-6733.08,-711.24,-272.175,NULL,0,0,4,0,100,0),
(244370,29,-6726.86,-716.153,-272.221,NULL,0,0,4,0,100,0),
(244370,30,-6720.64,-721.063,-272.221,NULL,0,0,4,0,100,0),
(244370,31,-6713.95,-726.341,-272.221,NULL,0,0,3,0,100,0),
(244370,32,-6712.12,-736.152,-272.221,NULL,0,0,4,0,100,0),
(244370,33,-6710.16,-746.702,-272.221,NULL,0,0,4,0,100,0),
(244370,34,-6708.37,-756.336,-272.221,NULL,0,0,4,0,100,0),
(244370,35,-6706.87,-764.368,-272.176,NULL,0,0,4,0,100,0),
(244370,36,-6705.44,-772.048,-271.337,NULL,0,0,4,0,100,0),
(244370,37,-6704.18,-778.819,-270.217,NULL,0,0,4,0,100,0),
(244370,38,-6702.73,-786.623,-269.028,NULL,0,0,4,0,100,0),
(244370,39,-6701.54,-793.044,-268.733,NULL,0,0,4,0,100,0),
(244370,40,-6700.13,-800.614,-269.527,NULL,0,0,4,0,100,0),
(244370,41,-6698.61,-808.755,-270.553,NULL,0,0,4,0,100,0),
(244370,42,-6697.12,-816.78,-270.425,NULL,0,0,4,0,100,0),
(244370,43,-6695.62,-824.811,-269.667,NULL,0,0,3,0,100,0),
(244370,44,-6698.66,-829.092,-269.374,NULL,0,0,4,0,100,0),
(244370,45,-6702.31,-834.23,-269.417,NULL,0,0,4,0,100,0),
(244370,46,-6705.95,-839.369,-269.861,NULL,0,0,4,0,100,0),
(244370,47,-6710.07,-845.169,-270.621,NULL,0,0,4,0,100,0),
(244370,48,-6714.39,-851.26,-271.446,NULL,0,0,4,0,100,0),
(244370,49,-6718.98,-857.734,-271.962,NULL,0,0,3,0,100,0),
(244370,50,-6726.52,-855.25,-272.119,NULL,0,0,4,0,100,0),
(244370,51,-6734.27,-852.691,-271.175,NULL,0,0,4,0,100,0),
(244370,52,-6740.15,-850.752,-270.145,NULL,0,0,4,0,100,0),
(244370,53,-6746.69,-848.595,-269.755,NULL,0,0,4,0,100,0),
(244370,54,-6754.22,-846.11,-269.94,NULL,0,0,4,0,100,0),
(244370,55,-6762.09,-843.514,-270.538,NULL,0,0,4,0,100,0),
(244370,56,-6770.18,-840.847,-271.084,NULL,0,0,4,0,100,0),
(244370,57,-6778.93,-837.959,-271.756,NULL,0,0,3,0,100,0),
(244370,58,-6787.57,-835.109,-272.206,NULL,0,0,4,0,100,0),
(244370,59,-6795.99,-832.332,-272.221,NULL,0,0,4,0,100,0),
(244370,60,-6804.75,-829.444,-272.222,NULL,0,0,4,0,100,0),
(244370,61,-6813.5,-826.556,-272.222,NULL,0,0,4,0,100,0),
(244370,62,-6821.92,-823.78,-272.217,NULL,0,0,4,0,100,0),
(244370,63,-6830.34,-821.002,-272.14,NULL,0,0,4,0,100,0),
(244370,64,-6838.75,-818.226,-271.369,NULL,0,0,4,0,100,0),
(244370,65,-6847.51,-815.338,-271.578,NULL,0,0,4,0,100,0),
(244370,66,-6855.72,-812.63,-271.096,NULL,0,0,3,0,100,0),
(244370,67,-6863.81,-809.961,-270.952,NULL,0,0,4,0,100,0),
(244370,68,-6871.68,-807.365,-271.003,NULL,0,0,4,0,100,0),
(244370,69,-6879.32,-804.844,-270.407,NULL,0,0,4,0,100,0),
(244370,70,-6886.19,-802.577,-270.166,NULL,0,0,4,0,100,0),
(244370,71,-6894.73,-799.761,-270.864,NULL,0,0,4,0,100,0),
(244370,72,-6902.49,-797.202,-271.574,NULL,0,0,4,0,100,0),
(244370,73,-6909.91,-794.755,-272.059,NULL,0,0,4,0,100,0),
(244370,74,-6917.88,-792.124,-272.214,NULL,0,0,4,0,100,0),
(244370,75,-6926.86,-789.164,-272.19,NULL,0,0,3,0,100,0),
(244370,76,-6932.83,-794.387,-272.087,NULL,0,0,4,0,100,0),
(244370,77,-6938.98,-799.762,-271.607,NULL,0,0,4,0,100,0),
(244370,78,-6945.32,-805.293,-272.111,NULL,0,0,4,0,100,0),
(244370,79,-6952.52,-811.589,-272.219,NULL,0,0,4,0,100,0),
(244370,80,-6959.2,-817.425,-272.208,NULL,0,0,4,0,100,0),
(244370,81,-6965.79,-823.182,-272.094,NULL,0,0,4,0,100,0),
(244370,82,-6972.55,-829.092,-272.048,NULL,0,0,4,0,100,0),
(244370,83,-6978.96,-834.691,-271.587,NULL,0,0,4,0,100,0),
(244370,84,-6985.47,-840.375,-270.315,NULL,0,0,3,0,100,0),
(244370,85,-6991.88,-845.975,-269.098,NULL,0,0,4,0,100,0),
(244370,86,-6998.47,-851.732,-268.39,NULL,0,0,4,0,100,0),
(244370,87,-7004.53,-857.029,-268.417,NULL,0,0,4,0,100,0),
(244370,88,-7011.2,-862.86,-268.793,NULL,0,0,4,0,100,0),
(244370,89,-7018.06,-868.847,-269.298,NULL,0,0,4,0,100,0),
(244370,90,-7025.35,-875.217,-269.47,NULL,0,0,4,0,100,0),
(244370,91,-7032.03,-881.052,-269.238,NULL,0,0,4,0,100,0),
(244370,92,-7039.58,-887.652,-269.401,NULL,0,0,4,0,100,0),
(244370,93,-7046.43,-893.64,-270.715,NULL,0,0,4,0,100,0),
(244370,94,-7052.85,-899.245,-271.638,NULL,0,0,4,0,100,0),
(244370,95,-7059.28,-904.864,-271.706,NULL,0,0,3,0,100,0),
(244370,96,-7066.13,-910.851,-270.917,NULL,0,0,4,0,100,0),
(244370,97,-7075.09,-918.677,-270.208,NULL,0,0,4,0,100,0),
(244370,98,-7081.33,-924.13,-270.668,NULL,0,0,4,0,100,0),
(244370,99,-7087.65,-929.657,-271.425,NULL,0,0,4,0,100,0),
(244370,100,-7094.31,-935.471,-271.674,NULL,0,0,4,0,100,0),
(244370,101,-7100.63,-940.997,-270.659,NULL,0,0,4,0,100,0),
(244370,102,-7105.64,-945.373,-270.478,NULL,0,0,4,0,100,0),
(244370,103,-7109.77,-948.979,-270.67,NULL,0,0,4,0,100,0),
(244370,104,-7114.26,-952.898,-271.413,NULL,0,0,4,0,100,0),
(244370,105,-7118.74,-956.813,-271.854,NULL,0,0,3,0,100,0),
(244370,106,-7120.91,-950.409,-271.047,NULL,0,0,4,0,100,0),
(244370,107,-7123.46,-942.892,-270.97,NULL,0,0,4,0,100,0),
(244370,108,-7125.89,-935.713,-271.003,NULL,0,0,4,0,100,0),
(244370,109,-7128.44,-928.195,-271.486,NULL,0,0,4,0,100,0),
(244370,110,-7131.29,-919.799,-272.203,NULL,0,0,4,0,100,0),
(244370,111,-7133.91,-912.062,-271.664,NULL,0,0,4,0,100,0),
(244370,112,-7136.5,-904.443,-271.479,NULL,0,0,4,0,100,0),
(244370,113,-7139.16,-896.594,-271.898,NULL,0,0,4,0,100,0),
(244370,114,-7141.78,-888.858,-271.02,NULL,0,0,3,0,100,0),
(244370,115,-7144.33,-881.347,-270.223,NULL,0,0,4,0,100,0),
(244370,116,-7146.91,-873.723,-269.945,NULL,0,0,4,0,100,0),
(244370,117,-7149.31,-866.65,-270.353,NULL,0,0,4,0,100,0),
(244370,118,-7151.82,-859.245,-271.32,NULL,0,0,4,0,100,0),
(244370,119,-7154.3,-851.946,-271.668,NULL,0,0,4,0,100,0),
(244370,120,-7156.58,-845.211,-270.411,NULL,0,0,4,0,100,0),
(244370,121,-7158.8,-838.688,-269.904,NULL,0,0,4,0,100,0),
(244370,122,-7160.89,-832.503,-270.403,NULL,0,0,4,0,100,0),
(244370,123,-7163.26,-825.536,-271.315,NULL,0,0,4,0,100,0),
(244370,124,-7165.21,-819.788,-271.504,NULL,0,0,3,0,100,0),
(244370,125,-7163.01,-812.9,-271.249,NULL,0,0,4,0,100,0),
(244370,126,-7160.88,-806.232,-270.921,NULL,0,0,4,0,100,0),
(244370,127,-7158.57,-799.011,-271.009,NULL,0,0,4,0,100,0),
(244370,128,-7156.07,-791.203,-270.636,NULL,0,0,4,0,100,0),
(244370,129,-7153.84,-784.201,-270.899,NULL,0,0,4,0,100,0),
(244370,130,-7151.32,-776.313,-271.268,NULL,0,0,4,0,100,0),
(244370,131,-7148.58,-767.758,-271.228,NULL,0,0,4,0,100,0),
(244370,132,-7145.85,-759.196,-271.605,NULL,0,0,4,0,100,0),
(244370,133,-7143.47,-751.755,-271.543,NULL,0,0,4,0,100,0),
(244370,134,-7140.81,-743.42,-270.694,NULL,0,0,3,0,100,0),
(244370,135,-7138.22,-735.305,-270.177,NULL,0,0,4,0,100,0),
(244370,136,-7135.94,-728.19,-270.328,NULL,0,0,4,0,100,0),
(244370,137,-7133.49,-720.522,-271.142,NULL,0,0,4,0,100,0),
(244370,138,-7130.83,-712.187,-272.018,NULL,0,0,4,0,100,0),
(244370,139,-7128.28,-704.195,-271.493,NULL,0,0,4,0,100,0),
(244370,140,-7125.83,-696.523,-271.34,NULL,0,0,4,0,100,0),
(244370,141,-7123.34,-688.748,-270.688,NULL,0,0,4,0,100,0),
(244370,142,-7120.79,-680.746,-270.488,NULL,0,0,4,0,100,0),
(244370,143,-7118.3,-672.965,-270.828,NULL,0,0,4,0,100,0),
(244370,144,-7115.5,-664.183,-271.275,NULL,0,0,4,0,100,0),
(244370,145,-7112.94,-656.181,-270.626,NULL,0,0,4,0,100,0),
(244370,146,-7110.34,-648.06,-271.002,NULL,0,0,3,0,100,0),
(244370,147,-7107.89,-640.391,-272.362,NULL,0,0,4,0,100,0),
(244370,148,-7105.62,-633.277,-272.734,NULL,0,0,4,0,100,0),
(244370,149,-7103.42,-626.384,-271.02,NULL,0,0,4,0,100,0),
(244370,150,-7101.33,-619.83,-270.273,NULL,0,0,4,0,100,0),
(244370,151,-7099.05,-612.708,-270.707,NULL,0,0,4,0,100,0),
(244370,152,-7097.45,-607.707,-270.742,NULL,0,0,4,0,100,0),
(244370,153,-7095.43,-601.379,-270.611,NULL,0,0,4,0,100,0),
(244370,154,-7093.45,-595.158,-270.697,NULL,0,0,4,0,100,0),
(244370,155,-7091.81,-590.05,-269.752,NULL,0,0,4,0,100,0),
(244370,156,-7090.29,-585.269,-269.983,NULL,0,0,4,0,100,0),
(244370,157,-7088.65,-580.155,-270.641,NULL,0,0,4,0,100,0),
(244370,158,-7086.81,-574.38,-272.038,NULL,0,0,4,0,100,0),
(244370,159,-7084.75,-567.932,-270.982,NULL,0,0,3,0,100,0),
(244370,160,-7079.12,-565.383,-270.498,NULL,0,0,4,0,100,0),
(244370,161,-7072.73,-562.492,-270.301,NULL,0,0,4,0,100,0),
(244370,162,-7066.14,-559.507,-270.546,NULL,0,0,4,0,100,0),
(244370,163,-7059.66,-556.574,-271.55,NULL,0,0,4,0,100,0),
(244370,164,-7051.91,-553.063,-273.172,NULL,0,0,4,0,100,0),
(244370,165,-7045.1,-549.982,-274.546,NULL,0,0,4,0,100,0),
(244370,166,-7038.83,-547.144,-275.052,NULL,0,0,4,0,100,0),
(244370,167,-7031.72,-543.923,-274.613,NULL,0,0,4,0,100,0),
(244370,168,-7024.92,-540.842,-274.395,NULL,0,0,4,0,100,0),
(244370,169,-7017.9,-537.663,-275.117,NULL,0,0,4,0,100,0),
(244370,170,-7010.67,-534.392,-276.302,NULL,0,0,4,0,100,0),
(244370,171,-7003.23,-531.025,-277.168,NULL,0,0,3,0,100,0),
(244370,172,-6995.58,-527.561,-277.34,NULL,0,0,4,0,100,0),
(244370,173,-6988.78,-524.48,-277.101,NULL,0,0,4,0,100,0),
(244370,174,-6981.45,-521.163,-276.122,NULL,0,0,4,0,100,0),
(244370,175,-6974.97,-518.226,-275.745,NULL,0,0,4,0,100,0),
(244370,176,-6967.53,-514.86,-275.671,NULL,0,0,4,0,100,0),
(244370,177,-6961.68,-512.209,-273.978,NULL,0,0,4,0,100,0),
(244370,178,-6955.62,-509.466,-271.781,NULL,0,0,4,0,100,0),
(244370,179,-6950.1,-506.966,-270.214,NULL,0,0,4,0,100,0),
(244370,180,-6944.68,-504.512,-270.45,NULL,0,0,4,0,100,0),
(244370,181,-6938.2,-501.578,-272.126,NULL,0,0,4,0,100,0),
(244370,182,-6932.78,-499.127,-273.47,NULL,0,0,4,0,100,0),
(244370,183,-6926.83,-496.43,-272.743,NULL,0,0,4,0,100,0),
(244370,184,-6920.67,-493.641,-271.819,NULL,0,0,3,0,100,0),
(244370,185,-6914.48,-493.44,-271.998,NULL,0,0,4,0,100,0),
(244370,186,-6907.02,-493.198,-272.116,NULL,0,0,4,0,100,0),
(244370,187,-6898.27,-492.914,-272.025,NULL,0,0,4,0,100,0),
(244370,188,-6890.11,-492.649,-271.563,NULL,0,0,4,0,100,0),
(244370,189,-6881.12,-492.357,-270.758,NULL,0,0,4,0,100,0),
(244370,190,-6872.5,-492.077,-270.042,NULL,0,0,4,0,100,0),
(244370,191,-6864.11,-491.804,-270.621,NULL,0,0,3,0,100,0),
(244370,192,-6855.71,-491.532,-271.09,NULL,0,0,4,0,100,0),
(244370,193,-6847.2,-491.255,-271.153,NULL,0,0,4,0,100,0),
(244370,194,-6838.45,-490.971,-271.844,NULL,0,0,4,0,100,0),
(244370,195,-6830.06,-490.699,-272.706,NULL,0,0,4,0,100,0),
(244370,196,-6821.31,-490.415,-272.454,NULL,0,0,4,0,100,0),
(244370,197,-6813.49,-490.161,-272.962,NULL,0,0,4,0,100,0),
(244370,198,-6805.33,-489.896,-272.579,NULL,0,0,4,0,100,0),
(244370,199,-6799.15,-489.695,-272.185,NULL,0,0,3,0,100,0),
(244370,200,-6795.26,-495.796,-272.221,NULL,0,0,4,0,100,0),
(244370,201,-6791.26,-502.098,-271.886,NULL,0,0,4,0,100,0),
(244370,202,-6787.19,-508.492,-271.574,NULL,0,0,4,0,100,0),
(244370,203,-6782.93,-515.189,-271.442,NULL,0,0,4,0,100,0),
(244370,204,-6778.3,-522.472,-271.937,NULL,0,0,4,0,100,0),
(244370,205,-6774.16,-528.975,-271.411,NULL,0,0,4,0,100,0),
(244370,206,-6770.09,-535.371,-271.625,NULL,0,0,4,0,100,0),
(244370,207,-6765.08,-543.244,-271.787,NULL,0,0,4,0,100,0),
(244370,208,-6760.26,-550.828,-272.091,NULL,0,0,4,0,100,0),
(244370,209,-6754.99,-559.103,-272.221,NULL,0,0,3,0,100,0),
(244370,210,-6749.42,-567.868,-272.221,NULL,0,0,4,0,100,0),
(244370,211,-6744.53,-575.546,-272.184,NULL,0,0,4,0,100,0),
(244370,212,-6739.77,-583.029,-272.127,NULL,0,0,4,0,100,0),
(244370,213,-6734.89,-590.712,-271.946,NULL,0,0,4,0,100,0),
(244370,214,-6730.69,-597.309,-271.882,NULL,0,0,4,0,100,0),
(244370,215,-6726.31,-604.196,-271.735,NULL,0,0,4,0,100,0),
(244370,216,-6721.74,-611.384,-271.766,NULL,0,0,4,0,100,0),
(244370,217,-6717.86,-617.485,-272.055,NULL,0,0,3,0,100,0),
(244370,218,-6719.21,-625.799,-272.137,NULL,0,0,4,0,100,0),
(244370,219,-6720.86,-635.934,-271.953,NULL,0,0,4,0,100,0),
(244370,220,-6722.35,-645.033,-271.891,NULL,0,0,4,0,100,0),
(244370,221,-6723.88,-654.471,-271.984,NULL,0,0,4,0,100,0),
(244370,222,-6725.4,-663.798,-272.166,NULL,0,0,4,0,100,0),
(244370,223,-6726.92,-673.125,-272.058,NULL,0,0,4,0,100,0),
(244370,224,-6728.33,-681.754,-271.88,NULL,0,0,4,0,100,0),
(244370,225,-6729.77,-690.618,-271.846,NULL,0,0,4,0,100,0),
(244370,226,-6731.09,-698.681,-271.94,NULL,0,0,3,0,100,0),
(244370,227,-6732.55,-707.662,-272.146,NULL,0,0,4,0,100,0),
(244370,228,-6733.96,-716.299,-272.201,NULL,0,0,4,0,100,0),
(244370,229,-6735.36,-724.935,-272.142,NULL,0,0,4,0,100,0),
(244370,230,-6736.77,-733.578,-271.977,NULL,0,0,4,0,100,0),
(244370,231,-6737.99,-741.06,-272.016,NULL,0,0,4,0,100,0),
(244370,232,-6739.42,-749.8,-271.332,NULL,0,0,4,0,100,0),
(244370,233,-6740.76,-758.077,-271.121,NULL,0,0,4,0,100,0),
(244370,234,-6742.06,-766.022,-271.558,NULL,0,0,4,0,100,0),
(244370,235,-6743.45,-774.541,-271.875,NULL,0,0,3,0,100,0),
(244370,236,-6750.3,-777.471,-272.284,NULL,0,0,4,0,100,0),
(244370,237,-6756.63,-780.179,-271.783,NULL,0,0,4,0,100,0),
(244370,238,-6763.39,-783.065,-271.776,NULL,0,0,4,0,100,0),
(244370,239,-6770.79,-786.229,-271.983,NULL,0,0,4,0,100,0),
(244370,240,-6777.55,-789.118,-271.148,NULL,0,0,4,0,100,0),
(244370,241,-6783.45,-791.642,-270.648,NULL,0,0,4,0,100,0),
(244370,242,-6789.78,-794.349,-271.163,NULL,0,0,4,0,100,0),
(244370,243,-6794.29,-796.278,-271.762,NULL,0,0,4,0,100,0),
(244370,244,-6798.91,-798.251,-272.15,NULL,0,0,3,0,100,0),
(244370,245,-6804.63,-795.448,-271.663,NULL,0,0,4,0,100,0),
(244370,246,-6809.77,-792.932,-270.889,NULL,0,0,4,0,100,0),
(244370,247,-6816.26,-789.751,-271.324,NULL,0,0,4,0,100,0),
(244370,248,-6822.97,-786.465,-271.085,NULL,0,0,4,0,100,0),
(244370,249,-6829.88,-783.077,-270.824,NULL,0,0,4,0,100,0),
(244370,250,-6836.7,-779.739,-271.18,NULL,0,0,4,0,100,0),
(244370,251,-6843.08,-776.61,-271.596,NULL,0,0,4,0,100,0),
(244370,252,-6849.79,-773.324,-271.005,NULL,0,0,4,0,100,0),

(241860,1,-6522.98,-750.173,-271.114,0.019033,10000,0,3,0,100,0),
(241860,2,-6530.44,-750.315,-272.378,NULL,0,0,4,0,100,0),
(241860,3,-6536.16,-750.424,-273.846,NULL,0,0,4,0,100,0),
(241860,4,-6546.33,-750.618,-275.032,NULL,0,0,4,0,100,0),
(241860,5,-6555.61,-750.788,-274.473,NULL,0,0,4,0,100,0),
(241860,6,-6561.68,-750.904,-273.319,NULL,0,0,4,0,100,0),
(241860,7,-6567.98,-751.024,-272.46,NULL,0,0,4,0,100,0),
(241860,8,-6574.63,-751.15,-272.14,NULL,0,0,3,0,100,0),
(241860,9,-6580.69,-751.266,-272.263,NULL,0,0,4,0,100,0),
(241860,10,-6586.41,-751.375,-273.35,NULL,0,0,4,0,100,0),
(241860,11,-6597,-751.576,-275.012,NULL,0,0,4,0,100,0),
(241860,12,-6611.09,-751.845,-275.012,NULL,0,0,4,0,100,0),
(241860,13,-6624.52,-752.106,-274.438,NULL,0,0,4,0,100,0),
(241860,14,-6630.94,-752.229,-273.005,NULL,0,0,4,0,100,0),
(241860,15,-6637.36,-752.351,-272.274,NULL,0,0,4,0,100,0),
(241860,16,-6644.12,-752.48,-272.223,NULL,0,0,3,0,100,0),
(241860,17,-6651.03,-755.891,-272.13,NULL,0,0,4,0,100,0),
(241860,18,-6657.83,-759.252,-271.547,NULL,0,0,4,0,100,0),
(241860,19,-6664.63,-762.614,-270.811,NULL,0,0,4,0,100,0),
(241860,20,-6670.49,-765.507,-270.299,NULL,0,0,4,0,100,0),
(241860,21,-6676.34,-768.4,-270.271,NULL,0,0,4,0,100,0),
(241860,22,-6682.73,-771.554,-270.826,NULL,0,0,4,0,100,0),
(241860,23,-6688.89,-774.602,-271.235,NULL,0,0,4,0,100,0),
(241860,24,-6693.71,-776.981,-270.857,NULL,0,0,4,0,100,0),
(241860,25,-6699.88,-780.029,-269.928,NULL,0,0,4,0,100,0),
(241860,26,-6704.48,-782.305,-269.653,NULL,0,0,3,0,100,0),
(241860,27,-6709.82,-784.941,-269.968,NULL,0,0,4,0,100,0),
(241860,28,-6715.68,-787.838,-270.751,NULL,0,0,4,0,100,0),
(241860,29,-6722.06,-790.991,-271.501,NULL,0,0,4,0,100,0),
(241860,30,-6728.34,-794.092,-272.075,NULL,0,0,4,0,100,0),
(241860,31,-6734.71,-797.243,-271.96,NULL,0,0,4,0,100,0),
(241860,32,-6740.57,-800.139,-271.482,NULL,0,0,4,0,100,0),
(241860,33,-6745.49,-802.568,-271.119,NULL,0,0,4,0,100,0),
(241860,34,-6751.03,-805.306,-271.42,NULL,0,0,4,0,100,0),
(241860,35,-6757.83,-808.664,-272.214,NULL,0,0,4,0,100,0),
(241860,36,-6764.52,-811.97,-272.221,NULL,0,0,4,0,100,0),
(241860,37,-6770.9,-815.124,-272.221,NULL,0,0,3,0,100,0),
(241860,38,-6777.91,-813.896,-272.221,NULL,0,0,4,0,100,0),
(241860,39,-6785.96,-812.487,-272.221,NULL,0,0,4,0,100,0),
(241860,40,-6793.89,-811.099,-272.221,NULL,0,0,4,0,100,0),
(241860,41,-6802.39,-809.611,-272.221,NULL,0,0,4,0,100,0),
(241860,42,-6810.21,-808.242,-271.865,NULL,0,0,4,0,100,0),
(241860,43,-6815.72,-807.278,-270.685,NULL,0,0,4,0,100,0),
(241860,44,-6820.32,-806.473,-270.167,NULL,0,0,3,0,100,0),
(241860,45,-6825.71,-805.528,-270.584,NULL,0,0,4,0,100,0),
(241860,46,-6832.04,-804.421,-271.227,NULL,0,0,4,0,100,0),
(241860,47,-6839.16,-803.174,-271.553,NULL,0,0,4,0,100,0),
(241860,48,-6845.71,-802.027,-270.896,NULL,0,0,4,0,100,0),
(241860,49,-6852.37,-800.861,-270.254,NULL,0,0,4,0,100,0),
(241860,50,-6859.61,-799.594,-269.813,NULL,0,0,4,0,100,0),
(241860,51,-6867.08,-798.287,-270.759,NULL,0,0,4,0,100,0),
(241860,52,-6873.86,-797.1,-270.813,NULL,0,0,4,0,100,0),
(241860,53,-6880.3,-795.973,-270.326,NULL,0,0,3,0,100,0),
(241860,54,-6885.63,-791.998,-270.345,NULL,0,0,4,0,100,0),
(241860,55,-6890.96,-788.019,-270.821,NULL,0,0,4,0,100,0),
(241860,56,-6896.67,-783.764,-271.278,NULL,0,0,4,0,100,0),
(241860,57,-6901.72,-779.999,-271.475,NULL,0,0,4,0,100,0),
(241860,58,-6908.18,-775.188,-271.579,NULL,0,0,4,0,100,0),
(241860,59,-6914.54,-770.447,-271.96,NULL,0,0,4,0,100,0),
(241860,60,-6920.66,-765.883,-272.221,NULL,0,0,4,0,100,0),
(241860,61,-6926.74,-761.352,-272.221,NULL,0,0,4,0,100,0),
(241860,62,-6933,-756.683,-272.216,NULL,0,0,3,0,100,0),
(241860,63,-6939.26,-752.013,-271.956,NULL,0,0,4,0,100,0),
(241860,64,-6945.61,-747.281,-270.595,NULL,0,0,4,0,100,0),
(241860,65,-6951.59,-742.821,-269.126,NULL,0,0,4,0,100,0),
(241860,66,-6957.2,-738.641,-268.102,NULL,0,0,4,0,100,0),
(241860,67,-6962.9,-734.39,-267.483,NULL,0,0,4,0,100,0),
(241860,68,-6968.7,-730.064,-267.082,NULL,0,0,4,0,100,0),
(241860,69,-6974.32,-725.88,-266.915,NULL,0,0,4,0,100,0),
(241860,70,-6979.14,-721.129,-267.152,NULL,0,0,4,0,100,0),
(241860,71,-6984.62,-715.725,-267.8,NULL,0,0,4,0,100,0),
(241860,72,-6990.27,-710.158,-268.594,NULL,0,0,4,0,100,0),
(241860,73,-6996.09,-704.424,-268.798,NULL,0,0,3,0,100,0),
(241860,74,-7001.33,-699.265,-268.96,NULL,0,0,4,0,100,0),
(241860,75,-7006.98,-693.694,-269.619,NULL,0,0,4,0,100,0),
(241860,76,-7012.63,-688.122,-270.731,NULL,0,0,4,0,100,0),
(241860,77,-7018.78,-682.064,-271.793,NULL,0,0,4,0,100,0),
(241860,78,-7025.68,-675.264,-272.083,NULL,0,0,4,0,100,0),
(241860,79,-7032.16,-668.877,-272.119,NULL,0,0,4,0,100,0),
(241860,80,-7038.15,-662.976,-271.848,NULL,0,0,3,0,100,0),
(241860,81,-7043.89,-657.326,-271.947,NULL,0,0,4,0,100,0),
(241860,82,-7049.71,-651.592,-271.672,NULL,0,0,4,0,100,0),
(241860,83,-7055.19,-646.187,-270.588,NULL,0,0,4,0,100,0),
(241860,84,-7061.01,-640.453,-269.135,NULL,0,0,4,0,100,0),
(241860,85,-7066.66,-634.882,-268.759,NULL,0,0,4,0,100,0),
(241860,86,-7072.4,-629.232,-269.417,NULL,0,0,4,0,100,0),
(241860,87,-7076.96,-624.731,-270.755,NULL,0,0,4,0,100,0),
(241860,88,-7082.12,-619.651,-271.674,NULL,0,0,4,0,100,0),
(241860,89,-7087.43,-614.413,-270.568,NULL,0,0,3,0,100,0),
(241860,90,-7094.53,-613.963,-271.139,NULL,0,0,4,0,100,0),
(241860,91,-7101.29,-613.534,-270.353,NULL,0,0,4,0,100,0),
(241860,92,-7107.57,-613.136,-269.757,NULL,0,0,4,0,100,0),
(241860,93,-7114.79,-612.678,-269.993,NULL,0,0,4,0,100,0),
(241860,94,-7122.82,-612.168,-270.447,NULL,0,0,4,0,100,0),
(241860,95,-7130.86,-611.659,-270.612,NULL,0,0,4,0,100,0),
(241860,96,-7139.12,-611.135,-270.602,NULL,0,0,4,0,100,0),
(241860,97,-7147.16,-610.625,-270.731,NULL,0,0,4,0,100,0),
(241860,98,-7155.19,-610.115,-270.865,NULL,0,0,3,0,100,0),
(241860,99,-7163.35,-609.598,-271.09,NULL,0,0,4,0,100,0),
(241860,100,-7171.85,-609.059,-271.656,NULL,0,0,4,0,100,0),
(241860,101,-7179.31,-608.586,-270.883,NULL,0,0,4,0,100,0),
(241860,102,-7187.11,-608.091,-270.276,NULL,0,0,4,0,100,0),
(241860,103,-7195.37,-607.567,-270.122,NULL,0,0,4,0,100,0),
(241860,104,-7202.6,-607.109,-270.141,NULL,0,0,4,0,100,0),
(241860,105,-7210.63,-606.599,-269.726,NULL,0,0,4,0,100,0),
(241860,106,-7217.73,-606.149,-269.97,NULL,0,0,4,0,100,0),
(241860,107,-7225.3,-605.668,-270.463,NULL,0,0,3,0,100,0),
(241860,108,-7231.75,-602.964,-270.46,NULL,0,0,4,0,100,0),
(241860,109,-7238.53,-600.121,-269.344,NULL,0,0,4,0,100,0),
(241860,110,-7244.66,-597.549,-269.067,NULL,0,0,4,0,100,0),
(241860,111,-7249.39,-595.564,-269.376,NULL,0,0,4,0,100,0),
(241860,112,-7255.96,-592.811,-270.735,NULL,0,0,4,0,100,0),
(241860,113,-7262.95,-589.879,-271.644,NULL,0,0,4,0,100,0),
(241860,114,-7270.48,-586.719,-272.271,NULL,0,0,4,0,100,0),
(241860,115,-7277.57,-583.743,-271.548,NULL,0,0,4,0,100,0),
(241860,116,-7284.56,-580.814,-270.789,NULL,10000,0,3,0,100,0),
(241860,117,-7277.57,-583.743,-271.548,NULL,0,0,4,0,100,0),
(241860,118,-7270.48,-586.719,-272.271,NULL,0,0,4,0,100,0),
(241860,119,-7262.95,-589.879,-271.644,NULL,0,0,4,0,100,0),
(241860,120,-7255.96,-592.811,-270.735,NULL,0,0,4,0,100,0),
(241860,121,-7249.39,-595.564,-269.376,NULL,0,0,4,0,100,0),
(241860,122,-7244.66,-597.549,-269.067,NULL,0,0,4,0,100,0),
(241860,123,-7238.53,-600.121,-269.344,NULL,0,0,4,0,100,0),
(241860,124,-7231.75,-602.964,-270.46,NULL,0,0,4,0,100,0),
(241860,125,-7225.3,-605.668,-270.463,NULL,0,0,3,0,100,0),
(241860,126,-7217.73,-606.149,-269.97,NULL,0,0,4,0,100,0),
(241860,127,-7210.63,-606.599,-269.726,NULL,0,0,4,0,100,0),
(241860,128,-7202.6,-607.109,-270.141,NULL,0,0,4,0,100,0),
(241860,129,-7195.37,-607.567,-270.122,NULL,0,0,4,0,100,0),
(241860,130,-7187.11,-608.091,-270.276,NULL,0,0,4,0,100,0),
(241860,131,-7179.31,-608.586,-270.883,NULL,0,0,4,0,100,0),
(241860,132,-7171.85,-609.059,-271.656,NULL,0,0,4,0,100,0),
(241860,133,-7163.35,-609.598,-271.09,NULL,0,0,4,0,100,0),
(241860,134,-7155.19,-610.115,-270.865,NULL,0,0,3,0,100,0),
(241860,135,-7147.16,-610.625,-270.731,NULL,0,0,4,0,100,0),
(241860,136,-7139.12,-611.135,-270.602,NULL,0,0,4,0,100,0),
(241860,137,-7130.86,-611.659,-270.612,NULL,0,0,4,0,100,0),
(241860,138,-7122.82,-612.168,-270.447,NULL,0,0,4,0,100,0),
(241860,139,-7114.79,-612.678,-269.993,NULL,0,0,4,0,100,0),
(241860,140,-7107.57,-613.136,-269.757,NULL,0,0,4,0,100,0),
(241860,141,-7101.29,-613.534,-270.353,NULL,0,0,4,0,100,0),
(241860,142,-7094.53,-613.963,-271.139,NULL,0,0,4,0,100,0),
(241860,143,-7087.43,-614.413,-270.568,NULL,0,0,3,0,100,0),
(241860,144,-7082.12,-619.651,-271.674,NULL,0,0,4,0,100,0),
(241860,145,-7076.96,-624.731,-270.755,NULL,0,0,4,0,100,0),
(241860,146,-7072.4,-629.232,-269.417,NULL,0,0,4,0,100,0),
(241860,147,-7066.66,-634.882,-268.759,NULL,0,0,4,0,100,0),
(241860,148,-7061.01,-640.453,-269.135,NULL,0,0,4,0,100,0),
(241860,149,-7055.19,-646.187,-270.588,NULL,0,0,4,0,100,0),
(241860,150,-7049.71,-651.592,-271.672,NULL,0,0,4,0,100,0),
(241860,151,-7043.89,-657.326,-271.947,NULL,0,0,4,0,100,0),
(241860,152,-7038.15,-662.976,-271.848,NULL,0,0,3,0,100,0),
(241860,153,-7032.16,-668.877,-272.119,NULL,0,0,4,0,100,0),
(241860,154,-7025.68,-675.264,-272.083,NULL,0,0,4,0,100,0),
(241860,155,-7018.78,-682.064,-271.793,NULL,0,0,4,0,100,0),
(241860,156,-7012.63,-688.122,-270.731,NULL,0,0,4,0,100,0),
(241860,157,-7006.98,-693.694,-269.619,NULL,0,0,4,0,100,0),
(241860,158,-7001.33,-699.265,-268.96,NULL,0,0,4,0,100,0),
(241860,159,-6996.09,-704.424,-268.798,NULL,0,0,3,0,100,0),
(241860,160,-6990.27,-710.158,-268.594,NULL,0,0,4,0,100,0),
(241860,161,-6984.62,-715.725,-267.8,NULL,0,0,4,0,100,0),
(241860,162,-6979.14,-721.129,-267.152,NULL,0,0,4,0,100,0),
(241860,163,-6974.32,-725.88,-266.915,NULL,0,0,4,0,100,0),
(241860,164,-6968.7,-730.064,-267.082,NULL,0,0,4,0,100,0),
(241860,165,-6962.9,-734.39,-267.483,NULL,0,0,4,0,100,0),
(241860,166,-6957.2,-738.641,-268.102,NULL,0,0,4,0,100,0),
(241860,167,-6951.59,-742.821,-269.126,NULL,0,0,4,0,100,0),
(241860,168,-6945.61,-747.281,-270.595,NULL,0,0,4,0,100,0),
(241860,169,-6939.26,-752.013,-271.956,NULL,0,0,4,0,100,0),
(241860,170,-6933,-756.683,-272.216,NULL,0,0,3,0,100,0),
(241860,171,-6926.74,-761.352,-272.221,NULL,0,0,4,0,100,0),
(241860,172,-6920.66,-765.883,-272.221,NULL,0,0,4,0,100,0),
(241860,173,-6914.54,-770.447,-271.96,NULL,0,0,4,0,100,0),
(241860,174,-6908.18,-775.188,-271.579,NULL,0,0,4,0,100,0),
(241860,175,-6901.72,-779.999,-271.475,NULL,0,0,4,0,100,0),
(241860,176,-6896.67,-783.764,-271.278,NULL,0,0,4,0,100,0),
(241860,177,-6890.96,-788.019,-270.821,NULL,0,0,4,0,100,0),
(241860,178,-6885.63,-791.998,-270.345,NULL,0,0,4,0,100,0),
(241860,179,-6880.3,-795.973,-270.326,NULL,0,0,3,0,100,0),
(241860,180,-6873.86,-797.1,-270.813,NULL,0,0,4,0,100,0),
(241860,181,-6867.08,-798.287,-270.759,NULL,0,0,4,0,100,0),
(241860,182,-6859.61,-799.594,-269.813,NULL,0,0,4,0,100,0),
(241860,183,-6852.37,-800.861,-270.254,NULL,0,0,4,0,100,0),
(241860,184,-6845.71,-802.027,-270.896,NULL,0,0,4,0,100,0),
(241860,185,-6839.16,-803.174,-271.553,NULL,0,0,4,0,100,0),
(241860,186,-6832.04,-804.421,-271.227,NULL,0,0,4,0,100,0),
(241860,187,-6825.71,-805.528,-270.584,NULL,0,0,4,0,100,0),
(241860,188,-6820.32,-806.473,-270.167,NULL,0,0,3,0,100,0),
(241860,189,-6815.72,-807.278,-270.685,NULL,0,0,4,0,100,0),
(241860,190,-6810.21,-808.242,-271.865,NULL,0,0,4,0,100,0),
(241860,191,-6802.39,-809.611,-272.221,NULL,0,0,4,0,100,0),
(241860,192,-6793.89,-811.099,-272.221,NULL,0,0,4,0,100,0),
(241860,193,-6785.96,-812.487,-272.221,NULL,0,0,4,0,100,0),
(241860,194,-6777.91,-813.896,-272.221,NULL,0,0,4,0,100,0),
(241860,195,-6770.9,-815.124,-272.221,NULL,0,0,3,0,100,0),
(241860,196,-6764.52,-811.97,-272.221,NULL,0,0,4,0,100,0),
(241860,197,-6757.83,-808.664,-272.214,NULL,0,0,4,0,100,0),
(241860,198,-6751.03,-805.306,-271.42,NULL,0,0,4,0,100,0),
(241860,199,-6745.49,-802.568,-271.119,NULL,0,0,4,0,100,0),
(241860,200,-6740.57,-800.139,-271.482,NULL,0,0,4,0,100,0),
(241860,201,-6734.71,-797.243,-271.96,NULL,0,0,4,0,100,0),
(241860,202,-6728.34,-794.092,-272.075,NULL,0,0,4,0,100,0),
(241860,203,-6722.06,-790.991,-271.501,NULL,0,0,4,0,100,0),
(241860,204,-6715.68,-787.838,-270.751,NULL,0,0,4,0,100,0),
(241860,205,-6709.82,-784.941,-269.968,NULL,0,0,4,0,100,0),
(241860,206,-6704.48,-782.305,-269.653,NULL,0,0,3,0,100,0),
(241860,207,-6699.88,-780.029,-269.928,NULL,0,0,4,0,100,0),
(241860,208,-6693.71,-776.981,-270.857,NULL,0,0,4,0,100,0),
(241860,209,-6688.89,-774.602,-271.235,NULL,0,0,4,0,100,0),
(241860,210,-6682.73,-771.554,-270.826,NULL,0,0,4,0,100,0),
(241860,211,-6676.34,-768.4,-270.271,NULL,0,0,4,0,100,0),
(241860,212,-6670.49,-765.507,-270.299,NULL,0,0,4,0,100,0),
(241860,213,-6664.63,-762.614,-270.811,NULL,0,0,4,0,100,0),
(241860,214,-6657.83,-759.252,-271.547,NULL,0,0,4,0,100,0),
(241860,215,-6651.03,-755.891,-272.13,NULL,0,0,4,0,100,0),
(241860,216,-6644.12,-752.48,-272.223,NULL,0,0,3,0,100,0),
(241860,217,-6637.36,-752.351,-272.274,NULL,0,0,4,0,100,0),
(241860,218,-6630.94,-752.229,-273.005,NULL,0,0,4,0,100,0),
(241860,219,-6624.52,-752.106,-274.438,NULL,0,0,4,0,100,0),
(241860,220,-6611.09,-751.845,-275.012,NULL,0,0,4,0,100,0),
(241860,221,-6597,-751.576,-275.012,NULL,0,0,4,0,100,0),
(241860,222,-6586.41,-751.375,-273.35,NULL,0,0,4,0,100,0),
(241860,223,-6580.69,-751.266,-272.263,NULL,0,0,4,0,100,0),
(241860,224,-6574.63,-751.15,-272.14,NULL,0,0,3,0,100,0),
(241860,225,-6567.98,-751.024,-272.46,NULL,0,0,4,0,100,0),
(241860,226,-6561.68,-750.904,-273.319,NULL,0,0,4,0,100,0),
(241860,227,-6555.61,-750.788,-274.473,NULL,0,0,4,0,100,0),
(241860,228,-6546.33,-750.618,-275.032,NULL,0,0,4,0,100,0),
(241860,229,-6536.16,-750.424,-273.846,NULL,0,0,4,0,100,0),
(241860,230,-6530.44,-750.315,-272.378,NULL,0,0,4,0,100,0),

(241850,1,-6864.71,-619.128,-271.371,1.14371,10000,0,3,0,100,0),
(241850,2,-6867.8,-625.926,-271.041,NULL,0,0,4,0,100,0),
(241850,3,-6870.85,-632.616,-270.207,NULL,0,0,4,0,100,0),
(241850,4,-6873.6,-638.663,-269.804,NULL,0,0,4,0,100,0),
(241850,5,-6876.36,-644.716,-270.44,NULL,0,0,4,0,100,0),
(241850,6,-6879.5,-651.616,-271.025,NULL,0,0,4,0,100,0),
(241850,7,-6882.64,-658.516,-270.733,NULL,0,0,4,0,100,0),
(241850,8,-6885.68,-665.206,-270.988,NULL,0,0,4,0,100,0),
(241850,9,-6888.77,-672.004,-271.52,NULL,0,0,4,0,100,0),
(241850,10,-6892.21,-679.547,-271.853,NULL,0,0,3,0,100,0),
(241850,11,-6895.45,-686.664,-271.991,NULL,0,0,4,0,100,0),
(241850,12,-6898.68,-693.78,-271.951,NULL,0,0,4,0,100,0),
(241850,13,-6902.26,-701.642,-271.804,NULL,0,0,4,0,100,0),
(241850,14,-6905.5,-708.759,-271.703,NULL,0,0,4,0,100,0),
(241850,15,-6908.79,-715.978,-271.69,NULL,0,0,4,0,100,0),
(241850,16,-6912.46,-724.044,-271.786,NULL,0,0,4,0,100,0),
(241850,17,-6916.08,-732.008,-271.989,NULL,0,0,4,0,100,0),
(241850,18,-6919.52,-739.551,-272.085,NULL,0,0,4,0,100,0),
(241850,19,-6922.61,-746.349,-272.185,NULL,0,0,3,0,100,0),
(241850,20,-6928.29,-752.042,-272.2,NULL,0,0,4,0,100,0),
(241850,21,-6933.4,-757.16,-272.215,NULL,0,0,4,0,100,0),
(241850,22,-6938.59,-762.362,-272.221,NULL,0,0,4,0,100,0),
(241850,23,-6944.12,-767.896,-272.222,NULL,0,0,4,0,100,0),
(241850,24,-6949.63,-773.425,-272.216,NULL,0,0,4,0,100,0),
(241850,25,-6955.24,-779.043,-272.21,NULL,0,0,4,0,100,0),
(241850,26,-6960.68,-784.491,-272.136,NULL,0,0,4,0,100,0),
(241850,27,-6966.12,-789.94,-271.871,NULL,0,0,4,0,100,0),
(241850,28,-6971.39,-795.226,-271.803,NULL,0,0,4,0,100,0),
(241850,29,-6977.17,-801.008,-271.963,NULL,0,0,4,0,100,0),
(241850,30,-6983.27,-807.122,-271.881,NULL,0,0,4,0,100,0),
(241850,31,-6988.21,-812.076,-271.705,NULL,0,0,3,0,100,0),
(241850,32,-6993.65,-817.526,-271.68,NULL,0,0,4,0,100,0),
(241850,33,-6999.75,-823.635,-271.982,NULL,0,0,4,0,100,0),
(241850,34,-7005.43,-829.329,-271.767,NULL,0,0,4,0,100,0),
(241850,35,-7010.87,-834.779,-271.404,NULL,0,0,4,0,100,0),
(241850,36,-7016.81,-840.724,-271.195,NULL,0,0,4,0,100,0),
(241850,37,-7022.33,-846.259,-271.134,NULL,0,0,4,0,100,0),
(241850,38,-7028.02,-851.956,-271.196,NULL,0,0,4,0,100,0),
(241850,39,-7033.95,-857.901,-271.164,NULL,0,0,4,0,100,0),
(241850,40,-7040.22,-864.179,-270.708,NULL,0,0,4,0,100,0),
(241850,41,-7045.99,-869.96,-270.243,NULL,0,0,3,0,100,0),
(241850,42,-7052.35,-872.284,-270.524,NULL,0,0,4,0,100,0),
(241850,43,-7059.91,-875.048,-271.367,NULL,0,0,4,0,100,0),
(241850,44,-7068.35,-878.134,-272.063,NULL,0,0,4,0,100,0),
(241850,45,-7076.45,-881.097,-272.221,NULL,0,0,4,0,100,0),
(241850,46,-7085.55,-884.421,-272.16,NULL,0,0,4,0,100,0),
(241850,47,-7093.65,-887.384,-271.993,NULL,0,0,4,0,100,0),
(241850,48,-7102.42,-890.589,-271.408,NULL,0,0,4,0,100,0),
(241850,49,-7110.64,-893.593,-270.996,NULL,0,0,4,0,100,0),
(241850,50,-7118.2,-896.357,-271.149,NULL,0,0,4,0,100,0),
(241850,51,-7126.31,-899.32,-271.288,NULL,0,0,4,0,100,0),
(241850,52,-7133.31,-901.882,-271.576,NULL,0,0,4,0,100,0),
(241850,53,-7141.64,-904.926,-271.647,NULL,0,0,3,0,100,0),
(241850,54,-7148.5,-906.352,-272.083,NULL,0,0,4,0,100,0),
(241850,55,-7156.72,-908.063,-272.428,NULL,0,0,4,0,100,0),
(241850,56,-7164.94,-909.775,-271.824,NULL,0,0,4,0,100,0),
(241850,57,-7172.93,-911.437,-271.147,NULL,0,0,4,0,100,0),
(241850,58,-7181.95,-913.314,-270.885,NULL,0,0,4,0,100,0),
(241850,59,-7190.64,-915.121,-270.9,NULL,0,0,4,0,100,0),
(241850,60,-7200.35,-917.141,-271.17,NULL,0,0,4,0,100,0),
(241850,61,-7209.15,-918.972,-270.79,NULL,0,0,4,0,100,0),
(241850,62,-7217.83,-920.779,-270.657,NULL,0,0,3,0,100,0),
(241850,63,-7226.39,-922.56,-270.943,NULL,0,0,4,0,100,0),
(241850,64,-7234.05,-924.153,-271.648,NULL,0,0,4,0,100,0),
(241850,65,-7242.15,-925.84,-272.635,NULL,0,0,4,0,100,0),
(241850,66,-7249.69,-927.408,-272.644,NULL,0,0,4,0,100,0),
(241850,67,-7257.46,-929.024,-272.75,NULL,0,0,4,0,100,0),
(241850,68,-7263.39,-930.259,-271.869,NULL,0,0,4,0,100,0),
(241850,69,-7270.24,-931.685,-271.312,NULL,0,0,4,0,100,0),
(241850,70,-7275.95,-932.873,-271.115,NULL,0,0,4,0,100,0),
(241850,71,-7282.35,-934.205,-271.357,NULL,0,0,4,0,100,0),
(241850,72,-7289.55,-935.702,-271.617,NULL,0,0,3,0,100,0),
(241850,73,-7296.66,-935.429,-271.299,NULL,0,0,4,0,100,0),
(241850,74,-7303.3,-935.175,-271.472,NULL,0,0,4,0,100,0),
(241850,75,-7310.53,-934.897,-271.861,NULL,0,0,4,0,100,0),
(241850,76,-7317.3,-934.638,-271.418,NULL,0,0,4,0,100,0),
(241850,77,-7324.17,-934.374,-269.957,NULL,0,0,4,0,100,0),
(241850,78,-7330.94,-934.115,-269.017,NULL,0,0,4,0,100,0),
(241850,79,-7337.6,-933.859,-268.971,NULL,0,0,4,0,100,0),
(241850,80,-7344.12,-933.609,-269.462,NULL,0,0,4,0,100,0),
(241850,81,-7352.17,-933.301,-270.685,NULL,0,0,4,0,100,0),
(241850,82,-7359.74,-933.01,-271.684,NULL,0,0,3,0,100,0),
(241850,83,-7367.67,-932.706,-272.179,NULL,0,0,4,0,100,0),
(241850,84,-7376.76,-932.358,-272.222,NULL,0,0,4,0,100,0),
(241850,85,-7385.85,-932.009,-272.2,NULL,0,0,4,0,100,0),
(241850,86,-7394.48,-931.678,-271.926,NULL,0,0,4,0,100,0),
(241850,87,-7403.57,-931.33,-271.362,NULL,0,0,4,0,100,0),
(241850,88,-7411.62,-931.021,-270.806,NULL,0,0,4,0,100,0),
(241850,89,-7419.43,-930.721,-270.521,NULL,0,0,4,0,100,0),
(241850,90,-7426.77,-930.44,-270.51,NULL,0,0,3,0,100,0),
(241850,91,-7434.59,-930.14,-270.681,NULL,0,0,4,0,100,0),
(241850,92,-7442.16,-929.85,-271.355,NULL,0,0,4,0,100,0),
(241850,93,-7450.91,-929.514,-272.17,NULL,0,0,4,0,100,0),
(241850,94,-7458.6,-929.219,-272.365,NULL,0,0,4,0,100,0),
(241850,95,-7465.6,-928.951,-272.243,NULL,0,0,4,0,100,0),
(241850,96,-7473.3,-928.656,-272.224,NULL,0,0,4,0,100,0),
(241850,97,-7480.99,-928.361,-272.224,NULL,0,0,4,0,100,0),
(241850,98,-7489.74,-928.026,-272.216,NULL,0,0,4,0,100,0),
(241850,99,-7498.25,-927.699,-272.164,NULL,0,0,3,0,100,0),
(241850,100,-7502.15,-934.198,-271.838,NULL,0,0,4,0,100,0),
(241850,101,-7506.11,-940.792,-271.443,NULL,0,0,4,0,100,0),
(241850,102,-7510.2,-947.597,-271.695,NULL,0,0,4,0,100,0),
(241850,103,-7514.41,-954.593,-272.272,NULL,0,0,4,0,100,0),
(241850,104,-7518.79,-961.896,-271.532,NULL,0,0,4,0,100,0),
(241850,105,-7522.69,-968.388,-270.493,NULL,0,0,4,0,100,0),
(241850,106,-7526.6,-974.892,-270.461,NULL,0,0,4,0,100,0),
(241850,107,-7530.93,-982.093,-270.264,NULL,0,0,4,0,100,0),
(241850,108,-7534.95,-988.795,-270.058,NULL,0,0,4,0,100,0),
(241850,109,-7539.52,-996.392,-270.152,NULL,0,0,4,0,100,0),
(241850,110,-7543.72,-1003.39,-269.85,NULL,0,0,4,0,100,0),
(241850,111,-7547.45,-1009.59,-269.509,NULL,0,0,4,0,100,0),
(241850,112,-7551.59,-1016.49,-268.78,NULL,10000,0,3,0,100,0),
(241850,113,-7547.45,-1009.59,-269.509,NULL,0,0,4,0,100,0),
(241850,114,-7543.72,-1003.39,-269.85,NULL,0,0,4,0,100,0),
(241850,115,-7539.52,-996.392,-270.152,NULL,0,0,4,0,100,0),
(241850,116,-7534.95,-988.795,-270.058,NULL,0,0,4,0,100,0),
(241850,117,-7530.93,-982.093,-270.264,NULL,0,0,4,0,100,0),
(241850,118,-7526.6,-974.892,-270.461,NULL,0,0,4,0,100,0),
(241850,119,-7522.69,-968.388,-270.493,NULL,0,0,4,0,100,0),
(241850,120,-7518.79,-961.896,-271.532,NULL,0,0,4,0,100,0),
(241850,121,-7514.41,-954.593,-272.272,NULL,0,0,4,0,100,0),
(241850,122,-7510.2,-947.597,-271.695,NULL,0,0,4,0,100,0),
(241850,123,-7506.11,-940.792,-271.443,NULL,0,0,4,0,100,0),
(241850,124,-7502.15,-934.198,-271.838,NULL,0,0,4,0,100,0),
(241850,125,-7498.25,-927.699,-272.164,NULL,0,0,3,0,100,0),
(241850,126,-7489.74,-928.026,-272.216,NULL,0,0,4,0,100,0),
(241850,127,-7480.99,-928.361,-272.224,NULL,0,0,4,0,100,0),
(241850,128,-7473.3,-928.656,-272.224,NULL,0,0,4,0,100,0),
(241850,129,-7465.6,-928.951,-272.243,NULL,0,0,4,0,100,0),
(241850,130,-7458.6,-929.219,-272.365,NULL,0,0,4,0,100,0),
(241850,131,-7450.91,-929.514,-272.17,NULL,0,0,4,0,100,0),
(241850,132,-7442.16,-929.85,-271.355,NULL,0,0,4,0,100,0),
(241850,133,-7434.59,-930.14,-270.681,NULL,0,0,4,0,100,0),
(241850,134,-7426.77,-930.44,-270.51,NULL,0,0,3,0,100,0),
(241850,135,-7419.43,-930.721,-270.521,NULL,0,0,4,0,100,0),
(241850,136,-7411.62,-931.021,-270.806,NULL,0,0,4,0,100,0),
(241850,137,-7403.57,-931.33,-271.362,NULL,0,0,4,0,100,0),
(241850,138,-7394.48,-931.678,-271.926,NULL,0,0,4,0,100,0),
(241850,139,-7385.85,-932.009,-272.2,NULL,0,0,4,0,100,0),
(241850,140,-7376.76,-932.358,-272.222,NULL,0,0,4,0,100,0),
(241850,141,-7367.67,-932.706,-272.179,NULL,0,0,4,0,100,0),
(241850,142,-7359.74,-933.01,-271.684,NULL,0,0,3,0,100,0),
(241850,143,-7352.17,-933.301,-270.685,NULL,0,0,4,0,100,0),
(241850,144,-7344.12,-933.609,-269.462,NULL,0,0,4,0,100,0),
(241850,145,-7337.6,-933.859,-268.971,NULL,0,0,4,0,100,0),
(241850,146,-7330.94,-934.115,-269.017,NULL,0,0,4,0,100,0),
(241850,147,-7324.17,-934.374,-269.957,NULL,0,0,4,0,100,0),
(241850,148,-7317.3,-934.638,-271.418,NULL,0,0,4,0,100,0),
(241850,149,-7310.53,-934.897,-271.861,NULL,0,0,4,0,100,0),
(241850,150,-7303.3,-935.175,-271.472,NULL,0,0,4,0,100,0),
(241850,151,-7296.66,-935.429,-271.299,NULL,0,0,4,0,100,0),
(241850,152,-7289.55,-935.702,-271.617,NULL,0,0,3,0,100,0),
(241850,153,-7282.35,-934.205,-271.357,NULL,0,0,4,0,100,0),
(241850,154,-7275.95,-932.873,-271.115,NULL,0,0,4,0,100,0),
(241850,155,-7270.24,-931.685,-271.312,NULL,0,0,4,0,100,0),
(241850,156,-7263.39,-930.259,-271.869,NULL,0,0,4,0,100,0),
(241850,157,-7257.46,-929.024,-272.75,NULL,0,0,4,0,100,0),
(241850,158,-7249.69,-927.408,-272.644,NULL,0,0,4,0,100,0),
(241850,159,-7242.15,-925.84,-272.635,NULL,0,0,4,0,100,0),
(241850,160,-7234.05,-924.153,-271.648,NULL,0,0,4,0,100,0),
(241850,161,-7226.39,-922.56,-270.943,NULL,0,0,4,0,100,0),
(241850,162,-7217.83,-920.779,-270.657,NULL,0,0,3,0,100,0),
(241850,163,-7209.15,-918.972,-270.79,NULL,0,0,4,0,100,0),
(241850,164,-7200.35,-917.141,-271.17,NULL,0,0,4,0,100,0),
(241850,165,-7190.64,-915.121,-270.9,NULL,0,0,4,0,100,0),
(241850,166,-7181.95,-913.314,-270.885,NULL,0,0,4,0,100,0),
(241850,167,-7172.93,-911.437,-271.147,NULL,0,0,4,0,100,0),
(241850,168,-7164.94,-909.775,-271.824,NULL,0,0,4,0,100,0),
(241850,169,-7156.72,-908.063,-272.428,NULL,0,0,4,0,100,0),
(241850,170,-7148.5,-906.352,-272.083,NULL,0,0,4,0,100,0),
(241850,171,-7141.64,-904.926,-271.647,NULL,0,0,3,0,100,0),
(241850,172,-7133.31,-901.882,-271.576,NULL,0,0,4,0,100,0),
(241850,173,-7126.31,-899.32,-271.288,NULL,0,0,4,0,100,0),
(241850,174,-7118.2,-896.357,-271.149,NULL,0,0,4,0,100,0),
(241850,175,-7110.64,-893.593,-270.996,NULL,0,0,4,0,100,0),
(241850,176,-7102.42,-890.589,-271.408,NULL,0,0,4,0,100,0),
(241850,177,-7093.65,-887.384,-271.993,NULL,0,0,4,0,100,0),
(241850,178,-7085.55,-884.421,-272.16,NULL,0,0,4,0,100,0),
(241850,179,-7076.45,-881.097,-272.221,NULL,0,0,4,0,100,0),
(241850,180,-7068.35,-878.134,-272.063,NULL,0,0,4,0,100,0),
(241850,181,-7059.91,-875.048,-271.367,NULL,0,0,4,0,100,0),
(241850,182,-7052.35,-872.284,-270.524,NULL,0,0,4,0,100,0),
(241850,183,-7045.99,-869.96,-270.243,NULL,0,0,3,0,100,0),
(241850,184,-7040.22,-864.179,-270.708,NULL,0,0,4,0,100,0),
(241850,185,-7033.95,-857.901,-271.164,NULL,0,0,4,0,100,0),
(241850,186,-7028.02,-851.956,-271.196,NULL,0,0,4,0,100,0),
(241850,187,-7022.33,-846.259,-271.134,NULL,0,0,4,0,100,0),
(241850,188,-7016.81,-840.724,-271.195,NULL,0,0,4,0,100,0),
(241850,189,-7010.87,-834.779,-271.404,NULL,0,0,4,0,100,0),
(241850,190,-7005.43,-829.329,-271.767,NULL,0,0,4,0,100,0),
(241850,191,-6999.75,-823.635,-271.982,NULL,0,0,4,0,100,0),
(241850,192,-6993.65,-817.526,-271.68,NULL,0,0,4,0,100,0),
(241850,193,-6988.21,-812.076,-271.705,NULL,0,0,3,0,100,0),
(241850,194,-6983.27,-807.122,-271.881,NULL,0,0,4,0,100,0),
(241850,195,-6977.17,-801.008,-271.963,NULL,0,0,4,0,100,0),
(241850,196,-6971.39,-795.226,-271.803,NULL,0,0,4,0,100,0),
(241850,197,-6966.12,-789.94,-271.871,NULL,0,0,4,0,100,0),
(241850,198,-6960.68,-784.491,-272.136,NULL,0,0,4,0,100,0),
(241850,199,-6955.24,-779.043,-272.21,NULL,0,0,4,0,100,0),
(241850,200,-6949.63,-773.425,-272.216,NULL,0,0,4,0,100,0),
(241850,201,-6944.12,-767.896,-272.222,NULL,0,0,4,0,100,0),
(241850,202,-6938.59,-762.362,-272.221,NULL,0,0,4,0,100,0),
(241850,203,-6933.4,-757.16,-272.215,NULL,0,0,4,0,100,0),
(241850,204,-6928.29,-752.042,-272.2,NULL,0,0,4,0,100,0),
(241850,205,-6922.61,-746.349,-272.185,NULL,0,0,3,0,100,0),
(241850,206,-6919.52,-739.551,-272.085,NULL,0,0,4,0,100,0),
(241850,207,-6916.08,-732.008,-271.989,NULL,0,0,4,0,100,0),
(241850,208,-6912.46,-724.044,-271.786,NULL,0,0,4,0,100,0),
(241850,209,-6908.79,-715.978,-271.69,NULL,0,0,4,0,100,0),
(241850,210,-6905.5,-708.759,-271.703,NULL,0,0,4,0,100,0),
(241850,211,-6902.26,-701.642,-271.804,NULL,0,0,4,0,100,0),
(241850,212,-6898.68,-693.78,-271.951,NULL,0,0,4,0,100,0),
(241850,213,-6895.45,-686.664,-271.991,NULL,0,0,4,0,100,0),
(241850,214,-6892.21,-679.547,-271.853,NULL,0,0,3,0,100,0),
(241850,215,-6888.77,-672.004,-271.52,NULL,0,0,4,0,100,0),
(241850,216,-6885.68,-665.206,-270.988,NULL,0,0,4,0,100,0),
(241850,217,-6882.64,-658.516,-270.733,NULL,0,0,4,0,100,0),
(241850,218,-6879.5,-651.616,-271.025,NULL,0,0,4,0,100,0),
(241850,219,-6876.36,-644.716,-270.44,NULL,0,0,4,0,100,0),
(241850,220,-6873.6,-638.663,-269.804,NULL,0,0,4,0,100,0),
(241850,221,-6870.85,-632.616,-270.207,NULL,0,0,4,0,100,0),
(241850,222,-6867.8,-625.926,-271.041,NULL,0,0,4,0,100,0),

(241840,1,-7780.71,-1447.62,-270.842,3.5305,10000,0,3,0,100,0),
(241840,2,-7772.19,-1444.13,-271.632,NULL,0,0,4,0,100,0),
(241840,3,-7763.88,-1440.72,-271.981,NULL,0,0,4,0,100,0),
(241840,4,-7755.88,-1437.45,-272.147,NULL,0,0,4,0,100,0),
(241840,5,-7746.81,-1433.73,-272.183,NULL,0,0,4,0,100,0),
(241840,6,-7738.7,-1430.41,-271.908,NULL,0,0,4,0,100,0),
(241840,7,-7731.9,-1427.62,-271.298,NULL,0,0,4,0,100,0),
(241840,8,-7723.48,-1424.17,-271.044,NULL,0,0,4,0,100,0),
(241840,9,-7715.28,-1420.81,-270.18,NULL,0,0,4,0,100,0),
(241840,10,-7706.85,-1417.36,-269.749,NULL,0,0,4,0,100,0),
(241840,11,-7698.65,-1413.99,-269.591,NULL,0,0,4,0,100,0),
(241840,12,-7691.09,-1410.9,-269.962,NULL,0,0,3,0,100,0),
(241840,13,-7683.8,-1411.82,-269.689,NULL,0,0,4,0,100,0),
(241840,14,-7675.58,-1412.85,-269.686,NULL,0,0,4,0,100,0),
(241840,15,-7667.82,-1413.83,-268.99,NULL,0,0,4,0,100,0),
(241840,16,-7660.53,-1414.75,-267.592,NULL,0,0,4,0,100,0),
(241840,17,-7655.1,-1415.44,-266.582,NULL,0,0,4,0,100,0),
(241840,18,-7648.85,-1416.23,-265.992,NULL,0,0,4,0,100,0),
(241840,19,-7642.25,-1417.06,-266.067,NULL,0,0,4,0,100,0),
(241840,20,-7634.84,-1417.99,-265.879,NULL,0,0,4,0,100,0),
(241840,21,-7627.66,-1418.9,-265.68,NULL,0,0,4,0,100,0),
(241840,22,-7620.49,-1419.8,-265.708,NULL,0,0,3,0,100,0),
(241840,23,-7613.9,-1420.64,-266.091,NULL,0,0,4,0,100,0),
(241840,24,-7607.08,-1421.5,-266.721,NULL,0,0,4,0,100,0),
(241840,25,-7598.51,-1422.58,-267.722,NULL,0,0,4,0,100,0),
(241840,26,-7589.94,-1423.66,-268.445,NULL,0,0,4,0,100,0),
(241840,27,-7582.6,-1424.59,-269.134,NULL,0,0,4,0,100,0),
(241840,28,-7575.08,-1425.53,-270.283,NULL,0,0,4,0,100,0),
(241840,29,-7567.56,-1426.48,-271.327,NULL,0,0,4,0,100,0),
(241840,30,-7558.42,-1427.64,-272.228,NULL,0,0,4,0,100,0),
(241840,31,-7550.89,-1428.59,-272.126,NULL,0,0,3,0,100,0),
(241840,32,-7545.59,-1433.68,-271.994,NULL,0,0,4,0,100,0),
(241840,33,-7539.12,-1439.9,-272.148,NULL,0,0,4,0,100,0),
(241840,34,-7532.81,-1445.97,-272.481,NULL,0,0,4,0,100,0),
(241840,35,-7526.5,-1452.03,-272.127,NULL,0,0,4,0,100,0),
(241840,36,-7520.95,-1457.37,-271.34,NULL,0,0,4,0,100,0),
(241840,37,-7515.74,-1462.37,-270.189,NULL,0,0,4,0,100,0),
(241840,38,-7510.19,-1467.71,-269.43,NULL,0,0,4,0,100,0),
(241840,39,-7504.73,-1472.96,-269.199,NULL,0,0,4,0,100,0),
(241840,40,-7499.69,-1477.81,-269.627,NULL,0,0,4,0,100,0),
(241840,41,-7494.39,-1482.9,-270.444,NULL,0,0,4,0,100,0),
(241840,42,-7489.42,-1487.68,-271.474,NULL,0,0,4,0,100,0),
(241840,43,-7484.21,-1492.69,-271.726,NULL,0,0,3,0,100,0),
(241840,44,-7477.88,-1487.53,-271.817,NULL,0,0,4,0,100,0),
(241840,45,-7471.28,-1482.16,-271.765,NULL,0,0,4,0,100,0),
(241840,46,-7465.13,-1477.15,-271.698,NULL,0,0,4,0,100,0),
(241840,47,-7458.89,-1472.07,-272.019,NULL,0,0,4,0,100,0),
(241840,48,-7452.82,-1467.13,-272.129,NULL,0,0,4,0,100,0),
(241840,49,-7446.31,-1461.82,-271.651,NULL,0,0,4,0,100,0),
(241840,50,-7440.15,-1456.81,-270.647,NULL,0,0,4,0,100,0),
(241840,51,-7434.63,-1452.32,-269.77,NULL,0,0,3,0,100,0),
(241840,52,-7428.91,-1447.66,-269.938,NULL,0,0,4,0,100,0),
(241840,53,-7422.03,-1442.06,-269.901,NULL,0,0,4,0,100,0),
(241840,54,-7416.15,-1437.27,-270.277,NULL,0,0,4,0,100,0),
(241840,55,-7410.91,-1433,-271.097,NULL,0,0,4,0,100,0),
(241840,56,-7404.94,-1428.13,-271.798,NULL,0,0,4,0,100,0),
(241840,57,-7398.96,-1423.27,-272.043,NULL,0,0,3,0,100,0),
(241840,58,-7403.11,-1416.51,-271.855,NULL,0,0,4,0,100,0),
(241840,59,-7407.68,-1409.05,-271.454,NULL,0,0,4,0,100,0),
(241840,60,-7411.89,-1402.19,-271.451,NULL,0,0,4,0,100,0),
(241840,61,-7416.22,-1395.12,-271.344,NULL,0,0,4,0,100,0),
(241840,62,-7420.24,-1388.56,-270.679,NULL,0,0,4,0,100,0),
(241840,63,-7423.91,-1382.58,-270.122,NULL,0,0,4,0,100,0),
(241840,64,-7427.93,-1376.02,-270.14,NULL,0,0,4,0,100,0),
(241840,65,-7432.01,-1369.36,-270.235,NULL,0,0,4,0,100,0),
(241840,66,-7436.16,-1362.6,-269.832,NULL,0,0,4,0,100,0),
(241840,67,-7440.42,-1355.64,-269.291,NULL,0,0,4,0,100,0),
(241840,68,-7444.57,-1348.87,-269.364,NULL,0,0,4,0,100,0),
(241840,69,-7448.72,-1342.11,-270.244,NULL,0,0,4,0,100,0),
(241840,70,-7453.11,-1334.94,-270.618,NULL,0,0,3,0,100,0),
(241840,71,-7457.25,-1328.18,-271.16,NULL,0,0,4,0,100,0),
(241840,72,-7461.34,-1321.52,-271.658,NULL,0,0,4,0,100,0),
(241840,73,-7465.78,-1314.27,-272.037,NULL,0,0,4,0,100,0),
(241840,74,-7470.24,-1307,-272.217,NULL,0,0,4,0,100,0),
(241840,75,-7474.93,-1299.34,-272.222,NULL,0,0,4,0,100,0),
(241840,76,-7479.14,-1292.48,-272.193,NULL,0,0,4,0,100,0),
(241840,77,-7483.65,-1285.12,-271.978,NULL,0,0,4,0,100,0),
(241840,78,-7487.98,-1278.06,-271.626,NULL,0,0,4,0,100,0),
(241840,79,-7492.25,-1271.1,-270.905,NULL,0,0,4,0,100,0),
(241840,80,-7496.33,-1264.43,-270.206,NULL,0,0,3,0,100,0),
(241840,81,-7500.66,-1257.37,-269.689,NULL,0,0,4,0,100,0),
(241840,82,-7504.93,-1250.41,-269.52,NULL,0,0,4,0,100,0),
(241840,83,-7509.07,-1243.64,-269.689,NULL,0,0,4,0,100,0),
(241840,84,-7513.28,-1236.78,-270.494,NULL,0,0,4,0,100,0),
(241840,85,-7517.55,-1229.81,-272.233,NULL,0,0,4,0,100,0),
(241840,86,-7520.79,-1224.53,-272.319,NULL,0,0,4,0,100,0),
(241840,87,-7524.26,-1218.87,-272.499,NULL,0,0,4,0,100,0),
(241840,88,-7528.17,-1212.5,-271.895,NULL,0,0,4,0,100,0),
(241840,89,-7532.13,-1206.04,-271.252,NULL,0,0,4,0,100,0),
(241840,90,-7536.09,-1199.57,-271.132,NULL,0,0,4,0,100,0),
(241840,91,-7539.81,-1193.51,-271.376,NULL,0,0,4,0,100,0),
(241840,92,-7543.65,-1187.24,-271.84,NULL,0,0,3,0,100,0),
(241840,93,-7550.18,-1185.09,-271.555,NULL,0,0,4,0,100,0),
(241840,94,-7556.73,-1182.94,-271.531,NULL,0,0,4,0,100,0),
(241840,95,-7563.26,-1180.79,-271.504,NULL,0,0,4,0,100,0),
(241840,96,-7570.02,-1178.56,-271.808,NULL,0,0,4,0,100,0),
(241840,97,-7577.11,-1176.23,-272.154,NULL,0,0,4,0,100,0),
(241840,98,-7583.98,-1173.97,-272.165,NULL,0,0,4,0,100,0),
(241840,99,-7590.85,-1171.71,-272.094,NULL,0,0,4,0,100,0),
(241840,100,-7598.6,-1169.16,-272.049,NULL,0,0,4,0,100,0),
(241840,101,-7605.69,-1166.82,-272.079,NULL,0,0,4,0,100,0),
(241840,102,-7612.01,-1164.74,-272.118,NULL,0,0,3,0,100,0),
(241840,103,-7619.38,-1165.94,-272.136,NULL,0,0,4,0,100,0),
(241840,104,-7626.98,-1167.18,-272.144,NULL,0,0,4,0,100,0),
(241840,105,-7635.27,-1168.52,-271.912,NULL,0,0,4,0,100,0),
(241840,106,-7642.06,-1169.63,-270.789,NULL,0,0,4,0,100,0),
(241840,107,-7648.39,-1170.66,-269.888,NULL,0,0,4,0,100,0),
(241840,108,-7655.18,-1171.76,-269.563,NULL,0,0,4,0,100,0),
(241840,109,-7662.32,-1172.92,-269.54,NULL,0,0,4,0,100,0),
(241840,110,-7669.8,-1174.14,-270.121,NULL,0,0,4,0,100,0),
(241840,111,-7677.98,-1175.47,-270.621,NULL,0,0,4,0,100,0),
(241840,112,-7685.35,-1176.66,-270.761,NULL,0,0,3,0,100,0),
(241840,113,-7693.06,-1177.92,-270.461,NULL,0,0,4,0,100,0),
(241840,114,-7700.66,-1179.15,-270.441,NULL,0,0,4,0,100,0),
(241840,115,-7708.95,-1180.5,-270.47,NULL,0,0,4,0,100,0),
(241840,116,-7715.63,-1181.59,-270.542,NULL,0,0,4,0,100,0),
(241840,117,-7722.89,-1182.77,-271.325,NULL,0,0,4,0,100,0),
(241840,118,-7729.91,-1183.91,-272.103,NULL,0,0,4,0,100,0),
(241840,119,-7737.29,-1185.11,-272.155,NULL,0,0,4,0,100,0),
(241840,120,-7745.12,-1186.38,-272.039,NULL,0,0,4,0,100,0),
(241840,121,-7753.3,-1187.71,-271.744,NULL,0,0,4,0,100,0),
(241840,122,-7760.67,-1188.91,-271.182,NULL,0,0,4,0,100,0),
(241840,123,-7768.26,-1190.14,-270.188,NULL,0,0,3,0,100,0),
(241840,124,-7773.68,-1185.9,-268.318,NULL,0,0,4,0,100,0),
(241840,125,-7779.93,-1181.02,-265.986,NULL,0,0,4,0,100,0),
(241840,126,-7784.99,-1177.07,-264.238,NULL,0,0,4,0,100,0),
(241840,127,-7790.78,-1172.54,-262.931,NULL,0,0,4,0,100,0),
(241840,128,-7797.03,-1167.65,-262.057,NULL,0,0,4,0,100,0),
(241840,129,-7803.46,-1162.62,-261.265,NULL,0,0,4,0,100,0),
(241840,130,-7809.34,-1158.03,-260.465,NULL,0,0,4,0,100,0),
(241840,131,-7815.5,-1153.21,-259.88,NULL,0,0,4,0,100,0),
(241840,132,-7821.57,-1148.47,-259.567,NULL,0,0,4,0,100,0),
(241840,133,-7827.82,-1143.58,-259.743,NULL,0,0,4,0,100,0),
(241840,134,-7834.16,-1138.63,-260.728,NULL,0,0,4,0,100,0),
(241840,135,-7840.32,-1133.81,-262.438,NULL,0,0,4,0,100,0),
(241840,136,-7845.19,-1130,-264.046,NULL,0,0,4,0,100,0),
(241840,137,-7850.89,-1125.54,-264.944,NULL,0,0,3,0,100,0),
(241840,138,-7856.36,-1123.2,-265.033,NULL,0,0,4,0,100,0),
(241840,139,-7862.36,-1120.63,-265.224,NULL,0,0,4,0,100,0),
(241840,140,-7868.16,-1118.16,-266.477,NULL,0,0,4,0,100,0),
(241840,141,-7874.8,-1115.31,-268.689,NULL,0,0,4,0,100,0),
(241840,142,-7881.24,-1112.56,-270.336,NULL,0,0,4,0,100,0),
(241840,143,-7887.67,-1109.8,-271.394,NULL,0,0,4,0,100,0),
(241840,144,-7893.69,-1107.23,-272.841,NULL,0,0,4,0,100,0),
(241840,145,-7900.55,-1104.29,-274.665,NULL,0,0,4,0,100,0),
(241840,146,-7906.02,-1101.95,-274.663,NULL,0,0,4,0,100,0),
(241840,147,-7911.92,-1099.43,-273.193,NULL,0,0,4,0,100,0),
(241840,148,-7917.61,-1096.99,-272.41,NULL,0,0,4,0,100,0),
(241840,149,-7923.62,-1094.42,-272.242,NULL,0,0,4,0,100,0),
(241840,150,-7929.73,-1091.81,-272.265,NULL,10000,0,3,0,100,0),
(241840,151,-7923.62,-1094.42,-272.242,NULL,0,0,4,0,100,0),
(241840,152,-7917.61,-1096.99,-272.41,NULL,0,0,4,0,100,0),
(241840,153,-7911.92,-1099.43,-273.193,NULL,0,0,4,0,100,0),
(241840,154,-7906.02,-1101.95,-274.663,NULL,0,0,4,0,100,0),
(241840,155,-7900.55,-1104.29,-274.665,NULL,0,0,4,0,100,0),
(241840,156,-7893.69,-1107.23,-272.841,NULL,0,0,4,0,100,0),
(241840,157,-7887.67,-1109.8,-271.394,NULL,0,0,4,0,100,0),
(241840,158,-7881.24,-1112.56,-270.336,NULL,0,0,4,0,100,0),
(241840,159,-7874.8,-1115.31,-268.689,NULL,0,0,4,0,100,0),
(241840,160,-7868.16,-1118.16,-266.477,NULL,0,0,4,0,100,0),
(241840,161,-7862.36,-1120.63,-265.224,NULL,0,0,4,0,100,0),
(241840,162,-7856.36,-1123.2,-265.033,NULL,0,0,4,0,100,0),
(241840,163,-7850.89,-1125.54,-264.944,NULL,0,0,3,0,100,0),
(241840,164,-7845.19,-1130,-264.046,NULL,0,0,4,0,100,0),
(241840,165,-7840.32,-1133.81,-262.438,NULL,0,0,4,0,100,0),
(241840,166,-7834.16,-1138.63,-260.728,NULL,0,0,4,0,100,0),
(241840,167,-7827.82,-1143.58,-259.743,NULL,0,0,4,0,100,0),
(241840,168,-7821.57,-1148.47,-259.567,NULL,0,0,4,0,100,0),
(241840,169,-7815.5,-1153.21,-259.88,NULL,0,0,4,0,100,0),
(241840,170,-7809.34,-1158.03,-260.465,NULL,0,0,4,0,100,0),
(241840,171,-7803.46,-1162.62,-261.265,NULL,0,0,4,0,100,0),
(241840,172,-7797.03,-1167.65,-262.057,NULL,0,0,4,0,100,0),
(241840,173,-7790.78,-1172.54,-262.931,NULL,0,0,4,0,100,0),
(241840,174,-7784.99,-1177.07,-264.238,NULL,0,0,4,0,100,0),
(241840,175,-7779.93,-1181.02,-265.986,NULL,0,0,4,0,100,0),
(241840,176,-7773.68,-1185.9,-268.318,NULL,0,0,4,0,100,0),
(241840,177,-7768.26,-1190.14,-270.188,NULL,0,0,3,0,100,0),
(241840,178,-7760.67,-1188.91,-271.182,NULL,0,0,4,0,100,0),
(241840,179,-7753.3,-1187.71,-271.744,NULL,0,0,4,0,100,0),
(241840,180,-7745.12,-1186.38,-272.039,NULL,0,0,4,0,100,0),
(241840,181,-7737.29,-1185.11,-272.155,NULL,0,0,4,0,100,0),
(241840,182,-7729.91,-1183.91,-272.103,NULL,0,0,4,0,100,0),
(241840,183,-7722.89,-1182.77,-271.325,NULL,0,0,4,0,100,0),
(241840,184,-7715.63,-1181.59,-270.542,NULL,0,0,4,0,100,0),
(241840,185,-7708.95,-1180.5,-270.47,NULL,0,0,4,0,100,0),
(241840,186,-7700.66,-1179.15,-270.441,NULL,0,0,4,0,100,0),
(241840,187,-7693.06,-1177.92,-270.461,NULL,0,0,4,0,100,0),
(241840,188,-7685.35,-1176.66,-270.761,NULL,0,0,3,0,100,0),
(241840,189,-7677.98,-1175.47,-270.621,NULL,0,0,4,0,100,0),
(241840,190,-7669.8,-1174.14,-270.121,NULL,0,0,4,0,100,0),
(241840,191,-7662.32,-1172.92,-269.54,NULL,0,0,4,0,100,0),
(241840,192,-7655.18,-1171.76,-269.563,NULL,0,0,4,0,100,0),
(241840,193,-7648.39,-1170.66,-269.888,NULL,0,0,4,0,100,0),
(241840,194,-7642.06,-1169.63,-270.789,NULL,0,0,4,0,100,0),
(241840,195,-7635.27,-1168.52,-271.912,NULL,0,0,4,0,100,0),
(241840,196,-7626.98,-1167.18,-272.144,NULL,0,0,4,0,100,0),
(241840,197,-7619.38,-1165.94,-272.136,NULL,0,0,4,0,100,0),
(241840,198,-7612.01,-1164.74,-272.118,NULL,0,0,3,0,100,0),
(241840,199,-7605.69,-1166.82,-272.079,NULL,0,0,4,0,100,0),
(241840,200,-7598.6,-1169.16,-272.049,NULL,0,0,4,0,100,0),
(241840,201,-7590.85,-1171.71,-272.094,NULL,0,0,4,0,100,0),
(241840,202,-7583.98,-1173.97,-272.165,NULL,0,0,4,0,100,0),
(241840,203,-7577.11,-1176.23,-272.154,NULL,0,0,4,0,100,0),
(241840,204,-7570.02,-1178.56,-271.808,NULL,0,0,4,0,100,0),
(241840,205,-7563.26,-1180.79,-271.504,NULL,0,0,4,0,100,0),
(241840,206,-7556.73,-1182.94,-271.531,NULL,0,0,4,0,100,0),
(241840,207,-7550.18,-1185.09,-271.555,NULL,0,0,4,0,100,0),
(241840,208,-7543.65,-1187.24,-271.84,NULL,0,0,3,0,100,0),
(241840,209,-7539.81,-1193.51,-271.376,NULL,0,0,4,0,100,0),
(241840,210,-7536.09,-1199.57,-271.132,NULL,0,0,4,0,100,0),
(241840,211,-7532.13,-1206.04,-271.252,NULL,0,0,4,0,100,0),
(241840,212,-7528.17,-1212.5,-271.895,NULL,0,0,4,0,100,0),
(241840,213,-7524.26,-1218.87,-272.499,NULL,0,0,4,0,100,0),
(241840,214,-7520.79,-1224.53,-272.319,NULL,0,0,4,0,100,0),
(241840,215,-7517.55,-1229.81,-272.233,NULL,0,0,4,0,100,0),
(241840,216,-7513.28,-1236.78,-270.494,NULL,0,0,4,0,100,0),
(241840,217,-7509.07,-1243.64,-269.689,NULL,0,0,4,0,100,0),
(241840,218,-7504.93,-1250.41,-269.52,NULL,0,0,4,0,100,0),
(241840,219,-7500.66,-1257.37,-269.689,NULL,0,0,4,0,100,0),
(241840,220,-7496.33,-1264.43,-270.206,NULL,0,0,3,0,100,0),
(241840,221,-7492.25,-1271.1,-270.905,NULL,0,0,4,0,100,0),
(241840,222,-7487.98,-1278.06,-271.626,NULL,0,0,4,0,100,0),
(241840,223,-7483.65,-1285.12,-271.978,NULL,0,0,4,0,100,0),
(241840,224,-7479.14,-1292.48,-272.193,NULL,0,0,4,0,100,0),
(241840,225,-7474.93,-1299.34,-272.222,NULL,0,0,4,0,100,0),
(241840,226,-7470.24,-1307,-272.217,NULL,0,0,4,0,100,0),
(241840,227,-7465.78,-1314.27,-272.037,NULL,0,0,4,0,100,0),
(241840,228,-7461.34,-1321.52,-271.658,NULL,0,0,4,0,100,0),
(241840,229,-7457.25,-1328.18,-271.16,NULL,0,0,4,0,100,0),
(241840,230,-7453.11,-1334.94,-270.618,NULL,0,0,3,0,100,0),
(241840,231,-7448.72,-1342.11,-270.244,NULL,0,0,4,0,100,0),
(241840,232,-7444.57,-1348.87,-269.364,NULL,0,0,4,0,100,0),
(241840,233,-7440.42,-1355.64,-269.291,NULL,0,0,4,0,100,0),
(241840,234,-7436.16,-1362.6,-269.832,NULL,0,0,4,0,100,0),
(241840,235,-7432.01,-1369.36,-270.235,NULL,0,0,4,0,100,0),
(241840,236,-7427.93,-1376.02,-270.14,NULL,0,0,4,0,100,0),
(241840,237,-7423.91,-1382.58,-270.122,NULL,0,0,4,0,100,0),
(241840,238,-7420.24,-1388.56,-270.679,NULL,0,0,4,0,100,0),
(241840,239,-7416.22,-1395.12,-271.344,NULL,0,0,4,0,100,0),
(241840,240,-7411.89,-1402.19,-271.451,NULL,0,0,4,0,100,0),
(241840,241,-7407.68,-1409.05,-271.454,NULL,0,0,4,0,100,0),
(241840,242,-7403.11,-1416.51,-271.855,NULL,0,0,4,0,100,0),
(241840,243,-7398.96,-1423.27,-272.043,NULL,0,0,3,0,100,0),
(241840,244,-7404.94,-1428.13,-271.798,NULL,0,0,4,0,100,0),
(241840,245,-7410.91,-1433,-271.097,NULL,0,0,4,0,100,0),
(241840,246,-7416.15,-1437.27,-270.277,NULL,0,0,4,0,100,0),
(241840,247,-7422.03,-1442.06,-269.901,NULL,0,0,4,0,100,0),
(241840,248,-7428.91,-1447.66,-269.938,NULL,0,0,4,0,100,0),
(241840,249,-7434.63,-1452.32,-269.77,NULL,0,0,3,0,100,0),
(241840,250,-7440.15,-1456.81,-270.647,NULL,0,0,4,0,100,0),
(241840,251,-7446.31,-1461.82,-271.651,NULL,0,0,4,0,100,0),
(241840,252,-7452.82,-1467.13,-272.129,NULL,0,0,4,0,100,0),
(241840,253,-7458.89,-1472.07,-272.019,NULL,0,0,4,0,100,0),
(241840,254,-7465.13,-1477.15,-271.698,NULL,0,0,4,0,100,0),
(241840,255,-7471.28,-1482.16,-271.765,NULL,0,0,4,0,100,0),
(241840,256,-7477.88,-1487.53,-271.817,NULL,0,0,4,0,100,0),
(241840,257,-7484.21,-1492.69,-271.726,NULL,0,0,3,0,100,0),
(241840,258,-7489.42,-1487.68,-271.474,NULL,0,0,4,0,100,0),
(241840,259,-7494.39,-1482.9,-270.444,NULL,0,0,4,0,100,0),
(241840,260,-7499.69,-1477.81,-269.627,NULL,0,0,4,0,100,0),
(241840,261,-7504.73,-1472.96,-269.199,NULL,0,0,4,0,100,0),
(241840,262,-7510.19,-1467.71,-269.43,NULL,0,0,4,0,100,0),
(241840,263,-7515.74,-1462.37,-270.189,NULL,0,0,4,0,100,0),
(241840,264,-7520.95,-1457.37,-271.34,NULL,0,0,4,0,100,0),
(241840,265,-7526.5,-1452.03,-272.127,NULL,0,0,4,0,100,0),
(241840,266,-7532.81,-1445.97,-272.481,NULL,0,0,4,0,100,0),
(241840,267,-7539.12,-1439.9,-272.148,NULL,0,0,4,0,100,0),
(241840,268,-7545.59,-1433.68,-271.994,NULL,0,0,4,0,100,0),
(241840,269,-7550.89,-1428.59,-272.126,NULL,0,0,3,0,100,0),
(241840,270,-7558.42,-1427.64,-272.228,NULL,0,0,4,0,100,0),
(241840,271,-7567.56,-1426.48,-271.327,NULL,0,0,4,0,100,0),
(241840,272,-7575.08,-1425.53,-270.283,NULL,0,0,4,0,100,0),
(241840,273,-7582.6,-1424.59,-269.134,NULL,0,0,4,0,100,0),
(241840,274,-7589.94,-1423.66,-268.445,NULL,0,0,4,0,100,0),
(241840,275,-7598.51,-1422.58,-267.722,NULL,0,0,4,0,100,0),
(241840,276,-7607.08,-1421.5,-266.721,NULL,0,0,4,0,100,0),
(241840,277,-7613.9,-1420.64,-266.091,NULL,0,0,4,0,100,0),
(241840,278,-7620.49,-1419.8,-265.708,NULL,0,0,3,0,100,0),
(241840,279,-7627.66,-1418.9,-265.68,NULL,0,0,4,0,100,0),
(241840,280,-7634.84,-1417.99,-265.879,NULL,0,0,4,0,100,0),
(241840,281,-7642.25,-1417.06,-266.067,NULL,0,0,4,0,100,0),
(241840,282,-7648.85,-1416.23,-265.992,NULL,0,0,4,0,100,0),
(241840,283,-7655.1,-1415.44,-266.582,NULL,0,0,4,0,100,0),
(241840,284,-7660.53,-1414.75,-267.592,NULL,0,0,4,0,100,0),
(241840,285,-7667.82,-1413.83,-268.99,NULL,0,0,4,0,100,0),
(241840,286,-7675.58,-1412.85,-269.686,NULL,0,0,4,0,100,0),
(241840,287,-7683.8,-1411.82,-269.689,NULL,0,0,4,0,100,0),
(241840,288,-7691.09,-1410.9,-269.962,NULL,0,0,3,0,100,0),
(241840,289,-7698.65,-1413.99,-269.591,NULL,0,0,4,0,100,0),
(241840,290,-7706.85,-1417.36,-269.749,NULL,0,0,4,0,100,0),
(241840,291,-7715.28,-1420.81,-270.18,NULL,0,0,4,0,100,0),
(241840,292,-7723.48,-1424.17,-271.044,NULL,0,0,4,0,100,0),
(241840,293,-7731.9,-1427.62,-271.298,NULL,0,0,4,0,100,0),
(241840,294,-7738.7,-1430.41,-271.908,NULL,0,0,4,0,100,0),
(241840,295,-7746.81,-1433.73,-272.183,NULL,0,0,4,0,100,0),
(241840,296,-7755.88,-1437.45,-272.147,NULL,0,0,4,0,100,0),
(241840,297,-7763.88,-1440.72,-271.981,NULL,0,0,4,0,100,0),
(241840,298,-7772.19,-1444.13,-271.632,NULL,0,0,4,0,100,0),

(241830,1,-7823.67,-1614.99,-268.294,3.35453,10000,0,3,0,100,0),
(241830,2,-7815.62,-1613.25,-269.485,NULL,0,0,4,0,100,0),
(241830,3,-7809.34,-1611.89,-270.294,NULL,0,0,4,0,100,0),
(241830,4,-7802.5,-1610.41,-270.926,NULL,0,0,4,0,100,0),
(241830,5,-7795.09,-1608.81,-271.199,NULL,0,0,4,0,100,0),
(241830,6,-7788.36,-1607.36,-271.404,NULL,0,0,4,0,100,0),
(241830,7,-7781.41,-1605.85,-271.521,NULL,0,0,4,0,100,0),
(241830,8,-7774.11,-1604.28,-271.408,NULL,0,0,4,0,100,0),
(241830,9,-7767.05,-1602.75,-270.845,NULL,0,0,4,0,100,0),
(241830,10,-7760.89,-1601.42,-270.232,NULL,0,0,4,0,100,0),
(241830,11,-7754.63,-1600.06,-269.986,NULL,0,0,4,0,100,0),
(241830,12,-7748.36,-1598.71,-270.346,NULL,0,0,4,0,100,0),
(241830,13,-7741.63,-1597.25,-271.277,NULL,0,0,3,0,100,0),
(241830,14,-7735.33,-1597.49,-271.633,NULL,0,0,4,0,100,0),
(241830,15,-7729.62,-1597.71,-271.124,NULL,0,0,4,0,100,0),
(241830,16,-7723.09,-1597.97,-270.543,NULL,0,0,4,0,100,0),
(241830,17,-7716.21,-1598.23,-270.736,NULL,0,0,4,0,100,0),
(241830,18,-7708.98,-1598.51,-271.312,NULL,0,0,4,0,100,0),
(241830,19,-7701.87,-1598.78,-271.708,NULL,0,0,4,0,100,0),
(241830,20,-7694.65,-1599.06,-271.957,NULL,0,0,3,0,100,0),
(241830,21,-7687.07,-1599.35,-272.169,NULL,0,0,4,0,100,0),
(241830,22,-7679.84,-1599.63,-272.215,NULL,0,0,4,0,100,0),
(241830,23,-7672.74,-1599.9,-272.009,NULL,0,0,4,0,100,0),
(241830,24,-7665.86,-1600.16,-271.448,NULL,0,0,4,0,100,0),
(241830,25,-7659.1,-1600.42,-271.071,NULL,0,0,4,0,100,0),
(241830,26,-7652.57,-1600.68,-271.303,NULL,0,0,4,0,100,0),
(241830,27,-7644.75,-1600.98,-271.924,NULL,0,0,4,0,100,0),
(241830,28,-7636.94,-1601.28,-272.218,NULL,0,0,4,0,100,0),
(241830,29,-7629.12,-1601.58,-272.109,NULL,0,0,4,0,100,0),
(241830,30,-7620.96,-1601.89,-271.949,NULL,0,0,3,0,100,0),
(241830,31,-7612.57,-1602.21,-272.075,NULL,0,0,4,0,100,0),
(241830,32,-7604.4,-1602.53,-272.222,NULL,0,0,4,0,100,0),
(241830,33,-7596.36,-1602.84,-272.222,NULL,0,0,4,0,100,0),
(241830,34,-7588.9,-1603.12,-272.214,NULL,0,0,4,0,100,0),
(241830,35,-7582.61,-1603.36,-272.014,NULL,0,0,4,0,100,0),
(241830,36,-7576.55,-1603.6,-271.106,NULL,0,0,4,0,100,0),
(241830,37,-7570.96,-1603.81,-270.982,NULL,0,0,3,0,100,0),
(241830,38,-7564.2,-1604.07,-271.398,NULL,0,0,4,0,100,0),
(241830,39,-7557.32,-1604.34,-271.925,NULL,0,0,4,0,100,0),
(241830,40,-7551.03,-1604.58,-271.726,NULL,0,0,4,0,100,0),
(241830,41,-7544.38,-1604.83,-270.819,NULL,0,0,4,0,100,0),
(241830,42,-7537.04,-1605.11,-271.03,NULL,0,0,4,0,100,0),
(241830,43,-7529.92,-1605.39,-271.864,NULL,0,0,4,0,100,0),
(241830,44,-7523.87,-1605.62,-272.351,NULL,0,0,4,0,100,0),
(241830,45,-7518.39,-1605.83,-273.974,NULL,0,0,4,0,100,0),
(241830,46,-7511.62,-1606.09,-274.443,NULL,0,0,3,0,100,0),
(241830,47,-7506.28,-1607.75,-274.777,NULL,0,0,4,0,100,0),
(241830,48,-7500.15,-1609.66,-275.218,NULL,0,0,4,0,100,0),
(241830,49,-7493.57,-1611.7,-276.322,NULL,0,0,4,0,100,0),
(241830,50,-7487.22,-1613.68,-277.667,NULL,0,0,4,0,100,0),
(241830,51,-7479.87,-1615.97,-278.587,NULL,0,0,4,0,100,0),
(241830,52,-7472.07,-1618.39,-278.652,NULL,0,0,3,0,100,0),
(241830,53,-7465.38,-1620.47,-279.276,NULL,0,0,4,0,100,0),
(241830,54,-7457.92,-1622.79,-279.541,NULL,0,0,4,0,100,0),
(241830,55,-7451.79,-1624.7,-279.64,NULL,0,0,4,0,100,0),
(241830,56,-7445.22,-1626.74,-280.72,NULL,0,0,4,0,100,0),
(241830,57,-7438.54,-1628.82,-282.314,NULL,0,0,4,0,100,0),
(241830,58,-7431.63,-1630.97,-283.205,NULL,0,0,4,0,100,0),
(241830,59,-7424.62,-1633.15,-283.495,NULL,0,0,4,0,100,0),
(241830,60,-7418.27,-1635.12,-283.163,NULL,0,0,3,0,100,0),
(241830,61,-7412.68,-1629.82,-282.698,NULL,0,0,4,0,100,0),
(241830,62,-7406.92,-1624.36,-281.399,NULL,0,0,4,0,100,0),
(241830,63,-7401.68,-1619.39,-280.488,NULL,0,0,4,0,100,0),
(241830,64,-7396.26,-1614.25,-279.812,NULL,0,0,4,0,100,0),
(241830,65,-7390.75,-1609.03,-279.232,NULL,0,0,4,0,100,0),
(241830,66,-7384.91,-1603.49,-278.876,NULL,0,0,4,0,100,0),
(241830,67,-7379.33,-1598.2,-278.347,NULL,0,0,4,0,100,0),
(241830,68,-7373.65,-1592.82,-277.733,NULL,0,0,4,0,100,0),
(241830,69,-7367.38,-1586.87,-276.029,NULL,0,0,3,0,100,0),
(241830,70,-7362.33,-1585.07,-274.753,NULL,0,0,4,0,100,0),
(241830,71,-7356.18,-1582.87,-273.786,NULL,0,0,4,0,100,0),
(241830,72,-7348.82,-1580.25,-273.205,NULL,0,0,4,0,100,0),
(241830,73,-7340.91,-1577.43,-272.594,NULL,0,0,4,0,100,0),
(241830,74,-7333.44,-1574.76,-272.158,NULL,0,0,4,0,100,0),
(241830,75,-7325.19,-1571.83,-271.71,NULL,0,0,4,0,100,0),
(241830,76,-7317.62,-1569.12,-271.537,NULL,0,0,4,0,100,0),
(241830,77,-7310.19,-1566.48,-271.557,NULL,0,0,4,0,100,0),
(241830,78,-7302.94,-1563.89,-271.742,NULL,0,0,3,0,100,0),
(241830,79,-7294.85,-1565.69,-271.681,NULL,0,0,4,0,100,0),
(241830,80,-7286.76,-1567.49,-271.9,NULL,0,0,4,0,100,0),
(241830,81,-7278.23,-1569.39,-272.212,NULL,0,0,4,0,100,0),
(241830,82,-7269.46,-1571.34,-272.495,NULL,0,0,4,0,100,0),
(241830,83,-7259.78,-1573.5,-272.465,NULL,0,0,4,0,100,0),
(241830,84,-7250.79,-1575.5,-272.194,NULL,0,0,4,0,100,0),
(241830,85,-7241.68,-1577.53,-271.977,NULL,0,0,4,0,100,0),
(241830,86,-7232.57,-1579.55,-271.657,NULL,0,0,4,0,100,0),
(241830,87,-7224.59,-1581.33,-269.84,NULL,0,0,4,0,100,0),
(241830,88,-7217.87,-1582.82,-266.663,NULL,0,0,4,0,100,0),
(241830,89,-7212.4,-1584.04,-265.027,NULL,0,0,4,0,100,0),
(241830,90,-7205.46,-1585.59,-262.027,NULL,0,0,3,0,100,0),
(241830,91,-7197.83,-1584.71,-261.41,NULL,0,0,4,0,100,0),
(241830,92,-7189.14,-1583.71,-265.59,NULL,0,0,4,0,100,0),
(241830,93,-7183.46,-1583.05,-266.612,NULL,0,0,4,0,100,0),
(241830,94,-7176.62,-1582.26,-269.761,NULL,0,0,4,0,100,0),
(241830,95,-7170.48,-1581.55,-271.103,NULL,0,0,4,0,100,0),
(241830,96,-7163.64,-1580.77,-271.79,NULL,0,0,4,0,100,0),
(241830,97,-7155.64,-1579.84,-271.998,NULL,0,0,4,0,100,0),
(241830,98,-7147.64,-1578.92,-272.004,NULL,0,0,4,0,100,0),
(241830,99,-7138.83,-1577.91,-272.031,NULL,0,0,4,0,100,0),
(241830,100,-7130.71,-1576.97,-271.996,NULL,0,0,3,0,100,0),
(241830,101,-7124.68,-1579.75,-271.841,NULL,0,0,4,0,100,0),
(241830,102,-7117.25,-1583.16,-271.611,NULL,0,0,4,0,100,0),
(241830,103,-7109.62,-1586.67,-271.208,NULL,0,0,4,0,100,0),
(241830,104,-7102.42,-1589.98,-270.782,NULL,0,0,4,0,100,0),
(241830,105,-7096.17,-1592.86,-271.607,NULL,0,0,4,0,100,0),
(241830,106,-7089.27,-1596.03,-272.212,NULL,0,0,4,0,100,0),
(241830,107,-7081.43,-1599.64,-272.222,NULL,0,0,4,0,100,0),
(241830,108,-7073.59,-1603.24,-272.061,NULL,0,0,3,0,100,0),
(241830,109,-7065.54,-1606.95,-271.703,NULL,0,0,4,0,100,0),
(241830,110,-7057.91,-1610.45,-271.649,NULL,0,0,4,0,100,0),
(241830,111,-7049.54,-1614.31,-271.757,NULL,0,0,4,0,100,0),
(241830,112,-7042.12,-1617.72,-271.484,NULL,0,0,4,0,100,0),
(241830,113,-7033.74,-1621.57,-271.815,NULL,0,0,4,0,100,0),
(241830,114,-7026.43,-1624.94,-271.844,NULL,0,0,4,0,100,0),
(241830,115,-7020.06,-1627.86,-271.974,NULL,0,0,3,0,100,0),
(241830,116,-7013.58,-1625.52,-272.51,NULL,0,0,4,0,100,0),
(241830,117,-7007,-1623.15,-273.516,NULL,0,0,4,0,100,0),
(241830,118,-6991.53,-1617.56,-275.012,NULL,0,0,4,0,100,0),
(241830,119,-6976.25,-1611.69,-273.689,NULL,0,0,4,0,100,0),
(241830,120,-6970.11,-1609.48,-272.251,NULL,0,0,4,0,100,0),
(241830,121,-6965.4,-1607.78,-271.358,NULL,0,0,3,0,100,0),
(241830,122,-6959.03,-1605.48,-271.708,NULL,0,0,4,0,100,0),
(241830,123,-6952.33,-1603.06,-271.82,NULL,0,0,4,0,100,0),
(241830,124,-6945.76,-1600.68,-271.01,NULL,0,0,4,0,100,0),
(241830,125,-6939.07,-1598.27,-271.071,NULL,0,0,4,0,100,0),
(241830,126,-6931.72,-1595.62,-271.949,NULL,0,0,4,0,100,0),
(241830,127,-6923.71,-1592.73,-272.732,NULL,0,0,4,0,100,0),
(241830,128,-6915.7,-1589.83,-272.745,NULL,0,0,4,0,100,0),
(241830,129,-6907.9,-1587.02,-272.042,NULL,0,0,4,0,100,0),
(241830,130,-6900.55,-1584.37,-271.533,NULL,0,0,4,0,100,0),
(241830,131,-6892.87,-1581.59,-271.75,NULL,0,0,3,0,100,0),
(241830,132,-6884.64,-1578.62,-272.195,NULL,0,0,4,0,100,0),
(241830,133,-6876.4,-1575.65,-271.846,NULL,0,0,4,0,100,0),
(241830,134,-6869.16,-1573.03,-270.936,NULL,0,0,4,0,100,0),
(241830,135,-6862.57,-1570.66,-270.552,NULL,0,0,4,0,100,0),
(241830,136,-6855.44,-1568.08,-268.968,NULL,0,0,4,0,100,0),
(241830,137,-6849.3,-1565.86,-267.819,NULL,0,0,4,0,100,0),
(241830,138,-6842.61,-1563.45,-267.59,NULL,0,0,4,0,100,0),
(241830,139,-6836.14,-1561.11,-268.659,NULL,0,0,4,0,100,0),
(241830,140,-6829.23,-1558.62,-270.349,NULL,0,0,4,0,100,0),
(241830,141,-6822.31,-1556.12,-272.219,NULL,0,0,4,0,100,0),
(241830,142,-6814.74,-1553.39,-272.223,NULL,0,0,4,0,100,0),
(241830,143,-6808.15,-1551.01,-270.775,NULL,0,0,4,0,100,0),
(241830,144,-6801.46,-1548.59,-270.387,NULL,0,0,4,0,100,0),
(241830,145,-6795.09,-1546.29,-271.118,NULL,0,0,4,0,100,0),
(241830,146,-6788.29,-1543.84,-271.823,NULL,0,0,4,0,100,0),
(241830,147,-6780.83,-1541.15,-272.022,NULL,10000,0,3,0,100,0),
(241830,148,-6788.29,-1543.84,-271.823,NULL,0,0,4,0,100,0),
(241830,149,-6795.09,-1546.29,-271.118,NULL,0,0,4,0,100,0),
(241830,150,-6801.46,-1548.59,-270.387,NULL,0,0,4,0,100,0),
(241830,151,-6808.15,-1551.01,-270.775,NULL,0,0,4,0,100,0),
(241830,152,-6814.74,-1553.39,-272.223,NULL,0,0,4,0,100,0),
(241830,153,-6822.31,-1556.12,-272.219,NULL,0,0,4,0,100,0),
(241830,154,-6829.23,-1558.62,-270.349,NULL,0,0,4,0,100,0),
(241830,155,-6836.14,-1561.11,-268.659,NULL,0,0,4,0,100,0),
(241830,156,-6842.61,-1563.45,-267.59,NULL,0,0,4,0,100,0),
(241830,157,-6849.3,-1565.86,-267.819,NULL,0,0,4,0,100,0),
(241830,158,-6855.44,-1568.08,-268.968,NULL,0,0,4,0,100,0),
(241830,159,-6862.57,-1570.66,-270.552,NULL,0,0,4,0,100,0),
(241830,160,-6869.16,-1573.03,-270.936,NULL,0,0,4,0,100,0),
(241830,161,-6876.4,-1575.65,-271.846,NULL,0,0,4,0,100,0),
(241830,162,-6884.64,-1578.62,-272.195,NULL,0,0,4,0,100,0),
(241830,163,-6892.87,-1581.59,-271.75,NULL,0,0,3,0,100,0),
(241830,164,-6900.55,-1584.37,-271.533,NULL,0,0,4,0,100,0),
(241830,165,-6907.9,-1587.02,-272.042,NULL,0,0,4,0,100,0),
(241830,166,-6915.7,-1589.83,-272.745,NULL,0,0,4,0,100,0),
(241830,167,-6923.71,-1592.73,-272.732,NULL,0,0,4,0,100,0),
(241830,168,-6931.72,-1595.62,-271.949,NULL,0,0,4,0,100,0),
(241830,169,-6939.07,-1598.27,-271.071,NULL,0,0,4,0,100,0),
(241830,170,-6945.76,-1600.68,-271.01,NULL,0,0,4,0,100,0),
(241830,171,-6952.33,-1603.06,-271.82,NULL,0,0,4,0,100,0),
(241830,172,-6959.03,-1605.48,-271.708,NULL,0,0,4,0,100,0),
(241830,173,-6965.4,-1607.78,-271.358,NULL,0,0,3,0,100,0),
(241830,174,-6970.11,-1609.48,-272.251,NULL,0,0,4,0,100,0),
(241830,175,-6976.25,-1611.69,-273.689,NULL,0,0,4,0,100,0),
(241830,176,-6991.53,-1617.56,-275.012,NULL,0,0,4,0,100,0),
(241830,177,-7007,-1623.15,-273.516,NULL,0,0,4,0,100,0),
(241830,178,-7013.58,-1625.52,-272.51,NULL,0,0,4,0,100,0),
(241830,179,-7020.06,-1627.86,-271.974,NULL,0,0,3,0,100,0),
(241830,180,-7026.43,-1624.94,-271.844,NULL,0,0,4,0,100,0),
(241830,181,-7033.74,-1621.57,-271.815,NULL,0,0,4,0,100,0),
(241830,182,-7042.12,-1617.72,-271.484,NULL,0,0,4,0,100,0),
(241830,183,-7049.54,-1614.31,-271.757,NULL,0,0,4,0,100,0),
(241830,184,-7057.91,-1610.45,-271.649,NULL,0,0,4,0,100,0),
(241830,185,-7065.54,-1606.95,-271.703,NULL,0,0,4,0,100,0),
(241830,186,-7073.59,-1603.24,-272.061,NULL,0,0,3,0,100,0),
(241830,187,-7081.43,-1599.64,-272.222,NULL,0,0,4,0,100,0),
(241830,188,-7089.27,-1596.03,-272.212,NULL,0,0,4,0,100,0),
(241830,189,-7096.17,-1592.86,-271.607,NULL,0,0,4,0,100,0),
(241830,190,-7102.42,-1589.98,-270.782,NULL,0,0,4,0,100,0),
(241830,191,-7109.62,-1586.67,-271.208,NULL,0,0,4,0,100,0),
(241830,192,-7117.25,-1583.16,-271.611,NULL,0,0,4,0,100,0),
(241830,193,-7124.68,-1579.75,-271.841,NULL,0,0,4,0,100,0),
(241830,194,-7130.71,-1576.97,-271.996,NULL,0,0,3,0,100,0),
(241830,195,-7138.83,-1577.91,-272.031,NULL,0,0,4,0,100,0),
(241830,196,-7147.64,-1578.92,-272.004,NULL,0,0,4,0,100,0),
(241830,197,-7155.64,-1579.84,-271.998,NULL,0,0,4,0,100,0),
(241830,198,-7163.64,-1580.77,-271.79,NULL,0,0,4,0,100,0),
(241830,199,-7170.48,-1581.55,-271.103,NULL,0,0,4,0,100,0),
(241830,200,-7176.62,-1582.26,-269.761,NULL,0,0,4,0,100,0),
(241830,201,-7183.46,-1583.05,-266.612,NULL,0,0,4,0,100,0),
(241830,202,-7189.14,-1583.71,-265.59,NULL,0,0,4,0,100,0),
(241830,203,-7197.83,-1584.71,-261.41,NULL,0,0,4,0,100,0),
(241830,204,-7205.46,-1585.59,-262.027,NULL,0,0,3,0,100,0),
(241830,205,-7212.4,-1584.04,-265.027,NULL,0,0,4,0,100,0),
(241830,206,-7217.87,-1582.82,-266.663,NULL,0,0,4,0,100,0),
(241830,207,-7224.59,-1581.33,-269.84,NULL,0,0,4,0,100,0),
(241830,208,-7232.57,-1579.55,-271.657,NULL,0,0,4,0,100,0),
(241830,209,-7241.68,-1577.53,-271.977,NULL,0,0,4,0,100,0),
(241830,210,-7250.79,-1575.5,-272.194,NULL,0,0,4,0,100,0),
(241830,211,-7259.78,-1573.5,-272.465,NULL,0,0,4,0,100,0),
(241830,212,-7269.46,-1571.34,-272.495,NULL,0,0,4,0,100,0),
(241830,213,-7278.23,-1569.39,-272.212,NULL,0,0,4,0,100,0),
(241830,214,-7286.76,-1567.49,-271.9,NULL,0,0,4,0,100,0),
(241830,215,-7294.85,-1565.69,-271.681,NULL,0,0,4,0,100,0),
(241830,216,-7302.94,-1563.89,-271.742,NULL,0,0,3,0,100,0),
(241830,217,-7310.19,-1566.48,-271.557,NULL,0,0,4,0,100,0),
(241830,218,-7317.62,-1569.12,-271.537,NULL,0,0,4,0,100,0),
(241830,219,-7325.19,-1571.83,-271.71,NULL,0,0,4,0,100,0),
(241830,220,-7333.44,-1574.76,-272.158,NULL,0,0,4,0,100,0),
(241830,221,-7340.91,-1577.43,-272.594,NULL,0,0,4,0,100,0),
(241830,222,-7348.82,-1580.25,-273.205,NULL,0,0,4,0,100,0),
(241830,223,-7356.18,-1582.87,-273.786,NULL,0,0,4,0,100,0),
(241830,224,-7362.33,-1585.07,-274.753,NULL,0,0,4,0,100,0),
(241830,225,-7367.38,-1586.87,-276.029,NULL,0,0,3,0,100,0),
(241830,226,-7373.65,-1592.82,-277.733,NULL,0,0,4,0,100,0),
(241830,227,-7379.33,-1598.2,-278.347,NULL,0,0,4,0,100,0),
(241830,228,-7384.91,-1603.49,-278.876,NULL,0,0,4,0,100,0),
(241830,229,-7390.75,-1609.03,-279.232,NULL,0,0,4,0,100,0),
(241830,230,-7396.26,-1614.25,-279.812,NULL,0,0,4,0,100,0),
(241830,231,-7401.68,-1619.39,-280.488,NULL,0,0,4,0,100,0),
(241830,232,-7406.92,-1624.36,-281.399,NULL,0,0,4,0,100,0),
(241830,233,-7412.68,-1629.82,-282.698,NULL,0,0,4,0,100,0),
(241830,234,-7418.27,-1635.12,-283.163,NULL,0,0,3,0,100,0),
(241830,235,-7424.62,-1633.15,-283.495,NULL,0,0,4,0,100,0),
(241830,236,-7431.63,-1630.97,-283.205,NULL,0,0,4,0,100,0),
(241830,237,-7438.54,-1628.82,-282.314,NULL,0,0,4,0,100,0),
(241830,238,-7445.22,-1626.74,-280.72,NULL,0,0,4,0,100,0),
(241830,239,-7451.79,-1624.7,-279.64,NULL,0,0,4,0,100,0),
(241830,240,-7457.92,-1622.79,-279.541,NULL,0,0,4,0,100,0),
(241830,241,-7465.38,-1620.47,-279.276,NULL,0,0,4,0,100,0),
(241830,242,-7472.07,-1618.39,-278.652,NULL,0,0,3,0,100,0),
(241830,243,-7479.87,-1615.97,-278.587,NULL,0,0,4,0,100,0),
(241830,244,-7487.22,-1613.68,-277.667,NULL,0,0,4,0,100,0),
(241830,245,-7493.57,-1611.7,-276.322,NULL,0,0,4,0,100,0),
(241830,246,-7500.15,-1609.66,-275.218,NULL,0,0,4,0,100,0),
(241830,247,-7506.28,-1607.75,-274.777,NULL,0,0,4,0,100,0),
(241830,248,-7511.62,-1606.09,-274.443,NULL,0,0,3,0,100,0),
(241830,249,-7518.39,-1605.83,-273.974,NULL,0,0,4,0,100,0),
(241830,250,-7523.87,-1605.62,-272.351,NULL,0,0,4,0,100,0),
(241830,251,-7529.92,-1605.39,-271.864,NULL,0,0,4,0,100,0),
(241830,252,-7537.04,-1605.11,-271.03,NULL,0,0,4,0,100,0),
(241830,253,-7544.38,-1604.83,-270.819,NULL,0,0,4,0,100,0),
(241830,254,-7551.03,-1604.58,-271.726,NULL,0,0,4,0,100,0),
(241830,255,-7557.32,-1604.34,-271.925,NULL,0,0,4,0,100,0),
(241830,256,-7564.2,-1604.07,-271.398,NULL,0,0,4,0,100,0),
(241830,257,-7570.96,-1603.81,-270.982,NULL,0,0,3,0,100,0),
(241830,258,-7576.55,-1603.6,-271.106,NULL,0,0,4,0,100,0),
(241830,259,-7582.61,-1603.36,-272.014,NULL,0,0,4,0,100,0),
(241830,260,-7588.9,-1603.12,-272.214,NULL,0,0,4,0,100,0),
(241830,261,-7596.36,-1602.84,-272.222,NULL,0,0,4,0,100,0),
(241830,262,-7604.4,-1602.53,-272.222,NULL,0,0,4,0,100,0),
(241830,263,-7612.57,-1602.21,-272.075,NULL,0,0,4,0,100,0),
(241830,264,-7620.96,-1601.89,-271.949,NULL,0,0,3,0,100,0),
(241830,265,-7629.12,-1601.58,-272.109,NULL,0,0,4,0,100,0),
(241830,266,-7636.94,-1601.28,-272.218,NULL,0,0,4,0,100,0),
(241830,267,-7644.75,-1600.98,-271.924,NULL,0,0,4,0,100,0),
(241830,268,-7652.57,-1600.68,-271.303,NULL,0,0,4,0,100,0),
(241830,269,-7659.1,-1600.42,-271.071,NULL,0,0,4,0,100,0),
(241830,270,-7665.86,-1600.16,-271.448,NULL,0,0,4,0,100,0),
(241830,271,-7672.74,-1599.9,-272.009,NULL,0,0,4,0,100,0),
(241830,272,-7679.84,-1599.63,-272.215,NULL,0,0,4,0,100,0),
(241830,273,-7687.07,-1599.35,-272.169,NULL,0,0,4,0,100,0),
(241830,274,-7694.65,-1599.06,-271.957,NULL,0,0,3,0,100,0),
(241830,275,-7701.87,-1598.78,-271.708,NULL,0,0,4,0,100,0),
(241830,276,-7708.98,-1598.51,-271.312,NULL,0,0,4,0,100,0),
(241830,277,-7716.21,-1598.23,-270.736,NULL,0,0,4,0,100,0),
(241830,278,-7723.09,-1597.97,-270.543,NULL,0,0,4,0,100,0),
(241830,279,-7729.62,-1597.71,-271.124,NULL,0,0,4,0,100,0),
(241830,280,-7735.33,-1597.49,-271.633,NULL,0,0,4,0,100,0),
(241830,281,-7741.63,-1597.25,-271.277,NULL,0,0,3,0,100,0),
(241830,282,-7748.36,-1598.71,-270.346,NULL,0,0,4,0,100,0),
(241830,283,-7754.63,-1600.06,-269.986,NULL,0,0,4,0,100,0),
(241830,284,-7760.89,-1601.42,-270.232,NULL,0,0,4,0,100,0),
(241830,285,-7767.05,-1602.75,-270.845,NULL,0,0,4,0,100,0),
(241830,286,-7774.11,-1604.28,-271.408,NULL,0,0,4,0,100,0),
(241830,287,-7781.41,-1605.85,-271.521,NULL,0,0,4,0,100,0),
(241830,288,-7788.36,-1607.36,-271.404,NULL,0,0,4,0,100,0),
(241830,289,-7795.09,-1608.81,-271.199,NULL,0,0,4,0,100,0),
(241830,290,-7802.5,-1610.41,-270.926,NULL,0,0,4,0,100,0),
(241830,291,-7809.34,-1611.89,-270.294,NULL,0,0,4,0,100,0),
(241830,292,-7815.62,-1613.25,-269.485,NULL,0,0,4,0,100,0),

(241820,1,-6828.09,-1847.44,-272.222,2.74193,10000,0,3,0,100,0),
(241820,2,-6821.44,-1850.25,-271.045,NULL,0,0,4,0,100,0),
(241820,3,-6815.85,-1852.61,-270.902,NULL,0,0,4,0,100,0),
(241820,4,-6810.26,-1854.97,-272.025,NULL,0,0,4,0,100,0),
(241820,5,-6802.85,-1858.11,-272.222,NULL,0,0,4,0,100,0),
(241820,6,-6795.12,-1861.37,-272.222,NULL,0,0,4,0,100,0),
(241820,7,-6788.35,-1864.23,-272.02,NULL,0,0,4,0,100,0),
(241820,8,-6782.44,-1866.72,-271.444,NULL,0,0,4,0,100,0),
(241820,9,-6775.78,-1869.54,-271.093,NULL,0,0,4,0,100,0),
(241820,10,-6768.79,-1872.49,-271.728,NULL,0,0,4,0,100,0),
(241820,11,-6763.84,-1874.58,-271.798,NULL,0,0,4,0,100,0),
(241820,12,-6757.17,-1877.4,-271.264,NULL,0,0,4,0,100,0),
(241820,13,-6750.4,-1880.26,-271.618,NULL,0,0,4,0,100,0),
(241820,14,-6743.31,-1883.25,-272.088,NULL,0,0,3,0,100,0),
(241820,15,-6742.29,-1890.18,-271.856,NULL,0,0,4,0,100,0),
(241820,16,-6741.25,-1897.22,-271.624,NULL,0,0,4,0,100,0),
(241820,17,-6740.16,-1904.61,-271.315,NULL,0,0,4,0,100,0),
(241820,18,-6739.06,-1912.12,-271.202,NULL,0,0,4,0,100,0),
(241820,19,-6737.87,-1920.2,-271.628,NULL,0,0,4,0,100,0),
(241820,20,-6736.66,-1928.39,-271.866,NULL,0,0,4,0,100,0),
(241820,21,-6735.49,-1936.36,-272.113,NULL,0,0,4,0,100,0),
(241820,22,-6734.27,-1944.67,-272.184,NULL,0,0,4,0,100,0),
(241820,23,-6733.06,-1952.87,-272.197,NULL,0,0,3,0,100,0),
(241820,24,-6731.94,-1960.48,-272.104,NULL,0,0,4,0,100,0),
(241820,25,-6730.78,-1968.33,-271.695,NULL,0,0,4,0,100,0),
(241820,26,-6729.59,-1976.41,-271.323,NULL,0,0,4,0,100,0),
(241820,27,-6728.27,-1985.41,-271.329,NULL,0,0,4,0,100,0),
(241820,28,-6726.86,-1994.99,-271.786,NULL,0,0,4,0,100,0),
(241820,29,-6725.56,-2003.76,-272.087,NULL,0,0,4,0,100,0),
(241820,30,-6724.19,-2013.11,-271.84,NULL,0,0,3,0,100,0),
(241820,31,-6722.88,-2021.99,-271.574,NULL,0,0,4,0,100,0),
(241820,32,-6721.74,-2029.73,-271.704,NULL,0,0,4,0,100,0),
(241820,33,-6720.45,-2038.5,-272.095,NULL,0,0,4,0,100,0),
(241820,34,-6719.14,-2047.39,-272.202,NULL,0,0,4,0,100,0),
(241820,35,-6717.93,-2055.58,-271.44,NULL,0,0,4,0,100,0),
(241820,36,-6716.85,-2062.96,-270.822,NULL,0,0,4,0,100,0),
(241820,37,-6715.72,-2070.58,-270.664,NULL,0,0,4,0,100,0),
(241820,38,-6714.74,-2077.27,-271.299,NULL,0,0,4,0,100,0),
(241820,39,-6713.35,-2086.73,-272.155,NULL,0,0,3,0,100,0),
(241820,40,-6705.27,-2084.89,-271.921,NULL,0,0,4,0,100,0),
(241820,41,-6697.65,-2083.14,-271.948,NULL,0,0,4,0,100,0),
(241820,42,-6688.78,-2081.12,-272.1,NULL,0,0,4,0,100,0),
(241820,43,-6679.46,-2078.99,-272.117,NULL,0,0,4,0,100,0),
(241820,44,-6670.25,-2076.88,-271.983,NULL,0,0,4,0,100,0),
(241820,45,-6661.72,-2074.93,-271.703,NULL,0,0,4,0,100,0),
(241820,46,-6652.84,-2072.9,-271.514,NULL,0,0,4,0,100,0),
(241820,47,-6644.43,-2070.98,-271.706,NULL,0,0,4,0,100,0),
(241820,48,-6636.36,-2069.13,-272.096,NULL,0,0,4,0,100,0),
(241820,49,-6627.83,-2067.18,-271.459,NULL,0,0,3,0,100,0),
(241820,50,-6619.52,-2065.29,-270.727,NULL,0,0,4,0,100,0),
(241820,51,-6611.9,-2063.54,-270.393,NULL,0,0,4,0,100,0),
(241820,52,-6603.37,-2061.59,-270.97,NULL,0,0,4,0,100,0),
(241820,53,-6594.27,-2059.51,-271.798,NULL,0,0,4,0,100,0),
(241820,54,-6585.52,-2057.51,-271.361,NULL,0,0,4,0,100,0),
(241820,55,-6576.53,-2055.46,-270.804,NULL,0,0,4,0,100,0),
(241820,56,-6568.69,-2053.67,-271.202,NULL,0,0,4,0,100,0),
(241820,57,-6561.53,-2052.03,-271.941,NULL,0,0,4,0,100,0),
(241820,58,-6553.56,-2050.21,-272.093,NULL,0,0,3,0,100,0),
(241820,59,-6556.98,-2043.31,-271.967,NULL,0,0,4,0,100,0),
(241820,60,-6560.72,-2035.78,-271.802,NULL,0,0,4,0,100,0),
(241820,61,-6564.5,-2028.15,-271.62,NULL,0,0,4,0,100,0),
(241820,62,-6567.97,-2021.15,-270.903,NULL,0,0,4,0,100,0),
(241820,63,-6571.24,-2014.57,-271.046,NULL,0,0,4,0,100,0),
(241820,64,-6575.02,-2006.93,-272.109,NULL,0,0,4,0,100,0),
(241820,65,-6578.39,-2000.14,-271.839,NULL,0,0,4,0,100,0),
(241820,66,-6582.13,-1992.61,-271.773,NULL,0,0,4,0,100,0),
(241820,67,-6585.96,-1984.87,-271.622,NULL,0,0,4,0,100,0),
(241820,68,-6589.49,-1977.77,-271.1,NULL,0,0,3,0,100,0),
(241820,69,-6593.22,-1970.24,-271.082,NULL,0,0,4,0,100,0),
(241820,70,-6596.74,-1963.13,-271.408,NULL,0,0,4,0,100,0),
(241820,71,-6600.37,-1955.82,-271.952,NULL,0,0,4,0,100,0),
(241820,72,-6603.17,-1950.18,-272.292,NULL,0,0,4,0,100,0),
(241820,73,-6606.85,-1942.75,-272.261,NULL,0,0,4,0,100,0),
(241820,74,-6610.63,-1935.12,-272.162,NULL,0,0,4,0,100,0),
(241820,75,-6614.42,-1927.49,-271.894,NULL,0,0,4,0,100,0),
(241820,76,-6617.73,-1920.81,-271.708,NULL,0,0,4,0,100,0),
(241820,77,-6620.84,-1914.54,-271.707,NULL,0,0,3,0,100,0),
(241820,78,-6620.22,-1906.98,-271.978,NULL,0,0,4,0,100,0),
(241820,79,-6619.52,-1898.38,-272.323,NULL,0,0,4,0,100,0),
(241820,80,-6618.77,-1889.19,-272.43,NULL,0,0,4,0,100,0),
(241820,81,-6618,-1879.77,-272.096,NULL,0,0,4,0,100,0),
(241820,82,-6617.2,-1869.99,-271.943,NULL,0,0,4,0,100,0),
(241820,83,-6616.42,-1860.46,-272.102,NULL,0,0,4,0,100,0),
(241820,84,-6615.64,-1850.95,-272.205,NULL,0,0,3,0,100,0),
(241820,85,-6614.82,-1840.94,-272.221,NULL,0,0,4,0,100,0),
(241820,86,-6614.05,-1831.53,-272.206,NULL,0,0,4,0,100,0),
(241820,87,-6613.25,-1821.76,-271.969,NULL,0,0,4,0,100,0),
(241820,88,-6612.5,-1812.57,-271.918,NULL,0,0,4,0,100,0),
(241820,89,-6611.72,-1803.04,-272.108,NULL,0,0,4,0,100,0),
(241820,90,-6610.93,-1793.39,-272.188,NULL,0,0,3,0,100,0),
(241820,91,-6613.79,-1785.49,-272.222,NULL,0,0,4,0,100,0),
(241820,92,-6617.16,-1776.16,-271.97,NULL,0,0,4,0,100,0),
(241820,93,-6620.33,-1767.38,-271.745,NULL,0,0,4,0,100,0),
(241820,94,-6623.65,-1758.16,-272.003,NULL,0,0,4,0,100,0),
(241820,95,-6626.94,-1749.05,-272.174,NULL,0,0,4,0,100,0),
(241820,96,-6630.51,-1739.18,-272.115,NULL,0,0,4,0,100,0),
(241820,97,-6633.83,-1729.96,-272.136,NULL,0,0,4,0,100,0),
(241820,98,-6637.2,-1720.63,-272.187,NULL,0,0,3,0,100,0),
(241820,99,-6640.61,-1711.2,-271.869,NULL,0,0,4,0,100,0),
(241820,100,-6643.82,-1702.31,-271.822,NULL,0,0,4,0,100,0),
(241820,101,-6647.32,-1692.6,-272.106,NULL,0,0,4,0,100,0),
(241820,102,-6650.81,-1682.94,-272.221,NULL,0,0,4,0,100,0),
(241820,103,-6654.18,-1673.61,-272.221,NULL,0,0,4,0,100,0),
(241820,104,-6657.74,-1663.74,-272.154,NULL,0,0,4,0,100,0),
(241820,105,-6661.14,-1654.31,-272.101,NULL,0,0,4,0,100,0),
(241820,106,-6664.87,-1644,-272.177,NULL,0,0,4,0,100,0),
(241820,107,-6668.55,-1633.8,-272.221,NULL,0,0,3,0,100,0),
(241820,108,-6659.5,-1630.04,-272.192,NULL,0,0,4,0,100,0),
(241820,109,-6650.88,-1626.46,-272.091,NULL,0,0,4,0,100,0),
(241820,110,-6641.93,-1622.75,-272.07,NULL,0,0,4,0,100,0),
(241820,111,-6633.42,-1619.21,-272.114,NULL,0,0,4,0,100,0),
(241820,112,-6624.15,-1615.36,-272.1,NULL,0,0,4,0,100,0),
(241820,113,-6614.78,-1611.47,-271.903,NULL,0,0,4,0,100,0),
(241820,114,-6605.19,-1607.49,-271.768,NULL,0,0,4,0,100,0),
(241820,115,-6595.71,-1603.55,-271.959,NULL,0,0,4,0,100,0),
(241820,116,-6586.12,-1599.57,-272.128,NULL,0,0,4,0,100,0),
(241820,117,-6577.28,-1595.9,-272.03,NULL,0,0,4,0,100,0),
(241820,118,-6568.11,-1592.09,-272.167,NULL,0,0,4,0,100,0),
(241820,119,-6559.6,-1588.56,-272.193,NULL,10000,0,3,0,100,0),
(241820,120,-6568.11,-1592.09,-272.167,NULL,0,0,4,0,100,0),
(241820,121,-6577.28,-1595.9,-272.03,NULL,0,0,4,0,100,0),
(241820,122,-6586.12,-1599.57,-272.128,NULL,0,0,4,0,100,0),
(241820,123,-6595.71,-1603.55,-271.959,NULL,0,0,4,0,100,0),
(241820,124,-6605.19,-1607.49,-271.768,NULL,0,0,4,0,100,0),
(241820,125,-6614.78,-1611.47,-271.903,NULL,0,0,4,0,100,0),
(241820,126,-6624.15,-1615.36,-272.1,NULL,0,0,4,0,100,0),
(241820,127,-6633.42,-1619.21,-272.114,NULL,0,0,4,0,100,0),
(241820,128,-6641.93,-1622.75,-272.07,NULL,0,0,4,0,100,0),
(241820,129,-6650.88,-1626.46,-272.091,NULL,0,0,4,0,100,0),
(241820,130,-6659.5,-1630.04,-272.192,NULL,0,0,4,0,100,0),
(241820,131,-6668.55,-1633.8,-272.221,NULL,0,0,3,0,100,0),
(241820,132,-6664.87,-1644,-272.177,NULL,0,0,4,0,100,0),
(241820,133,-6661.14,-1654.31,-272.101,NULL,0,0,4,0,100,0),
(241820,134,-6657.74,-1663.74,-272.154,NULL,0,0,4,0,100,0),
(241820,135,-6654.18,-1673.61,-272.221,NULL,0,0,4,0,100,0),
(241820,136,-6650.81,-1682.94,-272.221,NULL,0,0,4,0,100,0),
(241820,137,-6647.32,-1692.6,-272.106,NULL,0,0,4,0,100,0),
(241820,138,-6643.82,-1702.31,-271.822,NULL,0,0,4,0,100,0),
(241820,139,-6640.61,-1711.2,-271.869,NULL,0,0,4,0,100,0),
(241820,140,-6637.2,-1720.63,-272.187,NULL,0,0,3,0,100,0),
(241820,141,-6633.83,-1729.96,-272.136,NULL,0,0,4,0,100,0),
(241820,142,-6630.51,-1739.18,-272.115,NULL,0,0,4,0,100,0),
(241820,143,-6626.94,-1749.05,-272.174,NULL,0,0,4,0,100,0),
(241820,144,-6623.65,-1758.16,-272.003,NULL,0,0,4,0,100,0),
(241820,145,-6620.33,-1767.38,-271.745,NULL,0,0,4,0,100,0),
(241820,146,-6617.16,-1776.16,-271.97,NULL,0,0,4,0,100,0),
(241820,147,-6613.79,-1785.49,-272.222,NULL,0,0,4,0,100,0),
(241820,148,-6610.93,-1793.39,-272.188,NULL,0,0,3,0,100,0),
(241820,149,-6611.72,-1803.04,-272.108,NULL,0,0,4,0,100,0),
(241820,150,-6612.5,-1812.57,-271.918,NULL,0,0,4,0,100,0),
(241820,151,-6613.25,-1821.76,-271.969,NULL,0,0,4,0,100,0),
(241820,152,-6614.05,-1831.53,-272.206,NULL,0,0,4,0,100,0),
(241820,153,-6614.82,-1840.94,-272.221,NULL,0,0,4,0,100,0),
(241820,154,-6615.64,-1850.95,-272.205,NULL,0,0,3,0,100,0),
(241820,155,-6616.42,-1860.46,-272.102,NULL,0,0,4,0,100,0),
(241820,156,-6617.2,-1869.99,-271.943,NULL,0,0,4,0,100,0),
(241820,157,-6618,-1879.77,-272.096,NULL,0,0,4,0,100,0),
(241820,158,-6618.77,-1889.19,-272.43,NULL,0,0,4,0,100,0),
(241820,159,-6619.52,-1898.38,-272.323,NULL,0,0,4,0,100,0),
(241820,160,-6620.22,-1906.98,-271.978,NULL,0,0,4,0,100,0),
(241820,161,-6620.84,-1914.54,-271.707,NULL,0,0,3,0,100,0),
(241820,162,-6617.73,-1920.81,-271.708,NULL,0,0,4,0,100,0),
(241820,163,-6614.42,-1927.49,-271.894,NULL,0,0,4,0,100,0),
(241820,164,-6610.63,-1935.12,-272.162,NULL,0,0,4,0,100,0),
(241820,165,-6606.85,-1942.75,-272.261,NULL,0,0,4,0,100,0),
(241820,166,-6603.17,-1950.18,-272.292,NULL,0,0,4,0,100,0),
(241820,167,-6600.37,-1955.82,-271.952,NULL,0,0,4,0,100,0),
(241820,168,-6596.74,-1963.13,-271.408,NULL,0,0,4,0,100,0),
(241820,169,-6593.22,-1970.24,-271.082,NULL,0,0,4,0,100,0),
(241820,170,-6589.49,-1977.77,-271.1,NULL,0,0,3,0,100,0),
(241820,171,-6585.96,-1984.87,-271.622,NULL,0,0,4,0,100,0),
(241820,172,-6582.13,-1992.61,-271.773,NULL,0,0,4,0,100,0),
(241820,173,-6578.39,-2000.14,-271.839,NULL,0,0,4,0,100,0),
(241820,174,-6575.02,-2006.93,-272.109,NULL,0,0,4,0,100,0),
(241820,175,-6571.24,-2014.57,-271.046,NULL,0,0,4,0,100,0),
(241820,176,-6567.97,-2021.15,-270.903,NULL,0,0,4,0,100,0),
(241820,177,-6564.5,-2028.15,-271.62,NULL,0,0,4,0,100,0),
(241820,178,-6560.72,-2035.78,-271.802,NULL,0,0,4,0,100,0),
(241820,179,-6556.98,-2043.31,-271.967,NULL,0,0,4,0,100,0),
(241820,180,-6553.56,-2050.21,-272.093,NULL,0,0,3,0,100,0),
(241820,181,-6561.53,-2052.03,-271.941,NULL,0,0,4,0,100,0),
(241820,182,-6568.69,-2053.67,-271.202,NULL,0,0,4,0,100,0),
(241820,183,-6576.53,-2055.46,-270.804,NULL,0,0,4,0,100,0),
(241820,184,-6585.52,-2057.51,-271.361,NULL,0,0,4,0,100,0),
(241820,185,-6594.27,-2059.51,-271.798,NULL,0,0,4,0,100,0),
(241820,186,-6603.37,-2061.59,-270.97,NULL,0,0,4,0,100,0),
(241820,187,-6611.9,-2063.54,-270.393,NULL,0,0,4,0,100,0),
(241820,188,-6619.52,-2065.29,-270.727,NULL,0,0,4,0,100,0),
(241820,189,-6627.83,-2067.18,-271.459,NULL,0,0,3,0,100,0),
(241820,190,-6636.36,-2069.13,-272.096,NULL,0,0,4,0,100,0),
(241820,191,-6644.43,-2070.98,-271.706,NULL,0,0,4,0,100,0),
(241820,192,-6652.84,-2072.9,-271.514,NULL,0,0,4,0,100,0),
(241820,193,-6661.72,-2074.93,-271.703,NULL,0,0,4,0,100,0),
(241820,194,-6670.25,-2076.88,-271.983,NULL,0,0,4,0,100,0),
(241820,195,-6679.46,-2078.99,-272.117,NULL,0,0,4,0,100,0),
(241820,196,-6688.78,-2081.12,-272.1,NULL,0,0,4,0,100,0),
(241820,197,-6697.65,-2083.14,-271.948,NULL,0,0,4,0,100,0),
(241820,198,-6705.27,-2084.89,-271.921,NULL,0,0,4,0,100,0),
(241820,199,-6713.35,-2086.73,-272.155,NULL,0,0,3,0,100,0),
(241820,200,-6714.74,-2077.27,-271.299,NULL,0,0,4,0,100,0),
(241820,201,-6715.72,-2070.58,-270.664,NULL,0,0,4,0,100,0),
(241820,202,-6716.85,-2062.96,-270.822,NULL,0,0,4,0,100,0),
(241820,203,-6717.93,-2055.58,-271.44,NULL,0,0,4,0,100,0),
(241820,204,-6719.14,-2047.39,-272.202,NULL,0,0,4,0,100,0),
(241820,205,-6720.45,-2038.5,-272.095,NULL,0,0,4,0,100,0),
(241820,206,-6721.74,-2029.73,-271.704,NULL,0,0,4,0,100,0),
(241820,207,-6722.88,-2021.99,-271.574,NULL,0,0,4,0,100,0),
(241820,208,-6724.19,-2013.11,-271.84,NULL,0,0,3,0,100,0),
(241820,209,-6725.56,-2003.76,-272.087,NULL,0,0,4,0,100,0),
(241820,210,-6726.86,-1994.99,-271.786,NULL,0,0,4,0,100,0),
(241820,211,-6728.27,-1985.41,-271.329,NULL,0,0,4,0,100,0),
(241820,212,-6729.59,-1976.41,-271.323,NULL,0,0,4,0,100,0),
(241820,213,-6730.78,-1968.33,-271.695,NULL,0,0,4,0,100,0),
(241820,214,-6731.94,-1960.48,-272.104,NULL,0,0,4,0,100,0),
(241820,215,-6733.06,-1952.87,-272.197,NULL,0,0,3,0,100,0),
(241820,216,-6734.27,-1944.67,-272.184,NULL,0,0,4,0,100,0),
(241820,217,-6735.49,-1936.36,-272.113,NULL,0,0,4,0,100,0),
(241820,218,-6736.66,-1928.39,-271.866,NULL,0,0,4,0,100,0),
(241820,219,-6737.87,-1920.2,-271.628,NULL,0,0,4,0,100,0),
(241820,220,-6739.06,-1912.12,-271.202,NULL,0,0,4,0,100,0),
(241820,221,-6740.16,-1904.61,-271.315,NULL,0,0,4,0,100,0),
(241820,222,-6741.25,-1897.22,-271.624,NULL,0,0,4,0,100,0),
(241820,223,-6742.29,-1890.18,-271.856,NULL,0,0,4,0,100,0),
(241820,224,-6743.31,-1883.25,-272.088,NULL,0,0,3,0,100,0),
(241820,225,-6750.4,-1880.26,-271.618,NULL,0,0,4,0,100,0),
(241820,226,-6757.17,-1877.4,-271.264,NULL,0,0,4,0,100,0),
(241820,227,-6763.84,-1874.58,-271.798,NULL,0,0,4,0,100,0),
(241820,228,-6768.79,-1872.49,-271.728,NULL,0,0,4,0,100,0),
(241820,229,-6775.78,-1869.54,-271.093,NULL,0,0,4,0,100,0),
(241820,230,-6782.44,-1866.72,-271.444,NULL,0,0,4,0,100,0),
(241820,231,-6788.35,-1864.23,-272.02,NULL,0,0,4,0,100,0),
(241820,232,-6795.12,-1861.37,-272.222,NULL,0,0,4,0,100,0),
(241820,233,-6802.85,-1858.11,-272.222,NULL,0,0,4,0,100,0),
(241820,234,-6810.26,-1854.97,-272.025,NULL,0,0,4,0,100,0),
(241820,235,-6815.85,-1852.61,-270.902,NULL,0,0,4,0,100,0),
(241820,236,-6821.44,-1850.25,-271.045,NULL,0,0,4,0,100,0),

(241810,1,-6782.55,-2216.16,-272.002,0.007707,10000,0,3,0,100,0),
(241810,2,-6795.51,-2216.26,-271.997,NULL,0,0,4,0,100,0),
(241810,3,-6805.54,-2216.34,-272.122,NULL,0,0,4,0,100,0),
(241810,4,-6814.99,-2216.41,-272.101,NULL,0,0,4,0,100,0),
(241810,5,-6825.72,-2216.49,-272.121,NULL,0,0,4,0,100,0),
(241810,6,-6836.34,-2216.57,-272.151,NULL,0,0,4,0,100,0),
(241810,7,-6846.84,-2216.66,-272.139,NULL,0,0,4,0,100,0),
(241810,8,-6858.73,-2216.75,-272.133,NULL,0,0,4,0,100,0),
(241810,9,-6869.46,-2216.83,-272.018,NULL,0,0,4,0,100,0),
(241810,10,-6881.13,-2216.92,-272.004,NULL,0,0,4,0,100,0),
(241810,11,-6893.26,-2217.01,-272.12,NULL,0,0,3,0,100,0),
(241810,12,-6902.49,-2219.54,-272.213,NULL,0,0,4,0,100,0),
(241810,13,-6912.39,-2222.24,-272.219,NULL,0,0,4,0,100,0),
(241810,14,-6923.99,-2225.41,-272.215,NULL,0,0,4,0,100,0),
(241810,15,-6934.91,-2228.4,-272.221,NULL,0,0,4,0,100,0),
(241810,16,-6943.91,-2230.86,-272.497,NULL,0,0,4,0,100,0),
(241810,17,-6952.47,-2233.2,-273.945,NULL,0,0,4,0,100,0),
(241810,18,-6960.91,-2235.51,-274.93,NULL,0,0,4,0,100,0),
(241810,19,-6969.69,-2237.91,-274.921,NULL,0,0,4,0,100,0),
(241810,20,-6977.91,-2240.16,-273.685,NULL,0,0,3,0,100,0),
(241810,21,-6987.13,-2242.68,-273.385,NULL,0,0,4,0,100,0),
(241810,22,-6997.37,-2245.48,-273.022,NULL,0,0,4,0,100,0),
(241810,23,-7004.68,-2247.48,-271.995,NULL,0,0,4,0,100,0),
(241810,24,-7012,-2249.48,-271.509,NULL,0,0,4,0,100,0),
(241810,25,-7021.67,-2252.12,-271.149,NULL,0,0,4,0,100,0),
(241810,26,-7031.23,-2254.74,-270.953,NULL,0,0,4,0,100,0),
(241810,27,-7041.03,-2257.41,-270.939,NULL,0,0,4,0,100,0),
(241810,28,-7051.15,-2260.18,-270.96,NULL,0,0,3,0,100,0),
(241810,29,-7059.8,-2256.36,-271.211,NULL,0,0,4,0,100,0),
(241810,30,-7068.12,-2252.68,-271.44,NULL,0,0,4,0,100,0),
(241810,31,-7076.87,-2248.81,-271.412,NULL,0,0,4,0,100,0),
(241810,32,-7085.72,-2244.89,-271.156,NULL,0,0,4,0,100,0),
(241810,33,-7093.94,-2241.26,-270.953,NULL,0,0,4,0,100,0),
(241810,34,-7102.69,-2237.39,-270.958,NULL,0,0,4,0,100,0),
(241810,35,-7111.22,-2233.62,-270.989,NULL,0,0,4,0,100,0),
(241810,36,-7119.65,-2229.89,-270.982,NULL,0,0,3,0,100,0),
(241810,37,-7127.97,-2226.21,-270.92,NULL,0,0,4,0,100,0),
(241810,38,-7133.32,-2223.84,-271.087,NULL,0,0,4,0,100,0),
(241810,39,-7138.97,-2221.34,-272.198,NULL,0,0,4,0,100,0),
(241810,40,-7154.09,-2214.66,-275.039,NULL,0,0,4,0,100,0),
(241810,41,-7164.6,-2210.01,-275.039,NULL,0,0,4,0,100,0),
(241810,42,-7175.18,-2205.33,-274.36,NULL,0,0,4,0,100,0),
(241810,43,-7180.94,-2202.78,-272.572,NULL,0,0,3,0,100,0),
(241810,44,-7183.06,-2195.38,-271.934,NULL,0,0,4,0,100,0),
(241810,45,-7185.33,-2187.41,-271.586,NULL,0,0,4,0,100,0),
(241810,46,-7187.71,-2179.12,-270.986,NULL,0,0,4,0,100,0),
(241810,47,-7190.15,-2170.59,-270.458,NULL,0,0,4,0,100,0),
(241810,48,-7192.65,-2161.84,-270.597,NULL,0,0,4,0,100,0),
(241810,49,-7195.15,-2153.09,-270.651,NULL,0,0,4,0,100,0),
(241810,50,-7197.62,-2144.46,-270.932,NULL,0,0,4,0,100,0),
(241810,51,-7200.16,-2135.59,-271.209,NULL,0,0,4,0,100,0),
(241810,52,-7202.54,-2127.28,-271.794,NULL,0,0,4,0,100,0),
(241810,53,-7204.88,-2119.1,-271.988,NULL,0,0,3,0,100,0),
(241810,54,-7214.25,-2114.91,-272.218,NULL,0,0,4,0,100,0),
(241810,55,-7222.88,-2111.05,-272.222,NULL,0,0,4,0,100,0),
(241810,56,-7231.51,-2107.2,-272.222,NULL,0,0,4,0,100,0),
(241810,57,-7240.56,-2103.15,-272.222,NULL,0,0,4,0,100,0),
(241810,58,-7249.19,-2099.29,-272.835,NULL,0,0,4,0,100,0),
(241810,59,-7258.03,-2095.34,-272.469,NULL,0,0,4,0,100,0),
(241810,60,-7266.87,-2091.39,-272.196,NULL,0,0,4,0,100,0),
(241810,61,-7275.39,-2087.58,-271.893,NULL,0,0,3,0,100,0),
(241810,62,-7283.39,-2084.01,-271.383,NULL,0,0,4,0,100,0),
(241810,63,-7290.95,-2080.63,-270.83,NULL,0,0,4,0,100,0),
(241810,64,-7298.73,-2077.15,-270.842,NULL,0,0,4,0,100,0),
(241810,65,-7306.4,-2073.72,-270.454,NULL,0,0,4,0,100,0),
(241810,66,-7313.65,-2070.48,-269.495,NULL,0,0,4,0,100,0),
(241810,67,-7321.32,-2067.05,-269.975,NULL,0,0,4,0,100,0),
(241810,68,-7328.25,-2063.96,-271.692,NULL,0,0,4,0,100,0),
(241810,69,-7336.98,-2060.05,-272.406,NULL,0,0,3,0,100,0),
(241810,70,-7344.37,-2054.73,-272.036,NULL,0,0,4,0,100,0),
(241810,71,-7351.75,-2049.41,-272.489,NULL,0,0,4,0,100,0),
(241810,72,-7358.85,-2044.29,-271.882,NULL,0,0,4,0,100,0),
(241810,73,-7365.09,-2039.79,-271.276,NULL,0,0,4,0,100,0),
(241810,74,-7372.09,-2034.74,-271.456,NULL,0,0,4,0,100,0),
(241810,75,-7378.34,-2030.24,-271.575,NULL,0,0,4,0,100,0),
(241810,76,-7384.78,-2025.6,-271.63,NULL,0,0,4,0,100,0),
(241810,77,-7392.06,-2020.35,-271.695,NULL,0,0,3,0,100,0),
(241810,78,-7393.04,-2010.37,-271.365,NULL,0,0,4,0,100,0),
(241810,79,-7393.96,-2001.08,-271.156,NULL,0,0,4,0,100,0),
(241810,80,-7394.87,-1991.79,-271.074,NULL,0,0,4,0,100,0),
(241810,81,-7395.7,-1983.32,-270.947,NULL,0,0,3,0,100,0),
(241810,82,-7399.71,-1974.25,-270.829,NULL,0,0,4,0,100,0),
(241810,83,-7403.39,-1965.92,-271.296,NULL,0,0,4,0,100,0),
(241810,84,-7407.21,-1957.28,-272,NULL,0,0,4,0,100,0),
(241810,85,-7410.65,-1949.49,-271.634,NULL,0,0,4,0,100,0),
(241810,86,-7414.14,-1941.59,-270.849,NULL,0,0,4,0,100,0),
(241810,87,-7417.63,-1933.7,-270.138,NULL,0,0,4,0,100,0),
(241810,88,-7421.02,-1926.03,-269.883,NULL,0,0,4,0,100,0),
(241810,89,-7424.13,-1918.98,-270.324,NULL,0,0,3,0,100,0),
(241810,90,-7427.34,-1911.73,-271.352,NULL,0,0,4,0,100,0),
(241810,91,-7430.74,-1904.05,-272.233,NULL,0,0,4,0,100,0),
(241810,92,-7434.17,-1896.26,-272.322,NULL,0,0,4,0,100,0),
(241810,93,-7438,-1887.61,-272.177,NULL,0,0,4,0,100,0),
(241810,94,-7441.77,-1879.08,-272.151,NULL,0,0,4,0,100,0),
(241810,95,-7445.07,-1871.61,-272.142,NULL,0,0,4,0,100,0),
(241810,96,-7448.7,-1863.39,-272.186,NULL,0,0,4,0,100,0),
(241810,97,-7452.42,-1854.97,-272.222,NULL,0,0,4,0,100,0),
(241810,98,-7455.35,-1848.34,-272.222,NULL,0,0,3,0,100,0),
(241810,99,-7449.9,-1841.48,-272.222,NULL,0,0,4,0,100,0),
(241810,100,-7444.32,-1834.46,-272.222,NULL,0,0,4,0,100,0),
(241810,101,-7438.37,-1826.97,-272.015,NULL,0,0,4,0,100,0),
(241810,102,-7432.92,-1820.11,-271.166,NULL,0,0,4,0,100,0),
(241810,103,-7427.99,-1813.9,-270.295,NULL,0,0,4,0,100,0),
(241810,104,-7423.27,-1807.97,-269.763,NULL,0,0,4,0,100,0),
(241810,105,-7418.18,-1801.56,-269.451,NULL,0,0,4,0,100,0),
(241810,106,-7414.06,-1796.37,-269.659,NULL,0,0,4,0,100,0),
(241810,107,-7409.42,-1790.53,-270.385,NULL,0,0,4,0,100,0),
(241810,108,-7403.47,-1783.04,-271.934,NULL,10000,0,3,0,100,0),
(241810,109,-7409.42,-1790.53,-270.385,NULL,0,0,4,0,100,0),
(241810,110,-7414.06,-1796.37,-269.659,NULL,0,0,4,0,100,0),
(241810,111,-7418.18,-1801.56,-269.451,NULL,0,0,4,0,100,0),
(241810,112,-7423.27,-1807.97,-269.763,NULL,0,0,4,0,100,0),
(241810,113,-7427.99,-1813.9,-270.295,NULL,0,0,4,0,100,0),
(241810,114,-7432.92,-1820.11,-271.166,NULL,0,0,4,0,100,0),
(241810,115,-7438.37,-1826.97,-272.015,NULL,0,0,4,0,100,0),
(241810,116,-7444.32,-1834.46,-272.222,NULL,0,0,4,0,100,0),
(241810,117,-7449.9,-1841.48,-272.222,NULL,0,0,4,0,100,0),
(241810,118,-7455.35,-1848.34,-272.222,NULL,0,0,3,0,100,0),
(241810,119,-7452.42,-1854.97,-272.222,NULL,0,0,4,0,100,0),
(241810,120,-7448.7,-1863.39,-272.186,NULL,0,0,4,0,100,0),
(241810,121,-7445.07,-1871.61,-272.142,NULL,0,0,4,0,100,0),
(241810,122,-7441.77,-1879.08,-272.151,NULL,0,0,4,0,100,0),
(241810,123,-7438,-1887.61,-272.177,NULL,0,0,4,0,100,0),
(241810,124,-7434.17,-1896.26,-272.322,NULL,0,0,4,0,100,0),
(241810,125,-7430.74,-1904.05,-272.233,NULL,0,0,4,0,100,0),
(241810,126,-7427.34,-1911.73,-271.352,NULL,0,0,4,0,100,0),
(241810,127,-7424.13,-1918.98,-270.324,NULL,0,0,3,0,100,0),
(241810,128,-7421.02,-1926.03,-269.883,NULL,0,0,4,0,100,0),
(241810,129,-7417.63,-1933.7,-270.138,NULL,0,0,4,0,100,0),
(241810,130,-7414.14,-1941.59,-270.849,NULL,0,0,4,0,100,0),
(241810,131,-7410.65,-1949.49,-271.634,NULL,0,0,4,0,100,0),
(241810,132,-7407.21,-1957.28,-272,NULL,0,0,4,0,100,0),
(241810,133,-7403.39,-1965.92,-271.296,NULL,0,0,4,0,100,0),
(241810,134,-7399.71,-1974.25,-270.829,NULL,0,0,4,0,100,0),
(241810,135,-7395.7,-1983.32,-270.947,NULL,0,0,3,0,100,0),
(241810,136,-7394.87,-1991.79,-271.074,NULL,0,0,4,0,100,0),
(241810,137,-7393.96,-2001.08,-271.156,NULL,0,0,4,0,100,0),
(241810,138,-7393.04,-2010.37,-271.365,NULL,0,0,4,0,100,0),
(241810,139,-7392.06,-2020.35,-271.695,NULL,0,0,3,0,100,0),
(241810,140,-7384.78,-2025.6,-271.63,NULL,0,0,4,0,100,0),
(241810,141,-7378.34,-2030.24,-271.575,NULL,0,0,4,0,100,0),
(241810,142,-7372.09,-2034.74,-271.456,NULL,0,0,4,0,100,0),
(241810,143,-7365.09,-2039.79,-271.276,NULL,0,0,4,0,100,0),
(241810,144,-7358.85,-2044.29,-271.882,NULL,0,0,4,0,100,0),
(241810,145,-7351.75,-2049.41,-272.489,NULL,0,0,4,0,100,0),
(241810,146,-7344.37,-2054.73,-272.036,NULL,0,0,4,0,100,0),
(241810,147,-7336.98,-2060.05,-272.406,NULL,0,0,3,0,100,0),
(241810,148,-7328.25,-2063.96,-271.692,NULL,0,0,4,0,100,0),
(241810,149,-7321.32,-2067.05,-269.975,NULL,0,0,4,0,100,0),
(241810,150,-7313.65,-2070.48,-269.495,NULL,0,0,4,0,100,0),
(241810,151,-7306.4,-2073.72,-270.454,NULL,0,0,4,0,100,0),
(241810,152,-7298.73,-2077.15,-270.842,NULL,0,0,4,0,100,0),
(241810,153,-7290.95,-2080.63,-270.83,NULL,0,0,4,0,100,0),
(241810,154,-7283.39,-2084.01,-271.383,NULL,0,0,4,0,100,0),
(241810,155,-7275.39,-2087.58,-271.893,NULL,0,0,3,0,100,0),
(241810,156,-7266.87,-2091.39,-272.196,NULL,0,0,4,0,100,0),
(241810,157,-7258.03,-2095.34,-272.469,NULL,0,0,4,0,100,0),
(241810,158,-7249.19,-2099.29,-272.835,NULL,0,0,4,0,100,0),
(241810,159,-7240.56,-2103.15,-272.222,NULL,0,0,4,0,100,0),
(241810,160,-7231.51,-2107.2,-272.222,NULL,0,0,4,0,100,0),
(241810,161,-7222.88,-2111.05,-272.222,NULL,0,0,4,0,100,0),
(241810,162,-7214.25,-2114.91,-272.218,NULL,0,0,4,0,100,0),
(241810,163,-7204.88,-2119.1,-271.988,NULL,0,0,3,0,100,0),
(241810,164,-7202.54,-2127.28,-271.794,NULL,0,0,4,0,100,0),
(241810,165,-7200.16,-2135.59,-271.209,NULL,0,0,4,0,100,0),
(241810,166,-7197.62,-2144.46,-270.932,NULL,0,0,4,0,100,0),
(241810,167,-7195.15,-2153.09,-270.651,NULL,0,0,4,0,100,0),
(241810,168,-7192.65,-2161.84,-270.597,NULL,0,0,4,0,100,0),
(241810,169,-7190.15,-2170.59,-270.458,NULL,0,0,4,0,100,0),
(241810,170,-7187.71,-2179.12,-270.986,NULL,0,0,4,0,100,0),
(241810,171,-7185.33,-2187.41,-271.586,NULL,0,0,4,0,100,0),
(241810,172,-7183.06,-2195.38,-271.934,NULL,0,0,4,0,100,0),
(241810,173,-7180.94,-2202.78,-272.572,NULL,0,0,3,0,100,0),
(241810,174,-7175.18,-2205.33,-274.36,NULL,0,0,4,0,100,0),
(241810,175,-7164.6,-2210.01,-275.039,NULL,0,0,4,0,100,0),
(241810,176,-7154.09,-2214.66,-275.039,NULL,0,0,4,0,100,0),
(241810,177,-7138.97,-2221.34,-272.198,NULL,0,0,4,0,100,0),
(241810,178,-7133.32,-2223.84,-271.087,NULL,0,0,4,0,100,0),
(241810,179,-7127.97,-2226.21,-270.92,NULL,0,0,4,0,100,0),
(241810,180,-7119.65,-2229.89,-270.982,NULL,0,0,3,0,100,0),
(241810,181,-7111.22,-2233.62,-270.989,NULL,0,0,4,0,100,0),
(241810,182,-7102.69,-2237.39,-270.958,NULL,0,0,4,0,100,0),
(241810,183,-7093.94,-2241.26,-270.953,NULL,0,0,4,0,100,0),
(241810,184,-7085.72,-2244.89,-271.156,NULL,0,0,4,0,100,0),
(241810,185,-7076.87,-2248.81,-271.412,NULL,0,0,4,0,100,0),
(241810,186,-7068.12,-2252.68,-271.44,NULL,0,0,4,0,100,0),
(241810,187,-7059.8,-2256.36,-271.211,NULL,0,0,4,0,100,0),
(241810,188,-7051.15,-2260.18,-270.96,NULL,0,0,3,0,100,0),
(241810,189,-7041.03,-2257.41,-270.939,NULL,0,0,4,0,100,0),
(241810,190,-7031.23,-2254.74,-270.953,NULL,0,0,4,0,100,0),
(241810,191,-7021.67,-2252.12,-271.149,NULL,0,0,4,0,100,0),
(241810,192,-7012,-2249.48,-271.509,NULL,0,0,4,0,100,0),
(241810,193,-7004.68,-2247.48,-271.995,NULL,0,0,4,0,100,0),
(241810,194,-6997.37,-2245.48,-273.022,NULL,0,0,4,0,100,0),
(241810,195,-6987.13,-2242.68,-273.385,NULL,0,0,4,0,100,0),
(241810,196,-6977.91,-2240.16,-273.685,NULL,0,0,3,0,100,0),
(241810,197,-6969.69,-2237.91,-274.921,NULL,0,0,4,0,100,0),
(241810,198,-6960.91,-2235.51,-274.93,NULL,0,0,4,0,100,0),
(241810,199,-6952.47,-2233.2,-273.945,NULL,0,0,4,0,100,0),
(241810,200,-6943.91,-2230.86,-272.497,NULL,0,0,4,0,100,0),
(241810,201,-6934.91,-2228.4,-272.221,NULL,0,0,4,0,100,0),
(241810,202,-6923.99,-2225.41,-272.215,NULL,0,0,4,0,100,0),
(241810,203,-6912.39,-2222.24,-272.219,NULL,0,0,4,0,100,0),
(241810,204,-6902.49,-2219.54,-272.213,NULL,0,0,4,0,100,0),
(241810,205,-6893.26,-2217.01,-272.12,NULL,0,0,3,0,100,0),
(241810,206,-6881.13,-2216.92,-272.004,NULL,0,0,4,0,100,0),
(241810,207,-6869.46,-2216.83,-272.018,NULL,0,0,4,0,100,0),
(241810,208,-6858.73,-2216.75,-272.133,NULL,0,0,4,0,100,0),
(241810,209,-6846.84,-2216.66,-272.139,NULL,0,0,4,0,100,0),
(241810,210,-6836.34,-2216.57,-272.151,NULL,0,0,4,0,100,0),
(241810,211,-6825.72,-2216.49,-272.121,NULL,0,0,4,0,100,0),
(241810,212,-6814.99,-2216.41,-272.101,NULL,0,0,4,0,100,0),
(241810,213,-6805.54,-2216.34,-272.122,NULL,0,0,4,0,100,0),
(241810,214,-6795.51,-2216.26,-271.997,NULL,0,0,4,0,100,0);
